<?xml version="1.0" encoding="UTF-8"?>
<kml xmlns="http://www.opengis.net/kml/2.2">
  <Document id="root_doc">
    <Schema id="Bioregions_PA12.schema">
      <SimpleField name="OBJECTID" type="float"/>
      <SimpleField name="Shape_Leng" type="float"/>
      <SimpleField name="Shape_Area" type="float"/>
      <SimpleField name="Bioregions" type="string"/>
    </Schema>
    <Document id="Bioregions_PA12">
      <name>Bioregions_PA12</name>
      <Placemark id="Bioregions_PA12.1">
        <ExtendedData>
          <SchemaData schemaUrl="#Bioregions_PA12.schema">
            <SimpleData name="OBJECTID">165</SimpleData>
            <SimpleData name="Shape_Leng">225.36141474300</SimpleData>
            <SimpleData name="Shape_Area">255.89207112600</SimpleData>
            <SimpleData name="Bioregions">PA12</SimpleData>
          </SchemaData>
        </ExtendedData>
        <Polygon>
          <outerBoundaryIs>
            <LinearRing>
              <coordinates>
                57.5484981440001,56.957444912,0
                57.663058424,56.850586992,0
                57.731741352,56.850660314,0
                57.8162762410001,56.850750625,0
                57.873113431,56.8280863670001,0
                57.9087753140001,56.813866186,0
                57.9517997070001,56.794364731,0
                58.0250684230001,56.7611549750001,0
                58.0938035340001,56.7136771900001,0
                58.167834225,56.65563819,0
                58.3158560950001,56.5765444900001,0
                58.4559300970001,56.5185760460001,0
                58.5616342540001,56.484346778,0
                58.699055989,56.4369422830001,0
                58.725567192,56.3489131580001,0
                58.8022863680001,56.2468482690001,0
                58.828784727,56.1702663030001,0
                58.7468913230001,56.1701786960001,0
                58.688773354,56.1701166070001,0
                58.614822358,56.1541873030001,0
                58.577886209,56.1092385480001,0
                58.567378573,56.053751016,0
                58.617633454,55.9956866690001,0
                58.6916469350001,55.9534980770001,0
                58.776232963,55.9060373230001,0
                58.871346384,55.89557202,0
                58.9559408790001,55.8401860870001,0
                59.0220658710001,55.763646593,0
                59.0009965840001,55.7028641960001,0
                58.9402566040001,55.684307157,0
                58.8953472640001,55.684259179,0
                58.8583631020001,55.684219667,0
                58.7579436510001,55.715813133,0
                58.683944282,55.744793095,0
                58.6152424750001,55.7605700730001,0
                58.5174901080001,55.7683907800001,0
                58.4409172210001,55.7339667160001,0
                58.4039612810001,55.7075099470001,0
                58.419876548,55.6467671840001,0
                58.462178028,55.6151116290001,0
                58.5124103320001,55.57818109,0
                58.5758456200001,55.546548113,0
                58.6630479740001,55.522865714,0
                58.755547891,55.485980329,0
                58.8058197060001,55.4120656270001,0
                58.7821147290001,55.345997079,0
                58.724041915,55.3036673770001,0
                58.650110006,55.2692458080001,0
                58.570892412,55.2374605590001,0
                58.4652738610001,55.189796476,0
                58.3728531100001,55.1527135950001,0
                58.3041937460001,55.1288647010001,0
                58.2329119500001,55.0865207790001,0
                58.169536087,55.0626775650001,0
                58.1008594640001,55.0546789250001,0
                58.0585974950001,55.0493503180001,0
                58.000448481,55.0783472140001,0
                57.9581272440001,55.128494849,0
                57.9580510430001,55.1998214490001,0
                57.9579550880001,55.289640128,0
                57.9578986430001,55.342474646,0
                57.8671335350001,55.4040180200001,0
                57.7930146910001,55.5448310450001,0
                57.7505815060001,55.6997671410001,0
                57.75034829,55.918067077,0
                57.7501299480001,56.1224432820001,0
                57.611920045,56.0821364340001,0
                57.4260600210001,56.0279331420001,0
                57.2077672230001,55.9642713170001,0
                57.0106766320001,55.906792791,0
                56.947331698,55.8538906040001,0
                56.8945649140001,55.790432738,0
                56.8488201540001,55.748116205,0
                56.813646061,55.7022886600001,0
                56.7926100920001,55.6106862520001,0
                56.792726744,55.5014949150001,0
                56.831566131,55.4134787780001,0
                56.905598427,55.3536786810001,0
                57.014812341,55.332661526,0
                57.085322336,55.2728576650001,0
                57.20160343,55.23071423,0
                57.3144261940001,55.128687911,0
                57.3814891470001,54.9984342640001,0
                57.3992699870001,54.8399495250001,0
                57.3923796670001,54.6955276510001,0
                57.3115398370001,54.533415248,0
                57.276452292,54.4065747760001,0
                57.361028913,54.3679197750001,0
                57.4913540570001,54.3680590050001,0
                57.593515843,54.3540789260001,0
                57.67103281,54.3295056040001,0
                57.7767357120001,54.2979177830001,0
                57.8683456470001,54.269837211,0
                57.850790585,54.2169838780001,0
                57.7909679100001,54.1640853900001,0
                57.7311226570001,54.1323207080001,0
                57.6466287000001,54.0934850560001,0
                57.555067373,54.0757755700001,0
                57.4846213500001,54.075700311,0
                57.4071420130001,54.0650506220001,0
                57.3296513870001,54.0649678360001,0
                57.2380866080001,54.050780794,0
                57.1394772260001,54.0365862300001,0
                57.0444132380001,54.001261802,0
                56.9810757060001,53.94131493,0
                56.9530177120001,53.8285711890001,0
                56.9707421080001,53.722920968,0
                57.062397198,53.652572782,0
                57.1962860360001,53.6139704620001,0
                57.3371931340001,53.600031776,0
                57.446425864,53.5614031160001,0
                57.513409794,53.5051177930001,0
                57.5487268800001,53.4170978940001,0
                57.5347279870001,53.332547613,0
                57.4995727090001,53.269108563,0
                57.443302438,53.188035428,0
                57.348316959,53.0787424910001,0
                57.2497715490001,53.004668802,0
                57.1900692880001,52.839056676,0
                57.2414146790001,52.7764378150001,0
                57.3170377020001,52.6842108920001,0
                57.422804575,52.5927439500001,0
                57.4229249900001,52.480030313,0
                57.3067643110001,52.409460111,0
                57.423143243,52.275736845,0
                57.507753731,52.2053811330001,0
                57.557141207,52.1349877900001,0
                57.6065286830001,52.064594448,0
                57.6629607720001,51.994208724,0
                57.7525038950001,52.045076221,0
                57.8741711060001,52.1141927370001,0
                57.8874841580001,52.01646299,0
                57.861154389,51.9345412650001,0
                57.7978376350001,51.8552217550001,0
                57.7477210430001,51.783841534,0
                57.7029161250001,51.686049698,0
                57.504852536,51.624197759,0
                57.4132915210001,51.606488417,0
                57.307603671,51.623987033,0
                57.2195235630001,51.6450267660001,0
                57.110305886,51.6695662210001,0
                56.997558381,51.7011465160001,0
                56.89184419,51.743301242,0
                56.8107936330001,51.7784377040001,0
                56.726183145,51.848793416,0
                56.645113773,51.9015413860001,0
                56.546395266,51.9894935520001,0
                56.479381231,52.0739572840001,0
                56.412374723,52.151376413,0
                56.3665358900001,52.197117409,0
                56.2995820630001,52.225224322,0
                56.250258558,52.2357385450001,0
                56.1762638920001,52.26031563,0
                56.1304250580001,52.306056626,0
                56.0916007230001,52.379983559,0
                56.0457204960001,52.464469868,0
                55.9962991530001,52.5665639210001,0
                55.911684902,52.6404419340001,0
                55.8411974850001,52.6791119870001,0
                55.746087828,52.6860549890001,0
                55.6580302990001,52.6859609150001,0
                55.555845935,52.7210748000001,0
                55.495929184,52.756233841,0
                55.471190291,52.833698127,0
                55.4816631200001,52.9217669450001,0
                55.509777559,52.9816761690001,0
                55.5766598880001,53.020492979,0
                55.6928506720001,53.062884771,0
                55.780874334,53.0946795560001,0
                55.791268141,53.256716699,0
                55.8157135220001,53.453991907,0
                55.8154726910001,53.6794191820001,0
                55.7309111220001,53.703984979,0
                55.660408654,53.7567442370001,0
                55.579339282,53.809492205,0
                55.547589653,53.8552482540001,0
                55.5263956380001,53.9115824950001,0
                55.5263279050001,53.974983917,0
                55.5685353100001,54.0313858910001,0
                55.60721289,54.0948287050001,0
                55.6599721480001,54.165331173,0
                55.6599157030001,54.2181656910001,0
                55.659851733,54.278044811,0
                55.635154232,54.3167637830001,0
                55.596378815,54.3449008000001,0
                55.5294212260001,54.3765300140001,0
                55.427225573,54.422210803,0
                55.3109331900001,54.474921142,0
                55.187607492,54.517057052,0
                55.0854156020001,54.5592155400001,0
                54.9479668330001,54.633037109,0
                54.8986320400001,54.6541182340001,0
                54.8351892260001,54.692795813,0
                54.799898479,54.7561596050001,0
                54.785749067,54.812501372,0
                54.7645362380001,54.8864471190001,0
                54.7187049300001,54.9251435130001,0
                54.6764109750001,54.9497544650001,0
                54.5883459190001,54.9567049940001,0
                54.5249482610001,54.9531149580001,0
                54.4474839760001,54.9283760650001,0
                54.415809606,54.9036860890001,0
                54.4158735770001,54.8438069690001,0
                54.4511981890001,54.748742468,0
                54.5217872060001,54.6149702820001,0
                54.5923385930001,54.5164211090001,0
                54.6487857230001,54.4319460880001,0
                54.6629727650001,54.3403813090001,0
                54.652533803,54.2206117800001,0
                54.670277013,54.0973500540001,0
                54.7126274130001,54.019904583,0
                54.769078306,53.931907262,0
                54.836050948,53.8861888430001,0
                54.9030612190001,53.805247412,0
                55.0088130390001,53.7278696760001,0
                55.089916278,53.643420996,0
                55.1710232790001,53.5554500150001,0
                55.223997028,53.4251813160001,0
                55.2241287320001,53.301900775,0
                55.203085236,53.2173429690001,0
                55.1749745600001,53.1539114440001,0
                55.146852595,53.1010468220001,0
                55.1046226110001,53.065778655,0
                55.0377139400001,53.0516179530001,0
                54.949660174,53.048001577,0
                54.8475021510001,53.058459354,0
                54.7276949930001,53.1041213290001,0
                54.6219695120001,53.156842957,0
                54.533840486,53.223672605,0
                54.4809307090001,53.294062184,0
                54.487877473,53.38564954,0
                54.554733463,53.449122458,0
                54.575799536,53.512546457,0
                54.5757581440001,53.55129177,0
                54.5369940150001,53.5688618830001,0
                54.4735700160001,53.589927957,0
                54.4031127040001,53.6004196010001,0
                54.3045033220001,53.5862250330001,0
                54.17067093,53.5719928350001,0
                54.075602664,53.540190523,0
                53.9699411550001,53.533033032,0
                53.850209256,53.5082489820001,0
                53.7234252280001,53.4905020090001,0
                53.624778217,53.511530453,0
                53.5331645200001,53.543133326,0
                53.4662257460001,53.5571510340001,0
                53.3604852130001,53.623961868,0
                53.2723637140001,53.683746913,0
                53.1560562770001,53.750546457,0
                53.036256645,53.7891638290001,0
                52.941131935,53.810196035,0
                52.821369932,53.8135903950001,0
                52.7333124030001,53.8134963210001,0
                52.5959501820001,53.8063049620001,0
                52.402242432,53.7884864920001,0
                52.247283759,53.7671871140001,0
                52.106421815,53.7388581860001,0
                51.9444373540001,53.6999397760001,0
                51.8564024020001,53.6787118940001,0
                51.7014587800001,53.6433233120001,0
                51.539511949,53.569181889,0
                51.3458832210001,53.4773950950001,0
                51.2296962010001,53.4314810020001,0
                51.0888568350001,53.382018266,0
                50.9691362250001,53.3466673130001,0
                50.8564526910001,53.318368488,0
                50.72613131,53.3147069560001,0
                50.6204622750001,53.314594067,0
                50.4866223560001,53.3074064720001,0
                50.366916797,53.2579663130001,0
                50.27537836,53.2191231630001,0
                50.197865156,53.2401741840001,0
                50.116844703,53.2471322380001,0
                50.0358054340001,53.271701798,0
                49.9758924480001,53.303338538,0
                49.8983792440001,53.32438956,0
                49.820888618,53.324306774,0
                49.750446357,53.320709214,0
                49.6412550210001,53.3205925610001,0
                49.532063685,53.320475909,0
                49.4475171670001,53.3309525010001,0
                49.3101511840001,53.3272834430001,0
                49.1833521040001,53.3236256750001,0
                49.0213751680001,53.2776626620001,0
                48.8946212450001,53.2317372800001,0
                48.760860349,53.15058136,0
                48.6447147210001,53.065921953,0
                48.5743364320001,53.002445272,0
                48.4932971630001,53.027014831,0
                48.4616604230001,52.9671018450001,0
                48.4053788640001,52.896595613,0
                48.3667163370001,52.819063595,0
                48.243526107,52.734396663,0
                48.180199945,52.663882905,0
                48.106295591,52.6039247620001,0
                47.972448146,52.6037817690001,0
                47.972497065,52.5579918540001,0
                47.9373267340001,52.508642008,0
                47.8809849680001,52.4944925950001,0
                47.8140913490001,52.4662426890001,0
                47.726037583,52.462626314,0
                47.6591326750001,52.444943311,0
                47.58517564,52.434297385,0
                47.5253190970001,52.413099607,0
                47.461962832,52.3707642590001,0
                47.39153186,52.3565997950001,0
                47.335280405,52.257915155,0
                47.272003161,52.141611482,0
                47.2262922690001,52.067594238,0
                47.155872586,52.0428628700001,0
                47.088941338,52.0498359760001,0
                46.9902943270001,52.070864419,0
                46.944493123,52.0813824040001,0
                46.9021916410001,52.1130379590001,0
                46.912664471,52.2011067780001,0
                46.933764411,52.2328300660001,0
                46.979501644,52.282191202,0
                47.07102503,52.335123557,0
                47.208289413,52.4338947460001,0
                47.317428068,52.483323614,0
                47.380769281,52.5397481680001,0
                47.4441029700001,52.603217322,0
                47.3947305450001,52.6595214600001,0
                47.327821875,52.645360758,0
                47.257398428,52.6241516910001,0
                47.1658336500001,52.6099646490001,0
                47.067209217,52.6098592860001,0
                46.9579764870001,52.648487947,0
                46.908615352,52.69422518,0
                46.838124173,52.736417535,0
                46.7324852410001,52.7081262360001,0
                46.651532522,52.6516828680001,0
                46.7044573520001,52.5672040850001,0
                46.7045514260001,52.4791465550001,0
                46.6552843650001,52.43682626,0
                46.5954278230001,52.415628482,0
                46.4968222050001,52.397911612,0
                46.3947018110001,52.3731463770001,0
                46.3243084690001,52.3237589010001,0
                46.3032725,52.232156493,0
                46.2575239770001,52.1933622610001,0
                46.176522339,52.1827088100001,0
                46.1025577770001,52.179107485,0
                46.0215448500001,52.1790209370001,0
                45.954621128,52.1789494400001,0
                45.834825257,52.2140445110001,0
                45.704454959,52.2561728950001,0
                45.683234602,52.3371632440001,0
                45.5845800660001,52.365236291,0
                45.4788997410001,52.375690304,0
                45.3697234570001,52.3614844480001,0
                45.257032397,52.340230225,0
                45.1372854460001,52.32953538,0
                45.05275398,52.3259227670001,0
                44.9717410530001,52.3258362190001,0
                44.862545954,52.3292418670001,0
                44.756880681,52.3256066770001,0
                44.6723868460001,52.2867710530001,0
                44.5773599730001,52.2162234290001,0
                44.5140074710001,52.1703657790001,0
                44.4119021290001,52.13151134,0
                44.334437844,52.106772447,0
                44.235817174,52.1031447820001,0
                44.10903691,52.0818755070001,0
                44.0033979780001,52.0535842090001,0
                43.8942254560001,52.0358560510001,0
                43.7956198380001,52.018139181,0
                43.6970255090001,51.989855409,0
                43.5632044050001,51.9650563060001,0
                43.471752516,51.8452002290001,0
                43.404922868,51.7570712030001,0
                43.3239852,51.6865386310001,0
                43.232443,51.6512177810001,0
                43.1408895100001,51.626463836,0
                43.045809956,51.6052284290001,0
                42.96127849,51.601615816,0
                42.8379979490001,51.601484111,0
                42.7534213280001,51.640139113,0
                42.668825892,51.6964056200001,0
                42.5737632720001,51.6593198570001,0
                42.5104239390001,51.6011341540001,0
                42.4365346370001,51.527086807,0
                42.383773497,51.4583454890001,0
                42.304600744,51.384292498,0
                42.2465787300001,51.2944117280001,0
                42.1674003320001,51.2256421880001,0
                42.0882219330001,51.156872648,0
                41.9826432090001,51.0722245310001,0
                41.8558855220001,51.0298214490001,0
                41.7502503540001,50.998007849,0
                41.6287676520001,50.96353559,0
                41.483472729,50.9633803670001,0
                41.41214754,50.9619833030001,0
                41.3381792160001,50.961904281,0
                41.2258846990001,50.9815972800001,0
                41.106961878,51.0237378940001,0
                40.9893839100001,51.0434252490001,0
                40.877076693,51.0750060140001,0
                40.7991274350001,51.092093977,0
                40.7370426430001,51.0959902430001,0
                40.681538177,51.1223482340001,0
                40.606236289,51.1341555670001,0
                40.537548594,51.1367239150001,0
                40.4648940760001,51.1432506190001,0
                40.406767641,51.151113707,0
                40.291869498,51.135140585,0
                40.2139385840001,51.1350573280001,0
                40.1677267260001,51.1178367210001,0
                40.091156187,51.080770714,0
                40.009288084,51.056907691,0
                39.992178955,50.998771377,0
                40.0101805250001,50.887431491,0
                40.046475447,50.8667429390001,0
                40.1283463720001,50.887964235,0
                40.2657048290001,50.898677896,0
                40.310645214,50.869666889,0
                40.3107637480001,50.7587144010001,0
                40.242115563,50.7242985870001,0
                40.144445084,50.655509291,0
                40.0863355810001,50.6475220250001,0
                40.0414262410001,50.6474740470001,0
                39.9621631750001,50.657956283,0
                39.9251536140001,50.6816923050001,0
                39.8960494730001,50.7239288750001,0
                39.8827759320001,50.784674458,0
                39.8826912650001,50.8639262350001,0
                39.853496813,50.9906980330001,0
                39.8085310280001,51.0434845720001,0
                39.7319266220001,51.038119276,0
                39.6236356160001,51.019511483,0
                39.528567351,50.9877091720001,0
                39.449388952,50.918939632,0
                39.3913443610001,50.8501926700001,0
                39.2751112450001,50.8474267650001,0
                39.1985068390001,50.842061469,0
                39.1218911440001,50.847263076,0
                39.0531667590001,50.88417386,0
                38.9554200790001,50.886711163,0
                38.8445155700001,50.84168329,0
                38.7494303710001,50.8257313340001,0
                38.667593314,50.7728093270001,0
                38.5963344480001,50.7093317060001,0
                38.4774850060001,50.6827874460001,0
                38.334831809,50.682635045,0
                38.1948203360001,50.682485467,0
                38.110276642,50.690320333,0
                37.9650155840001,50.6584644000001,0
                37.814462609,50.6345279990001,0
                37.645499397,50.5339617930001,0
                37.63738863,50.397724027,0
                37.778725131,50.441357731,0
                37.8199549060001,50.439045928,0
                37.9124181350001,50.436502981,0
                37.9626109270001,50.436556603,0
                38.0471574430001,50.4260800110001,0
                38.0894419910001,50.4102748110001,0
                38.1396517160001,50.3944780780001,0
                38.155561339,50.3390187680001,0
                38.13450091,50.2703113170001,0
                38.092275629,50.2306402730001,0
                38.028896785,50.2094387330001,0
                37.9813541870001,50.2014627550001,0
                37.910044521,50.1855362000001,0
                37.8070143890001,50.1880678580001,0
                37.746251871,50.1906446730001,0
                37.6802030800001,50.1958575680001,0
                37.6326322580001,50.21429885,0
                37.587683407,50.251235034,0
                37.5453706370001,50.2934574920001,0
                37.526844689,50.325138447,0
                37.503026823,50.364738935,0
                37.41582729,50.3857796090001,0
                37.3577121440001,50.383075793,0
                37.2652573820001,50.377693564,0
                37.188652975,50.3723282670001,0
                37.05657797,50.3616202520001,0
                36.9746901120001,50.3562493110001,0
                36.840021359,50.3006291340001,0
                36.840074981,50.2504363420001,0
                36.840216093,50.118350047,0
                36.840297938,50.041739997,0
                36.8245886940001,49.909636769,0
                36.8114365100001,49.85678814,0
                36.745407474,49.8435089550001,0
                36.6820427420001,49.8090987840001,0
                36.6001520620001,49.806369569,0
                36.523584344,49.766661836,0
                36.4391281380001,49.6926032000001,0
                36.4207291910001,49.6054064900001,0
                36.452508924,49.5314720320001,0
                36.45257079,49.473562916,0
                36.3971173470001,49.4521609880001,0
                36.3416411040001,49.4521017220001,0
                36.2597476020001,49.4520142320001,0
                36.19629538,49.4994975650001,0
                36.15395721,49.565495556,0
                36.111590818,49.6579108060001,0
                36.061324648,49.7265420570001,0
                36.0190062340001,49.7740479670001,0
                35.942401827,49.76868267,0
                35.923969013,49.7131866720001,0
                35.905536199,49.6576906720001,0
                35.881811466,49.610114206,0
                35.8580726220001,49.57574637,0
                35.80263589,49.5387029400001,0
                35.7418959500001,49.520145948,0
                35.646889775,49.4302256670001,0
                35.546557813,49.3799256300001,0
                35.4752735480001,49.3402235410001,0
                35.4092388670001,49.3322278090001,0
                35.329984268,49.3347848670001,0
                35.26925844,49.303019245,0
                35.197951597,49.284450963,0
                35.139878783,49.24212126,0
                35.063274377,49.2367559640001,0
                34.9576222750001,49.220792719,0
                34.8889317570001,49.226002792,0
                34.804396529,49.2259124820001,0
                34.672290479,49.2442634510001,0
                34.5930753910001,49.2098363470001,0
                34.474254171,49.1568748290001,0
                34.3739419660001,49.088082711,0
                34.3450099820001,48.9691740010001,0
                34.286956924,48.9083522170001,0
                34.2024753170001,48.858069114,0
                34.1312023410001,48.8078001220001,0
                34.0730815490001,48.8103797580001,0
                34.0017239060001,48.8393625420001,0
                33.9409444550001,48.8577897120001,0
                33.848436071,48.9026002740001,0
                33.798223523,48.921038733,0
                33.718949169,48.942087873,0
                33.652906022,48.9420173170001,0
                33.6000827940001,48.9313939690001,0
                33.5366870170001,48.9260427840001,0
                33.4468824480001,48.9127381980001,0
                33.3518057160001,48.8888610650001,0
                33.2118168220001,48.8675776790001,0
                33.0903087200001,48.856880953,0
                32.987318099,48.822428449,0
                32.92127213,48.824999619,0
                32.8895516640001,48.843457834,0
                32.8182335320001,48.835456456,0
                32.7601212070001,48.830110915,0
                32.712612474,48.790434227,0
                32.725905771,48.7111965610001,0
                32.6889498310001,48.684739791,0
                32.6202621350001,48.687308139,0
                32.5277989080001,48.689851086,0
                32.45910839,48.6950611600001,0
                32.3535211990001,48.6183382200001,0
                32.226724002,48.612919301,0
                32.152741565,48.626048908,0
                32.0550118190001,48.612735855,0
                31.952032488,48.5677164480001,0
                31.8701728510001,48.5359282490001,0
                31.753962313,48.512028537,0
                31.627167937,48.503967893,0
                31.4502089920001,48.4694363660001,0
                31.365690697,48.453495699,0
                31.2759002390001,48.4269824850001,0
                31.159712278,48.381948966,0
                31.0963362570001,48.3581057000001,0
                31.027648562,48.3606740480001,0
                31.0275667170001,48.4372840980001,0
                31.00113817,48.447822779,0
                30.945661925,48.4477635120001,0
                30.8664045040001,48.4529622970001,0
                30.7871273280001,48.476653163,0
                30.7289896030001,48.495083155,0
                30.670837767,48.526721777,0
                30.596863797,48.531926205,0
                30.583810391,48.3866171710001,0
                30.570649739,48.341693719,0
                30.5390139410001,48.2809001580001,0
                30.4888578370001,48.246504099,0
                30.4069615130001,48.249058335,0
                30.3329254540001,48.3123807330001,0
                30.2404368260001,48.338699214,0
                30.15325705,48.3412478070001,0
                30.1110966800001,48.2408170670001,0
                30.1534150950001,48.193311157,0
                30.2458783230001,48.1907682090001,0
                30.267045996,48.159090077,0
                30.2671052630001,48.1036138330001,0
                30.1878873540001,48.071828456,0
                30.135058481,48.066488559,0
                30.0954805710001,48.021536886,0
                30.100797889,47.989841819,0
                30.1642501100001,47.942358487,0
                30.225083184,47.8737385250001,0
                30.193430452,47.8287953190001,0
                30.132670756,47.8287304070001,0
                30.0533851120001,47.8603464510001,0
                29.9794732330001,47.80743291,0
                29.8658959530001,47.791461199,0
                29.8025086430001,47.778184836,0
                29.718012926,47.741110362,0
                29.6229136160001,47.7383670360001,0
                29.5911705720001,47.777959057,0
                29.580552868,47.825498834,0
                29.5356265950001,47.841301211,0
                29.440527285,47.8385578850001,0
                29.3691865750001,47.8516903140001,0
                29.3664884040001,47.9045220090001,0
                29.3954796560001,47.9679544750001,0
                29.3505308040001,48.0048906600001,0
                29.3056214640001,48.0048426810001,0
                29.2448589460001,48.0074194960001,0
                29.165562015,48.049602443,0
                29.0889011630001,48.097071665,0
                29.0016818760001,48.136604419,0
                28.943544151,48.155034411,0
                28.8880481510001,48.1734672250001,0
                28.840494263,48.1760581510001,0
                28.8166961520001,48.197166558,0
                28.7902619600001,48.2129886910001,0
                28.732110124,48.244627312,0
                28.7346700050001,48.3212401850001,0
                28.689721154,48.3581763700001,0
                28.642150332,48.3766176510001,0
                28.5786811770001,48.4399513380001,0
                28.4888540310001,48.4477805600001,0
                28.3831962840001,48.4371007670001,0
                28.309247714,48.4185296630001,0
                28.245815249,48.447520915,0
                28.1586326500001,48.4527112320001,0
                28.0661891780001,48.4367620990001,0
                28.095313074,48.376033448,0
                28.1323960140001,48.2836125530001,0
                28.1430278290001,48.2228641470001,0
                28.1853490660001,48.172716511,0
                28.2250059990001,48.14369986,0
                28.2989997240001,48.12000335,0
                28.354481611,48.1147791650001,0
                28.3994135300001,48.0936933350001,0
                28.4839346470001,48.1069922770001,0
                28.5605446970001,48.107074121,0
                28.647721652,48.107167255,0
                28.7269790730001,48.10196847,0
                28.840638197,48.0413301310001,0
                28.9225994330001,47.9780161990001,0
                28.933228426,47.919909519,0
                28.9121538860001,47.864410697,0
                28.909602471,47.7798726460001,0
                28.949352538,47.6636790410001,0
                29.002283011,47.5739168060001,0
                29.0393828860001,47.465645556,0
                29.0473842640001,47.394327423,0
                29.110898574,47.2887261210001,0
                29.2245972100001,47.19110362,0
                29.31712535,47.127800977,0
                29.3779838240001,47.035405482,0
                29.417719778,46.9324205070001,0
                29.4495333780001,46.826785338,0
                29.5050322000001,46.8057107980001,0
                29.552639711,46.7529270800001,0
                29.5923220440001,46.7001348960001,0
                29.592403888,46.6235248450001,0
                29.513157757,46.6181567260001,0
                29.431264254,46.618069238,0
                29.370507381,46.6153626,0
                29.2674970050001,46.599402178,0
                29.2041096950001,46.5861258150001,0
                29.1011190740001,46.5516733110001,0
                29.0245118460001,46.5489497400001,0
                28.9690356020001,46.548890473,0
                28.8791858770001,46.577853502,0
                28.7840583460001,46.601527434,0
                28.67574194,46.606695174,0
                28.5780093710001,46.5960238490001,0
                28.506719461,46.5616052120001,0
                28.488292292,46.500825761,0
                28.4884080030001,46.3925149990001,0
                28.488537826,46.2709956090001,0
                28.488704338,46.1151337810001,0
                28.4703138570001,46.020011894,0
                28.4202367770001,45.9116475100001,0
                28.362226052,45.8111998380001,0
                28.3094620900001,45.745100246,0
                28.1959723000001,45.647235031,0
                28.1008842790001,45.6339248020001,0
                28.026980865,45.5730860840001,0
                27.9425246600001,45.499027448,0
                27.8871048610001,45.4461336630001,0
                27.8210447810001,45.461913462,0
                27.712731197,45.464439477,0
                27.6097179990001,45.4511207800001,0
                27.512041875,45.387614936,0
                27.4249072540001,45.347895914,0
                27.340451048,45.273837278,0
                27.2744615230001,45.22357393,0
                27.211091147,45.1944472120001,0
                27.137134111,45.1838012860001,0
                27.068454882,45.1784444560001,0
                26.999770009,45.1783710780001,0
                26.917870862,45.1835670400001,0
                26.841252345,45.1914103730001,0
                26.751430843,45.193956143,0
                26.764755184,45.085659493,0
                26.801784502,45.0434313900001,0
                26.9101432410001,44.998637762,0
                26.883779605,44.9484167470001,0
                26.875927806,44.8797234080001,0
                26.9156298940001,44.8084391420001,0
                26.857596592,44.729125277,0
                26.765161586,44.7052509660001,0
                26.715016771,44.6602880030001,0
                26.7494297640001,44.5942815450001,0
                26.8128622300001,44.5652902940001,0
                26.868380808,44.5257236730001,0
                26.913315547,44.501996117,0
                26.98995382,44.4756607030001,0
                27.0692394640001,44.44404466,0
                27.1326775740001,44.409769957,0
                27.1591738550001,44.3358298540001,0
                27.328295112,44.2884594120001,0
                27.4604209180001,44.2516163610001,0
                27.566118176,44.2253119920001,0
                27.6846239390001,44.1931282190001,0
                27.7512309000001,44.045872188,0
                27.8834865270001,43.887509746,0
                28.0103740380001,43.8083934370001,0
                28.1688775900001,43.808562771,0
                28.3115477220001,43.7928648160001,0
                28.411950238,43.777121707,0
                28.523004326,43.6821381080001,0
                28.540063709,43.5977453250001,0
                28.4756677500001,43.481316141,0
                28.28546913,43.475829488,0
                28.2590405830001,43.4863681690001,0
                28.1532755910001,43.57607396,0
                27.8574361600001,43.544057159,0
                27.6725153470001,43.543859603,0
                27.582612,43.623015423,0
                27.5560987860001,43.7128058810001,0
                27.6511952720001,43.7181909330001,0
                27.709296309,43.7341033770001,0
                27.735623257,43.8186668280001,0
                27.6403517900001,43.9770687810001,0
                27.5504032870001,44.0984922160001,0
                27.434150415,44.1142183920001,0
                27.201622092,44.1668045540001,0
                26.892387763,44.30912755,0
                26.8210639870001,44.306409624,0
                26.747146463,44.258779535,0
                26.6678946860001,44.2586948680001,0
                26.5859983610001,44.261249105,0
                26.4803321480001,44.25849449,0
                26.4063440670001,44.2769075480001,0
                26.324464676,44.26361143,0
                26.2293653670001,44.2608681030001,0
                26.152752494,44.263427984,0
                26.0840365760001,44.2924135910001,0
                25.9862447400001,44.337218508,0
                25.9175231780001,44.371487567,0
                25.827662165,44.411017499,0
                25.7377955060001,44.455830883,0
                25.6267865740001,44.5085468670001,0
                25.5395672870001,44.548079622,0
                25.457614517,44.6034683760001,0
                25.3227990080001,44.685217944,0
                25.209142706,44.743214558,0
                25.103405937,44.80650309,0
                24.9739021020001,44.8618410440001,0
                24.8787830370001,44.8775897990001,0
                24.7862944080001,44.9039082790001,0
                24.7044883950001,44.821927288,0
                24.6384819370001,44.7875142950001,0
                24.596214322,44.7874691390001,0
                24.5380935310001,44.790048776,0
                24.5063250860001,44.8534163310001,0
                24.5035930490001,44.9379487370001,0
                24.4902799980001,45.035678483,0
                24.376680139,45.0408405790001,0
                24.2631000380001,45.027510593,0
                24.2498293190001,45.0856144520001,0
                24.2497390080001,45.1701496800001,0
                24.217973386,45.230875509,0
                24.196794423,45.273120545,0
                24.2284189330001,45.34448101,0
                24.29712074,45.3287040340001,0
                24.3684642710001,45.312929878,0
                24.437191478,45.2733773680001,0
                24.5217013060001,45.2972432120001,0
                24.582469469,45.289382946,0
                24.6802133260001,45.289487369,0
                24.7647372660001,45.3001445840001,0
                24.8651030940001,45.3187439110001,0
                24.9417075000001,45.324109207,0
                25.0051456100001,45.2898345040001,0
                25.050122684,45.2264810610001,0
                25.110882379,45.2265459720001,0
                25.1769481040001,45.2054827210001,0
                25.2588444290001,45.202928485,0
                25.3301710280001,45.2030046840001,0
                25.3962141750001,45.20307524,0
                25.470174033,45.21107944,0
                25.562617506,45.227028574,0
                25.6365632530001,45.2482414040001,0
                25.694644533,45.2826459290001,0
                25.776552146,45.2695247890001,0
                25.842584005,45.2801622480001,0
                25.8742226270001,45.338314085,0
                25.9084973290001,45.401752195,0
                25.987734994,45.415045492,0
                26.0881403340001,45.3966606560001,0
                26.1911394200001,45.4231879810001,0
                26.2730357460001,45.420633745,0
                26.3602239890001,45.4101599750001,0
                26.413002061,45.463050937,0
                26.447310632,45.494788337,0
                26.5080082370001,45.552971218,0
                26.566061296,45.6137930030001,0
                26.647923753,45.642939476,0
                26.7270823960001,45.7302010970001,0
                26.758709729,45.798919837,0
                26.7797391130001,45.896686274,0
                26.716315115,45.917752347,0
                26.626538768,45.8780305020001,0
                26.5657790720001,45.8779655910001,0
                26.5234832360001,45.904337694,0
                26.4811535320001,45.9624105080001,0
                26.467863058,46.0390064470001,0
                26.549759383,46.036452211,0
                26.6210859810001,46.0365284110001,0
                26.668558025,46.1105475360001,0
                26.63414221,46.1791957200001,0
                26.5891792480001,46.2293405340001,0
                26.5468749450001,46.263637814,0
                26.515126256,46.308513288,0
                26.4754382790001,46.3665889230001,0
                26.3987802500001,46.411416419,0
                26.324786525,46.4351129290001,0
                26.2956569850001,46.5011250320001,0
                26.335246183,46.535509802,0
                26.398633494,46.5487861650001,0
                26.43823116,46.5752457570001,0
                26.4619333150001,46.64395603,0
                26.432795308,46.7178933110001,0
                26.408943574,46.789194509,0
                26.382452937,46.8578511600001,0
                26.3295393970001,46.9317630400001,0
                26.287237916,46.9634185950001,0
                26.205299258,47.0055987200001,0
                26.229007057,47.069025541,0
                26.273848663,47.1324749400001,0
                26.2737752850001,47.2011598140001,0
                26.2288038560001,47.2592298050001,0
                26.2049549450001,47.327889278,0
                26.189022745,47.4044823950001,0
                26.122925975,47.4546046310001,0
                26.064754384,47.504735334,0
                25.9775379180001,47.541626362,0
                25.9140998080001,47.575901065,0
                25.90609843,47.6472191980001,0
                25.9139502290001,47.7159125370001,0
                25.9138599180001,47.8004477650001,0
                25.8767910890001,47.8796600310001,0
                25.805419333,47.921851444,0
                25.7393197420001,47.9746154060001,0
                25.728682282,48.0406472650001,0
                25.7920357260001,48.0856243380001,0
                25.8686401320001,48.090989635,0
                25.9716335740001,48.122800413,0
                26.040287403,48.151932775,0
                26.1247859430001,48.1863655230001,0
                26.2039671630001,48.2524933380001,0
                26.203888141,48.326461662,0
                26.114041238,48.3527829650001,0
                26.0268191280001,48.394957446,0
                25.9369552920001,48.4371291040001,0
                25.8391549900001,48.4898591990001,0
                25.759852413,48.5373255970001,0
                25.6858502220001,48.568947286,0
                25.635612274,48.6111612770001,0
                25.5853348150001,48.690359432,0
                25.54302769,48.727298439,0
                25.4769365650001,48.7721372230001,0
                25.4346012170001,48.8354934880001,0
                25.373785077,48.8882630940001,0
                25.2663116160001,48.928654787,0
                25.2117065410001,48.937402213,0
                25.148301356,48.940856781,0
                25.114826325,48.953149087,0
                25.0672432740001,48.983037847,0
                24.991511917,48.984718093,0
                24.9527365000001,49.01285511,0
                24.931572589,49.0410109420001,0
                24.8716708910001,49.0620807780001,0
                24.8188307290001,49.0673077860001,0
                24.7853350010001,49.0989727480001,0
                24.7324628530001,49.134139314,0
                24.6337932650001,49.1763015650001,0
                24.5069452660001,49.218433712,0
                24.4223648820001,49.2606110150001,0
                24.253204114,49.34496562,0
                24.1756608060001,49.3941950510001,0
                24.076965595,49.460341688,0
                23.9712092930001,49.5419134480001,0
                23.8725547560001,49.569986494,0
                23.7244901650001,49.6895866890001,0
                23.6469694350001,49.7176823130001,0
                23.6045889320001,49.8233061930001,0
                23.4917699310001,49.92181021,0
                23.4072572800001,49.900586092,0
                23.322797311,49.830049757,0
                23.224135248,49.8651674050001,0
                23.118421058,49.9073221300001,0
                23.0338632510001,49.9283656260001,0
                22.928171638,49.9493865430001,0
                22.822592914,49.864738425,0
                22.6887605210001,49.850506228,0
                22.554875447,49.8855862460001,0
                22.4843315850001,49.977090817,0
                22.4419811860001,50.0545362870001,0
                22.3221853160001,50.0896313580001,0
                22.216493703,50.1106522750001,0
                22.1107945630001,50.138717795,0
                22.0121833000001,50.126284378,0
                21.946142976,50.1235720970001,0
                21.9143858200001,50.1763727470001,0
                21.848345495,50.1736604660001,0
                21.766451993,50.1735729760001,0
                21.6898137200001,50.1999083900001,0
                21.655445883,50.2236472340001,0
                21.5444849290001,50.2314538780001,0
                21.4652218640001,50.2419361140001,0
                21.3913607850001,50.1414715080001,0
                21.338577066,50.093863997,0
                21.291071156,50.0515455830001,0
                21.1669495510001,50.014428776,0
                21.103548131,50.0143610420001,0
                21.0190100790001,50.0169124560001,0
                20.923891014,50.0326612110001,0
                20.8604924150001,50.029951752,0
                20.786532557,50.021947552,0
                20.7204640100001,50.0456525290001,0
                20.630611463,50.077257284,0
                20.522275302,50.1009171050001,0
                20.416606266,50.100804215,0
                20.3004070160001,50.0663376000001,0
                20.1974192180001,50.0292433710001,0
                20.0944088420001,50.013282949,0
                20.023082243,50.0132067480001,0
                19.930624659,50.010466244,0
                19.80647201,50.002408421,0
                19.687594345,50.0022814210001,0
                19.584561391,50.0074548060001,0
                19.4973816150001,50.010003397,0
                19.4075657560001,50.0072657150001,0
                19.346822995,49.991350449,0
                19.257007136,49.9886127670001,0
                19.180445064,49.943621583,0
                19.1303002500001,49.89865862,0
                19.0668367390001,49.956708855,0
                19.0087215930001,49.9540050410001,0
                18.937400638,49.948645389,0
                18.83965678,49.9485409660001,0
                18.7762976920001,49.908847344,0
                18.7182164120001,49.874442818,0
                18.6363200870001,49.8769970550001,0
                18.565035822,49.837294967,0
                18.549275779,49.752742805,0
                18.5123170160001,49.7289277610001,0
                18.446273869,49.7288572040001,0
                18.3670305590001,49.7208473600001,0
                18.28781265,49.6890619820001,0
                18.213844324,49.688982959,0
                18.118764771,49.667747552,0
                18.034243654,49.6544486110001,0
                17.923322211,49.625271092,0
                17.81768422,49.5960992180001,0
                17.735796362,49.590728277,0
                17.635413601,49.5879793070001,0
                17.537675388,49.5825914320001,0
                17.4267341890001,49.5719059950001,0
                17.355447102,49.534845632,0
                17.294684584,49.537422447,0
                17.1995796300001,49.539962572,0
                17.1811804590001,49.452974715,0
                17.1759564970001,49.3972839740001,0
                17.080862833,49.3892571960001,0
                16.988408071,49.3838749660001,0
                16.8880591760001,49.3494252850001,0
                16.8009048000001,49.328198344,0
                16.7401112380001,49.3598341430001,0
                16.7843253080001,49.431738269,0
                16.7954884800001,49.452562669,0
                16.8298057390001,49.476166038,0
                16.829763406,49.5157919260001,0
                16.8112318140001,49.552756333,0
                16.7346161190001,49.5579579400001,0
                16.636903305,49.5287945330001,0
                16.5603186550001,49.5049371550001,0
                16.5841504100001,49.45233689,0
                16.594796559,49.378171002,0
                16.592256433,49.283066047,0
                16.5342005520001,49.224885989,0
                16.489305324,49.2116293810001,0
                16.47614185,49.1693476560001,0
                16.457680813,49.140268915,0
                16.4207135840001,49.124379049,0
                16.354729704,49.0688322500001,0
                16.286078698,49.0370581610001,0
                16.2227111440001,49.005289716,0
                16.1276372340001,48.9787708580001,0
                16.0219681990001,48.9786579670001,0
                15.9797796080001,48.904644487,0
                15.9164289870001,48.8570256880001,0
                15.89538549,48.7724678810001,0
                15.8320179360001,48.740699437,0
                15.7580665450001,48.724770059,0
                15.7422782790001,48.666635156,0
                15.763536264,48.5504217960001,0
                15.7107694800001,48.4869639300001,0
                15.6368011550001,48.486884907,0
                15.531149053,48.4709216620001,0
                15.5523618830001,48.396975915,0
                15.6263922970001,48.338936969,0
                15.7532007830001,48.3337889840001,0
                15.827242486,48.2651831330001,0
                15.790309124,48.217592557,0
                15.7736549200001,48.1818052560001,0
                15.753409629,48.1383012680001,0
                15.6742368750001,48.064248277,0
                15.60554918,48.0668166250001,0
                15.5342225810001,48.066740424,0
                15.4787463370001,48.0666811570001,0
                15.444375678,48.0930617270001,0
                15.402085486,48.114150378,0
                15.3413370800001,48.1035185640001,0
                15.317567191,48.098209712,0
                15.270016126,48.098158912,0
                15.1749139940001,48.098057311,0
                15.114176876,48.0768585920001,0
                15.048187351,48.0265952450001,0
                14.9979832710001,48.0371085250001,0
                14.9160813020001,48.044946214,0
                14.8130793920001,48.0210606140001,0
                14.7444142750001,48.0024951550001,0
                14.731253623,47.957571704,0
                14.7128010540001,47.9205677850001,0
                14.6652640990001,47.907308356,0
                14.5965989810001,47.888742897,0
                14.517347205,47.888658229,0
                14.448656687,47.893868303,0
                14.364110171,47.9043448950001,0
                14.2953857860001,47.94125568,0
                14.229336995,47.946468575,0
                14.147454781,47.935814183,0
                14.092029337,47.8882038500001,0
                14.031269642,47.8881389380001,0
                13.9572674500001,47.9197606270001,0
                13.8938406290001,47.943468426,0
                13.8119527710001,47.9380974850001,0
                13.7300790240001,47.919517914,0
                13.653491552,47.8983022620001,0
                13.571606516,47.8902895950001,0
                13.5134941910001,47.8849440550001,0
                13.447462333,47.8743065950001,0
                13.362941216,47.861007654,0
                13.2889728910001,47.860928631,0
                13.2308464550001,47.86879172,0
                13.159519856,47.8687155200001,0
                13.088215835,47.8475055120001,0
                13.016900525,47.8368624080001,0
                12.97203634,47.794546817,0
                12.916565742,47.789204097,0
                12.858405438,47.828767897,0
                12.7870760170001,47.8313334220001,0
                12.7183996110001,47.823334866,0
                12.654989723,47.8311923110001,0
                12.6074245460001,47.844350139,0
                12.5175973990001,47.8521793620001,0
                12.470046333,47.852128561,0
                12.404037053,47.8203572950001,0
                12.3274552240001,47.7938581920001,0
                12.2746037740001,47.809652101,0
                12.2402500490001,47.8201823160001,0
                12.19269616,47.822773242,0
                12.113450028,47.8174051240001,0
                12.050068362,47.7988453080001,0
                12.002545519,47.77237725,0
                11.9523527270001,47.772323627,0
                11.891573276,47.7907507960001,0
                11.841369195,47.801264078,0
                11.7806095,47.801199167,0
                11.725133256,47.8011399000001,0
                11.6643735600001,47.801074988,0
                11.566643814,47.787761936,0
                11.5006034900001,47.785049654,0
                11.429279712,47.782331728,0
                11.323644544,47.7505181280001,0
                11.247099405,47.6896765880001,0
                11.167870207,47.668458114,0
                11.078096682,47.6260945440001,0
                10.990936661,47.6101510550001,0
                10.940729758,47.623306062,0
                10.8271468340001,47.612617802,0
                10.7373281540001,47.612521846,0
                10.6528155030001,47.591297728,0
                10.5735834820001,47.5727209790001,0
                10.5286543870001,47.591165082,0
                10.4493884990001,47.604289044,0
                10.3622284790001,47.588345556,0
                10.298838346,47.577710919,0
                10.230156295,47.5749958150001,0
                10.1456351780001,47.5616968730001,0
                10.04262198,47.5483781770001,0
                9.94488941100008,47.5377068510001,0
                9.89734681100003,47.5297308730001,0
                9.87627227100006,47.4742320510001,0
                9.82346033100004,47.4530418000001,0
                9.77854534700003,47.4582772730001,0
                9.74154425200004,47.4740881180001,0
                9.70982660700002,47.489904606,0
                9.64380321600004,47.471341969,0
                9.59061261800002,47.413167108,0
                9.52768581100003,47.3602653030001,0
                9.48016014400002,47.3364389700001,0
                9.44578948600002,47.36281954,0
                9.36651795400007,47.3812269540001,0
                9.28201659200005,47.3494359320001,0
                9.21863022300005,47.3352789940001,0
                9.15876615500002,47.321125819,0
                9.10598808200007,47.268234856,0
                9.05666833900005,47.2752267770001,0
                8.97215192600004,47.2575249600001,0
                8.95458181300006,47.2187608310001,0
                8.89120673200006,47.19403699,0
                8.82076070900007,47.1939617300001,0
                8.75382946000008,47.200934836,0
                8.67986113600006,47.200855813,0
                8.60237427300007,47.197250726,0
                8.51435437300006,47.16193364,0
                8.45802389500005,47.1372173250001,0
                8.38409320000005,47.1019152900001,0
                8.32070683000006,47.087758351,0
                8.24321620500007,47.087675566,0
                8.19394161800005,47.0523998720001,0
                8.11646228100005,47.041750183,0
                8.04602378400006,47.0346303210001,0
                7.99673414500006,47.0134438330001,0
                7.95802269900003,46.9817017290001,0
                7.90874058600002,46.9534706380001,0
                7.84888780600005,46.928750559,0
                7.79259872100005,46.8652889300001,0
                7.70809736000007,46.833497908,0
                7.63765886300007,46.826378047,0
                7.54611666100004,46.791057197,0
                7.48272276600005,46.7839448600001,0
                7.41226921700007,46.7909142030001,0
                7.32068186000004,46.7978609690001,0
                7.23620684000002,46.741413838,0
                7.15167913700003,46.7342789250001,0
                7.08123311300005,46.7342036650001,0
                6.95446790100004,46.698845185,0
                6.84182199700007,46.635323349,0
                6.80493002700007,46.5489874580001,0
                6.77334785000005,46.4380011050001,0
                6.68882391100004,46.42734389,0
                6.55673197200002,46.4324862300001,0
                6.46167499600006,46.390117015,0
                6.30851698400005,46.3318353560001,0
                6.30857342900003,46.279000839,0
                6.41965009400008,46.162883434,0
                6.36686073300007,46.120559375,0
                6.27703640800007,46.1257468700001,0
                6.19246731200008,46.15735727,0
                6.09204221700003,46.1942341870001,0
                6.03395247000003,46.1677548390001,0
                6.06047133000004,46.07268093,0
                6.09756599400004,45.969286084,0
                6.05005682700005,45.9300164430001,0
                5.99198401300004,45.8876867390001,0
                5.93396200000007,45.7978059700001,0
                5.88645044500004,45.7607710080001,0
                5.89715846000007,45.628696002,0
                5.93954460900005,45.5177886710001,0
                5.89208949900006,45.4279191910001,0
                5.81297318900005,45.301031681,0
                5.74435040500003,45.2428403330001,0
                5.67042159100004,45.205777148,0
                5.60177058600004,45.1740030600001,0
                5.55939572600005,45.2743434870001,0
                5.47483792100007,45.2953869830001,0
                5.40618691400005,45.2636128940001,0
                5.34813667800006,45.200149384,0
                5.29534167200006,45.163108777,0
                5.25318130300008,45.0626780380001,0
                5.20563588100003,45.057343786,0
                5.07883303800003,45.0572083180001,0
                5.03125939500006,45.0782913250001,0
                5.02240096000003,45.127594134,0
                4.89560188100006,45.1239363660001,0
                4.80136433100006,45.1388054860001,0
                4.80392703500007,45.212776633,0
                4.77889189000007,45.329435979,0
                4.76598754100007,45.389567965,0
                4.75348306400002,45.447836614,0
                4.73490349300005,45.5297103610001,0
                4.62395100600003,45.529591828,0
                4.59494282200006,45.482009717,0
                4.60821918500005,45.418622407,0
                4.63207938500005,45.33939603,0
                4.64014003000005,45.2126016550001,0
                4.63756886000004,45.1465556850001,0
                4.59800788300004,45.0857536570001,0
                4.58749460200005,45.0355495760001,0
                4.58227041700007,44.9800676880001,0
                4.52419478100006,44.9403797100001,0
                4.43439303400004,44.9244333990001,0
                4.42919989400002,44.839892526,0
                4.42663154700006,44.771204831,0
                4.37381960700003,44.75001458,0
                4.28666240800004,44.7314293650001,0
                4.21273359400004,44.694366179,0
                4.15470593600003,44.6097688610001,0
                4.05441630900003,44.5198429370001,0
                3.96206032500004,44.422000301,0
                3.89341214200005,44.387584486,0
                3.84859593500005,44.3003595540001,0
                3.83281613600008,44.2342994740001,0
                3.74829501800002,44.2210005320001,0
                3.66643538300002,44.1892123320001,0
                3.63745259900003,44.1178546890001,0
                3.56611471100007,44.1283453930001,0
                3.52126181500006,44.075462896,0
                3.44731889100007,44.0516083410001,0
                3.28089016000007,44.0514305400001,0
                3.29933708500005,44.0937179100001,0
                3.37053668400006,44.212671776,0
                3.46292088900003,44.2840971520001,0
                3.46812249600003,44.360712848,0
                3.46277977800003,44.416183446,0
                3.51027722200007,44.4664270380001,0
                3.60269247100007,44.5087934310001,0
                3.70566051400004,44.564379741,0
                3.65006573700003,44.6752729620001,0
                3.51008813200002,44.643422673,0
                3.39655036300007,44.5904668000001,0
                3.31465686100006,44.5903793100001,0
                3.28026080200004,44.6405354120001,0
                3.21157592900005,44.640462035,0
                3.16934218200004,44.6087161680001,0
                3.16148473700002,44.54530628,0
                3.11925381300006,44.5109186880001,0
                3.05059716200003,44.4844280510001,0
                2.97134538500006,44.4843433840001,0
                2.88415149700006,44.500100606,0
                2.78902961000006,44.518491087,0
                2.73088341800008,44.544846256,0
                2.63840890100005,44.5579561070001,0
                2.53538159200002,44.5578460400001,0
                2.44029357100004,44.5445358100001,0
                2.34258075800005,44.5153724030001,0
                2.32416487700004,44.4440260490001,0
                2.37968909800003,44.399175975,0
                2.45629914900007,44.3992578200001,0
                2.51179232600003,44.383466732,0
                2.52247494100004,44.2751672590001,0
                2.52523802300004,44.1615758680001,0
                2.54381759400007,44.0797021220001,0
                2.50424815000002,44.0268252710001,0
                2.50170238000004,43.9370037680001,0
                2.47800869100007,43.860368318,0
                2.52563313600007,43.791734245,0
                2.47022180400006,43.7309152830001,0
                2.45449562700003,43.6146624100001,0
                2.50738658900002,43.561884337,0
                2.58401075100005,43.548757553,0
                2.59992601800008,43.4880147900001,0
                2.49958841200004,43.442998206,0
                2.37810288800006,43.411167672,0
                2.22484892000006,43.4427046930001,0
                2.04787304100006,43.424023522,0
                2.06644696800004,43.3474332270001,0
                2.18802280200003,43.2947285320001,0
                2.20128505500003,43.244549851,0
                2.11149741900005,43.215394911,0
                2.04548813900004,43.1836236440001,0
                2.04822017700008,43.099091238,0
                2.07997168700007,43.0515740390001,0
                2.08009022100003,42.940621552,0
                1.95326197800006,42.9642616180001,0
                1.83171718700004,42.9879073280001,0
                1.72867858900003,42.9983641640001,0
                1.59392234600006,43.024637489,0
                1.51991451100002,43.061542629,0
                1.43003938500004,43.11428119,0
                1.34549004600007,43.1273995080001,0
                1.22132046300004,43.135192041,0
                1.19486087000007,43.1747897070001,0
                1.08123561300005,43.203727336,0
                1.04429660600005,43.1614202100001,0
                0.957125296000072,43.1560436250001,0
                0.917564320000054,43.0952415960001,0
                0.851529639000034,43.0872458630001,0
                0.780186106000031,43.1030200170001,0
                0.714131671000075,43.1135163650001,0
                0.695571856000072,43.1768980310001,0
                0.655912101000069,43.208556408,0
                0.579282294000052,43.2269666450001,0
                0.502646844000026,43.250660333,0
                0.428630541000075,43.29549065,0
                0.370473060000052,43.3324127230001,0
                0.328115135000075,43.4169027950001,0
                0.33589355600003,43.5542810090001,0
                0.346299592000037,43.704870672,0
                0.324951296000052,43.9056192620001,0
                0.290515725000034,43.992759527,0
                0.293101006000029,44.045596867,0
                0.303577598000061,44.1301433850001,0
                0.300882250000029,44.180333354,0
                0.284952872000019,44.2542847460001,0
                0.366849197000022,44.251730509,0
                0.483113358000026,44.2254374280001,0
                0.551846209000075,44.180601466,0
                0.631114919000026,44.164835779,0
                0.768521354000029,44.1306400980001,0
                0.911222530000032,44.0858831580001,0
                1.02217783900005,44.083359967,0
                1.06970068300006,44.1098280250001,0
                1.14894117000006,44.1204795960001,0
                1.19388155500008,44.09146859,0
                1.27057909500007,44.0096569310001,0
                1.36839915300004,43.938434756,0
                1.44772430800003,43.8698345490001,0
                1.59575409100006,43.7828156410001,0
                1.77809808800004,43.7222506790001,0
                1.87588710200004,43.680087487,0
                2.00541069300004,43.6062574520001,0
                2.12433633600006,43.561475113,0
                2.19823692700004,43.6249555570001,0
                2.15855741600006,43.675106015,0
                2.14262521600006,43.7516991320001,0
                2.11617126900006,43.7860133470001,0
                2.07651715800006,43.8123882720001,0
                2.07910526100005,43.862583886,0
                2.08165103100004,43.952405388,0
                2.07101074900004,44.0210789720001,0
                2.06565391900006,44.0897582000001,0
                1.96522318000007,44.13191857,0
                1.88068512900003,44.1344699840001,0
                1.81725830900007,44.158177784,0
                1.84625802600004,44.213685072,0
                1.88847484000007,44.261281293,0
                1.94122186800007,44.3432312410001,0
                1.99661626700004,44.4199005580001,0
                2.02563291800004,44.4595574910001,0
                2.04409395500005,44.488636232,0
                2.02814482100007,44.581079704,0
                2.02014626600004,44.6497561100001,0
                1.99103365800005,44.699917858,0
                1.91439538600002,44.7262532720001,0
                1.83509280900006,44.773719671,0
                1.73467335800007,44.805313137,0
                1.64744560400004,44.852771069,0
                1.70288233600007,44.8898144980001,0
                1.79529758600006,44.93218089,0
                1.77938796400002,44.9876402,0
                1.68689651400007,45.0166004070001,0
                1.62346404700003,45.045591658,0
                1.57323456700004,45.0798804720001,0
                1.51506297500003,45.1300111740001,0
                1.48334533100007,45.1458276640001,0
                1.40673528000002,45.1457458180001,0
                1.37765936200003,45.1615651290001,0
                1.33800242900003,45.1905817800001,0
                1.26665889700007,45.206355935,0
                1.19532383200004,45.2142049130001,0
                1.11607205500007,45.2141202450001,0
                1.04737871500004,45.221972045,0
                1.01032681900006,45.2853339550001,0
                0.967957604000048,45.3803909310001,0
                0.915080753000041,45.4199603750001,0
                0.825236673000063,45.4436399510001,0
                0.756551800000068,45.443566574,0
                0.695761060000052,45.4725606470001,0
                0.664018016000057,45.5121526680001,0
                0.60588593500006,45.525299209,0
                0.566282625000042,45.5041230680001,0
                0.529326685000058,45.477666298,0
                0.479128249000041,45.482896128,0
                0.452660189000028,45.5304189710001,0
                0.452620679000063,45.567403133,0
                0.476311544000055,45.6466803100001,0
                0.418145597000034,45.691527561,0
                0.404835367000032,45.7866155820001,0
                0.388914456000066,45.8526417960001,0
                0.388832611000055,45.9292518460001,0
                0.375550603000022,45.9979226080001,0
                0.341148900000064,46.053362162,0
                0.29622262700002,46.06916454,0
                0.222220434000064,46.1007862280001,0
                0.243275219000054,46.1747771300001,0
                0.301316988000053,46.2461658180001,0
                0.380574409000076,46.2409670330001,0
                0.454534268000032,46.2489712340001,0
                0.509954067000024,46.301865019,0
                0.55749666600002,46.309840996,0
                0.660523975000046,46.309951063,0
                0.760909559000027,46.3100583080001,0
                0.808387247000041,46.378793982,0
                0.874413461000074,46.3947148930001,0
                0.980074029000036,46.40275296,0
                1.05133571700003,46.4635888560001,0
                1.11735628600007,46.484793219,0
                1.18600447000006,46.519209033,0
                1.26260041000006,46.5324995070001,0
                1.34180985300003,46.5722100630001,0
                1.39726634100003,46.5907614110001,0
                1.45004441300006,46.6436523730001,0
                1.45527706500008,46.691209083,0
                1.47637136100002,46.7282158240001,0
                1.43404165700002,46.786288638,0
                1.37325938400005,46.8073575340001,0
                1.34152198400005,46.8416661030001,0
                1.35993786600005,46.913012458,0
                1.44443076000005,46.9527286570001,0
                1.55536067000003,46.973980999,0
                1.66361216400003,47.0295729530001,0
                1.75595968100004,47.1353407670001,0
                1.86948898200006,47.1962218190001,0
                1.93286782600006,47.2174233590001,0
                1.97247678000002,47.2333160480001,0
                2.03851992700004,47.233386604,0
                2.12305233300003,47.2361186410001,0
                2.19172591700004,47.2467589230001,0
                2.24452656900007,47.278516079,0
                2.31052173800003,47.323495974,0
                2.40027550600007,47.3843516250001,0
                2.51121106000005,47.400320515,0
                2.59311302900005,47.392482826,0
                2.68025611700006,47.424276671,0
                2.75159400400003,47.4137859670001,0
                2.78323262600003,47.471937804,0
                2.79634247700005,47.5644123210001,0
                2.85437860200005,47.6410844600001,0
                2.86483826000006,47.7414813330001,0
                2.79871044600003,47.820662553,0
                2.77481355700007,47.9342313670001,0
                2.78258915700007,48.0742513060001,0
                2.82742229600007,48.145625882,0
                2.84850248100003,48.195841252,0
                2.85373795500004,48.240756236,0
                2.93825342700006,48.2593386290001,0
                2.94872719700004,48.346526872,0
                2.98567749300003,48.3782670950001,0
                3.07026069900007,48.3334480660001,0
                3.13641673500007,48.227849586,0
                3.16819364700007,48.156556854,0
                3.17362103200003,48.0218344780001,0
                3.25023672800006,48.0166328720001,0
                3.34800316300004,47.995603487,0
                3.40091388100006,47.924333333,0
                3.45912216200003,47.839860193,0
                3.52249818300004,47.8637034600001,0
                3.53034998300006,47.9323968,0
                3.58053430800004,47.9403756,0
                3.66507518100002,47.9351824600001,0
                3.67291851400006,48.0118009770001,0
                3.74948623100005,48.0515087100001,0
                3.74940720800004,48.1254770350001,0
                3.80749695500003,48.151956383,0
                3.92634075300003,48.183784094,0
                3.97120493800003,48.2260996860001,0
                4.05574863200007,48.2182648200001,0
                4.13234739400002,48.228913569,0
                4.14811308200007,48.3081822780001,0
                4.18238778500006,48.371620389,0
                4.28004697600005,48.4509765880001,0
                4.36461042700006,48.424649641,0
                4.41477499600006,48.4511205220001,0
                4.44373802400003,48.5409702470001,0
                4.46477587600003,48.6308115050001,0
                4.49378970500004,48.673110164,0
                4.54658471100004,48.71015077,0
                4.57820922200005,48.781511236,0
                4.66801661300002,48.7921740960001,0
                4.76839655200007,48.7975647920001,0
                4.88726575000004,48.8056169710001,0
                4.95327503100003,48.837388237,0
                4.91623160100005,48.8928249690001,0
                4.87391883100003,48.9350474280001,0
                4.82108431300003,48.934990983,0
                4.78141609100004,48.9745745380001,0
                4.79716766800004,49.067051877,0
                4.74952064700005,49.1568197570001,0
                4.71774938000004,49.2228290370001,0
                4.68600351400005,49.2650627850001,0
                4.65952698900003,49.3205108060001,0
                4.61980232100007,49.4129288780001,0
                4.55896078200004,49.4894740170001,0
                4.51928973800005,49.531699298,0
                4.41626525000004,49.5289475050001,0
                4.33963262100002,49.5499994680001,0
                4.36067894000007,49.6319155480001,0
                4.31041841400003,49.695263347,0
                4.21789874200005,49.750640812,0
                4.17822205200002,49.7981495450001,0
                4.16493722300004,49.8694620320001,0
                4.08828201600005,49.9116478020001,0
                4.03013018000007,49.9432864230001,0
                4.02478463900007,50.001398748,0
                3.97185981000007,50.085877532,0
                4.03786626800007,50.120290524,0
                4.11707853300004,50.1573593530001,0
                4.16196247300007,50.181182864,0
                4.24649487900007,50.183914902,0
                4.32836862600004,50.2024944730001,0
                4.42345664700002,50.2158047020001,0
                4.51063077900005,50.2185395610001,0
                4.58458217000003,50.2344689400001,0
                4.67439520600004,50.2398483470001,0
                4.76682174500007,50.2716478360001,0
                4.85926239500003,50.2902386960001,0
                4.96490320800007,50.3167688440001,0
                5.04679671100007,50.316856333,0
                5.17092960500003,50.3434062370001,0
                5.26073417400005,50.3567108220001,0
                5.35051616500004,50.391149215,0
                5.43941381800005,50.429108967,0
                5.50986736800007,50.4221396250001,0
                5.56971073900007,50.4556654560001,0
                5.65068603700007,50.490975017,0
                5.70874191700005,50.549155076,0
                5.73864761000004,50.5808877710001,0
                5.79319624100003,50.624974863,0
                5.85304902000007,50.6496949410001,0
                5.88472903400003,50.669101465,0
                5.93579299400005,50.6779617810001,0
                6.02377150100006,50.75202418,0
                6.05717503600005,50.806655597,0
                6.10995687200005,50.856024258,0
                6.24379490900003,50.864973004,0
                6.34948652300005,50.8439520860001,0
                6.40938445800003,50.8264045510001,0
                6.48338476800006,50.7965440130001,0
                6.55034423800004,50.7631536490001,0
                6.63316159100003,50.722735615,0
                6.74763637900003,50.7228579120001,0
                6.83918046100007,50.7564176110001,0
                6.90784087500003,50.779385947,0
                6.97478529400007,50.760084787,0
                7.04519745100004,50.7918607570001,0
                7.10856876800005,50.8201069,0
                7.12260905400007,50.8659118680001,0
                7.05916247700003,50.9081117480001,0
                7.02385291700006,50.9890870450001,0
                6.98504739600003,51.045402471,0
                6.94624187500006,51.1017178970001,0
                6.87219829100007,51.172084898,0
                6.80519554600005,51.2459817270001,0
                6.75934542300007,51.3022896270001,0
                6.73109551700003,51.369183245,0
                6.76533541200007,51.4652026410001,0
                6.89213261000003,51.47062156,0
                6.99512887500003,51.499790612,0
                7.14306552500005,51.4999486570001,0
                7.27778507800002,51.50801777,0
                7.42042698700004,51.5187370730001,0
                7.53137100700008,51.526780785,0
                7.65018940500005,51.5823840290001,0
                7.80339257400004,51.598398074,0
                7.93282020800007,51.614386719,0
                8.13355468700007,51.648943645,0
                8.29732193600006,51.6676107050001,0
                8.41351554100004,51.707360771,0
                8.63006933000003,51.7709936160001,0
                8.70399249900004,51.813340253,0
                8.72241966900003,51.8741197040001,0
                8.68272040300008,51.9427622430001,0
                8.64569108400002,51.9849903460001,0
                8.58227555200006,51.9981312420001,0
                8.51884873100005,52.0218390420001,0
                8.42635728000005,52.050799248,0
                8.35763571800004,52.085068306,0
                8.25456889800006,52.1219424020001,0
                8.13565172100004,52.1587995630001,0
                8.03785988600004,52.2036044810001,0
                7.94276339800007,52.1982194290001,0
                7.86876685100003,52.2245576650001,0
                7.80270959200004,52.2376957380001,0
                7.74192731900007,52.258764634,0
                7.63884921000005,52.306205633,0
                7.65990399400005,52.380196535,0
                7.75236440000003,52.3802953140001,0
                7.83953288800006,52.3883136250001,0
                7.86587959100007,52.4543849940001,0
                7.92400038200003,52.4518053580001,0
                8.01383035100002,52.4413344100001,0
                8.14329749800004,52.4203388930001,0
                8.25428949600007,52.383473264,0
                8.41015979000002,52.3757145980001,0
                8.51057359600003,52.3494045850001,0
                8.66380780800006,52.336359644,0
                8.71672134800002,52.262447765,0
                8.77485625100007,52.246659498,0
                8.81708435400003,52.2836888160001,0
                8.83814196100008,52.3550379930001,0
                8.93318764800006,52.407974111,0
                9.05995944600005,52.4371685630001,0
                9.21313439100004,52.479599867,0
                9.34259307200006,52.466529527,0
                9.54603983200008,52.4350461280001,0
                9.62535087500004,52.379654552,0
                9.70993125900003,52.3374772500001,0
                9.77333832500005,52.3322615320001,0
                9.83142242700006,52.3640243310001,0
                9.98725603200006,52.390608102,0
                10.1272816150001,52.3775490510001,0
                10.2355951980001,52.3750230370001,0
                10.394104396,52.3699089190001,0
                10.4574634840001,52.409602541,0
                10.563132519,52.4097154300001,0
                10.682010184,52.40984243,0
                10.7823834700001,52.42146101,0
                10.8880676250001,52.4074208390001,0
                10.980544965,52.3916692620001,0
                11.0730194820001,52.37855941,0
                11.173424821,52.360174574,0
                11.2500348720001,52.3602564190001,0
                11.3424952780001,52.360355198,0
                11.4137936550001,52.386848657,0
                11.5141594830001,52.405447983,0
                11.6382641540001,52.458415146,0
                11.7438823900001,52.5060791010001,0
                11.881175935,52.577552456,0
                11.97357143,52.6384109300001,0
                12.089717057,52.723070336,0
                12.153053567,52.7838977650001,0
                12.224301143,52.85794229,0
                12.3484650820001,52.8554332090001,0
                12.4540946060001,52.892530261,0
                12.5623884340001,52.9084963280001,0
                12.7235196020001,52.921877114,0
                12.8406097750001,52.946658341,0
                12.932208421,52.9291446730001,0
                13.051936557,52.957451023,0
                13.1566582240001,53.020083818,0
                13.2490537190001,53.080942291,0
                13.351215505,53.0669622130001,0
                13.3231274070001,52.9823968810001,0
                13.1999597550001,52.876596142,0
                13.1331188190001,52.799034019,0
                13.0275400950001,52.7143859010001,0
                13.0346486670001,52.6545143070001,0
                13.1614515100001,52.6546497740001,0
                13.2460093170001,52.6336062780001,0
                13.3305483080001,52.6301742890001,0
                13.4079787260001,52.6866138940001,0
                13.471338754,52.72542694,0
                13.6474124210001,52.7643604020001,0
                13.8411276960001,52.7751342700001,0
                13.999601145,52.8034820130001,0
                13.9537472600001,52.8633122140001,0
                13.8479954380001,52.9406899510001,0
                13.999409234,52.9831193730001,0
                13.999360315,53.0289092880001,0
                14.041563959,53.088833564,0
                14.1295311760001,53.1734628670001,0
                14.192862914,53.2387570280001,0
                14.2808019780001,53.3497397340001,0
                14.354653651,53.4590100930001,0
                14.4813059740001,53.600037608,0
                14.491778803,53.688106426,0
                14.5797911770001,53.7304681140001,0
                14.667965359,53.621370852,0
                14.6575038190001,53.5227351300001,0
                14.576588729,53.4310687510001,0
                14.435828386,53.3076376910001,0
                14.266957367,53.1207751060001,0
                14.189557053,53.0361570910001,0
                14.143872501,52.9374837400001,0
                14.2143749690001,52.884724481,0
                14.293711413,52.8055573720001,0
                14.3924092240001,52.736977863,0
                14.49639425,52.6648816960001,0
                14.577425992,52.647356739,0
                14.6566175610001,52.7037982250001,0
                14.75697304,52.7320838790001,0
                14.8361853060001,52.7691527090001,0
                14.9207130080001,52.776287622,0
                14.9999817180001,52.7605219340001,0
                15.095931969,52.791004323,0
                15.21612062,52.8003787750001,0
                15.299319462,52.814997168,0
                15.3666340840001,52.861299338,0
                15.4035364010001,52.9379489,0
                15.400817064,53.0105935390001,0
                15.4840271960001,53.0146450290001,0
                15.5566436140001,53.0437816250001,0
                15.581644053,53.1336271160001,0
                15.520820857,53.193001037,0
                15.4665779870001,53.274836684,0
                15.4070417880001,53.3659127270001,0
                15.4426641650001,53.4042558520001,0
                15.461088513,53.4676770290001,0
                15.4689064450001,53.568071079,0
                15.5150350480001,53.663222601,0
                15.512335466,53.717375159,0
                15.6827013860001,53.7413327260001,0
                15.8517845430001,53.729625583,0
                15.927147108,53.661021143,0
                15.882297035,53.605496922,0
                15.8356684070001,53.5662614610001,0
                15.760811511,53.573666388,0
                15.689504668,53.555098107,0
                15.606298769,53.547084028,0
                15.601088695,53.478393511,0
                15.6209947730001,53.3912377230001,0
                15.7069298870001,53.317361121,0
                15.7004201180001,53.228856249,0
                15.738790054,53.168137476,0
                15.800836745,53.1999045090001,0
                15.8549229810001,53.2646846490001,0
                15.8865404360001,53.3426494300001,0
                15.904939384,53.4298461390001,0
                15.9630206640001,53.4642506650001,0
                16.0317097700001,53.4603614540001,0
                16.1334148060001,53.4617909730001,0
                16.1955080650001,53.449969529,0
                16.2021857570001,53.3812917110001,0
                16.146764547,53.3297187900001,0
                16.054309785,53.3243365600001,0
                15.9948907090001,53.3057809790001,0
                15.9844183500001,53.2172718730001,0
                15.959374166,53.1683731320001,0
                15.9607782840001,53.09044363,0
                16.0071209060001,52.9852642710001,0
                16.116312243,52.985380923,0
                16.2677373270001,53.0172434420001,0
                16.3769249010001,53.020882396,0
                16.440269877,53.0737846470001,0
                16.478917353,53.16540587,0
                16.54935585,53.1725257320001,0
                16.669129142,53.1585644690001,0
                16.774794415,53.1621996600001,0
                16.964994916,53.1659251620001,0
                17.1164726810001,53.1484754640001,0
                17.2608305850001,53.201464263,0
                17.433415816,53.208693252,0
                17.602467458,53.226485381,0
                17.6623653930001,53.208937846,0
                17.7258082070001,53.1702602660001,0
                17.7998367390001,53.1139824700001,0
                17.916076441,53.110584347,0
                18.042879284,53.110719815,0
                18.12386587,53.135462472,0
                18.088481051,53.286883792,0
                18.134214521,53.339767228,0
                18.225696515,53.4314448960001,0
                18.334823881,53.491440669,0
                18.429858278,53.5549436910001,0
                18.5319598570001,53.5973204310001,0
                18.6023456730001,53.6537525100001,0
                18.630426245,53.7453624440001,0
                18.683170451,53.8299541170001,0
                18.7218329790001,53.907486136,0
                18.725219813,54.034292742,0
                18.725159605,54.0906495610001,0
                18.7039204340001,54.189251416,0
                18.679189066,54.2596710980001,0
                18.657998815,54.312483038,0
                18.633271209,54.3793804200001,0
                18.6133538490001,54.469383656,0
                18.64362455,54.555218236,0
                18.6919706680001,54.6923068580001,0
                18.72851674,54.795935666,0
                18.754155288,54.8686354700001,0
                18.7902170740001,54.970891056,0
                18.8230681380001,55.064042423,0
                18.8475342020001,55.1334175710001,0
                18.8870112970001,55.2453574890001,0
                18.9131341790001,55.3194306510001,0
                18.951843098,55.4291923580001,0
                18.9276436010001,55.527031101,0
                18.899956091,55.638971912,0
                18.869804867,55.7608735310001,0
                18.8571836900001,55.811901043,0
                18.822792049,55.9509483370001,0
                18.892994942,55.9882710960001,0
                18.9512104030001,56.01922226,0
                18.9839087780001,56.0948343790001,0
                18.993426733,56.1168450050001,0
                19.033635673,56.1171165870001,0
                19.068193738,56.1173502930001,0
                19.173828423,56.1180633060001,0
                19.2637036410001,56.1186700960001,0
                19.3388307600001,56.119176682,0
                19.3957554990001,56.1195607970001,0
                19.559535726,56.1206661890001,0
                19.7972826380001,56.122271165,0
                19.8685945180001,56.122752636,0
                20.019179852,56.123769801,0
                20.1785322280001,56.124844744,0
                20.24639002,56.1253026910001,0
                20.290454004,56.1256002270001,0
                20.4154504210001,56.1264448100001,0
                20.5897673900001,56.1276208150001,0
                20.757843501,56.128755513,0
                20.8019968420001,56.0860822870001,0
                20.9016789500001,55.9897366920001,0
                20.9650596550001,56.0056538310001,0
                21.012519947,56.036434942,0
                21.054817498,56.063867971,0
                21.1552255450001,56.0428414930001,0
                21.1975776560001,55.9636349030001,0
                21.1501049440001,55.8896160730001,0
                21.197741255,55.810415397,0
                21.3351700310001,55.7577269350001,0
                21.4883991950001,55.747323835,0
                21.4831882840001,55.6786333050001,0
                21.431865955,55.632343092,0
                21.430405464,55.6310257480001,0
                21.4991912630001,55.535997325,0
                21.589078176,55.4726915420001,0
                21.653131396,55.455453445,0
                21.784625535,55.420066278,0
                21.9431401910001,55.409668836,0
                22.0071999630001,55.4120248930001,0
                22.0910671870001,55.415109768,0
                22.201989284,55.446929991,0
                22.373809936,55.4516345070001,0
                22.402753078,55.4524270680001,0
                22.5506507690001,55.4895694150001,0
                22.573966725,55.4934810830001,0
                22.6140388480001,55.5002041400001,0
                22.7408405040001,55.50033948,0
                22.920570508,55.4159959250001,0
                23.012201975,55.4082405560001,0
                23.1055072190001,55.400343838,0
                23.33805312,55.3319072880001,0
                23.4331523910001,55.3320088850001,0
                23.477102911,55.326323846,0
                23.5546917180001,55.3162877930001,0
                23.7132572990001,55.2583391040001,0
                23.7525574480001,55.2566725770001,0
                23.8347848780001,55.253186188,0
                24.0039041050001,55.2058154540001,0
                24.1941709010001,55.147900803,0
                24.223998995,55.173807944,0
                24.27334648,55.2166700970001,0
                24.3843036480001,55.216788636,0
                24.4266610670001,55.1322978600001,0
                24.438833801,55.099937165,0
                24.4584487990001,55.0477971760001,0
                24.5800142910001,55.0056589820001,0
                24.626474826,54.989632348,0
                24.7174379850001,54.9582556330001,0
                24.85943946,54.953825979,0
                24.8812271400001,54.95314641,0
                24.8972075400001,54.8316441520001,0
                24.828830231,54.818747542,0
                24.8126896590001,54.815703168,0
                24.8117004650001,54.811229881,0
                24.791656317,54.72057836,0
                24.9555454540001,54.6256517350001,0
                24.956367331,54.625196288,0
                25.050707792,54.572917874,0
                25.139901863,54.5263174840001,0
                25.1617194580001,54.514918822,0
                25.2726317030001,54.552021655,0
                25.3625016840001,54.50456645,0
                25.471512041,54.50064587,0
                25.505160087,54.499435718,0
                25.5107649180001,54.4943091600001,0
                25.5686261130001,54.4413854630001,0
                25.6690113500001,54.4414927080001,0
                25.6836263170001,54.440533868,0
                25.748266356,54.436293612,0
                25.8539361140001,54.4364065020001,0
                25.949566433,54.4319553020001,0
                25.9648926190001,54.4312419350001,0
                25.999298659,54.4165404920001,0
                26.0759003540001,54.3838092030001,0
                26.0921707320001,54.3190101220001,0
                26.097121251,54.2992963770001,0
                26.1395918970001,54.1091374580001,0
                26.14219496,54.0581759770001,0
                26.144989944,54.0034743250001,0
                26.174696435,53.976794521,0
                26.1978732850001,53.9559798830001,0
                26.2664827200001,54.024737697,0
                26.398496627,54.0935645750001,0
                26.4616536980001,54.087617041,0
                26.5094631260001,54.083115133,0
                26.620426405,54.072666419,0
                26.662772799,53.998744093,0
                26.6628744380001,53.903641356,0
                26.699908195,53.8561302420001,0
                26.7365755860001,53.830979615,0
                26.784509514,53.798102586,0
                26.8690945290001,53.750641542,0
                27.001221324,53.713798937,0
                27.0833817340001,53.696284033,0
                27.149187662,53.6822561110001,0
                27.207957806,53.6986484120001,0
                27.2442633160001,53.7087749950001,0
                27.312919406,53.735265525,0
                27.3762878520001,53.767033843,0
                27.402620051,53.8463140970001,0
                27.328561139,53.9307702510001,0
                27.2598316720001,53.972964318,0
                27.2016289800001,54.0521539750001,0
                27.317809181,54.105112971,0
                27.4129266080001,54.089364066,0
                27.497518029,54.0366197720001,0
                27.5307117840001,54.0057056590001,0
                27.576851375,53.9627360110001,0
                27.6033521250001,53.8835125480001,0
                27.608825074,53.8508840970001,0
                27.6246195210001,53.75673227,0
                27.6611570200001,53.7006534230001,0
                27.6934208220001,53.651136986,0
                27.7350097130001,53.656172767,0
                27.825484139,53.667128113,0
                27.8835477150001,53.720024687,0
                27.9575278820001,53.7095369960001,0
                28.0579296810001,53.6937938390001,0
                28.179411154,53.7309078150001,0
                28.364330604,53.7311053700001,0
                28.538685376,53.7312916110001,0
                28.544034046,53.7309284930001,0
                28.691920559,53.720888555,0
                28.792396108,53.636460728,0
                28.8449718530001,53.6179663340001,0
                28.882244138,53.6048559430001,0
                28.9375290620001,53.628618482,0
                28.9931480990001,53.6525252910001,0
                28.9930408540001,53.752910758,0
                29.1145589000001,53.7530405810001,0
                29.199127656,53.721430308,0
                29.273197859,53.6264070070001,0
                29.286446518,53.6288304990001,0
                29.389410447,53.6476650490001,0
                29.403495568,53.6155672020001,0
                29.426488669,53.563170164,0
                29.526833041,53.60026079,0
                29.526721373,53.7059301200001,0
                29.619169873,53.71659577,0
                29.6326403630001,53.7186437280001,0
                29.759158692,53.737878703,0
                29.827911016,53.67455076,0
                29.858733568,53.643793224,0
                29.896668113,53.605939332,0
                29.9411876820001,53.577387,0
                29.970687538,53.5584677570001,0
                30.036885554,53.5494086300001,0
                30.123929294,53.5374971590001,0
                30.1548321980001,53.4758579050001,0
                30.176879367,53.4318854040001,0
                30.221114711,53.455538501,0
                30.2560831760001,53.474236584,0
                30.3723309870001,53.4637941350001,0
                30.4463616780001,53.4057551340001,0
                30.447524752,53.390845831,0
                30.451720675,53.337075661,0
                30.5009513050001,53.300767949,0
                30.5733333470001,53.247387109,0
                30.6002107890001,53.2061348060001,0
                30.642135087,53.1417920540001,0
                30.753062017,53.1630438460001,0
                30.801444024,53.176539066,0
                30.8481347200001,53.189562536,0
                30.8671379310001,53.1920619110001,0
                30.969638957,53.2055432710001,0
                31.0858179780001,53.2585014860001,0
                31.138486142,53.264635739,0
                31.2231692290001,53.2744987890001,0
                31.3394452250001,53.2376386970001,0
                31.3395298930001,53.1583869510001,0
                31.3841632240001,53.1212737010001,0
                31.402989237,53.105620001,0
                31.5087281730001,53.0423313740001,0
                31.5458222030001,52.936702256,0
                31.5465335220001,52.9329639850001,0
                31.5830141860001,52.741253859,0
                31.6820424200001,52.7166094450001,0
                31.688711762,52.7149496980001,0
                31.7037360690001,52.707131503,0
                31.8103015740001,52.6516780760001,0
                31.8568922210001,52.595888024,0
                31.8632017030001,52.588332956,0
                31.8739750030001,52.58506671,0
                31.98476191,52.551478683,0
                32.058844467,52.5721426910001,0
                32.07983426,52.577997646,0
                32.1167476680001,52.641438673,0
                32.206505759,52.699651902,0
                32.3385309540001,52.757911146,0
                32.3948111880001,52.8143111050001,0
                32.4124211340001,52.8319586480001,0
                32.5075110230001,52.842627109,0
                32.551649927,52.8456171390001,0
                32.666001147,52.853363808,0
                32.7135034190001,52.9009651050001,0
                32.7240007440001,52.964377911,0
                32.7665733690001,52.973885721,0
                32.819083606,52.9856133330001,0
                32.8348438720001,53.07016573,0
                32.7938821860001,53.141670128,0
                32.771322393,53.1810502120001,0
                32.835224625,53.249662845,0
                32.8452068920001,53.260381034,0
                32.847298865,53.2730155930001,0
                32.8609562020001,53.355500496,0
                32.9559991310001,53.4084360420001,0
                33.0256346680001,53.435303805,0
                33.0933151410001,53.4614176060001,0
                33.1365609220001,53.4731104030001,0
                33.230642803,53.4985488740001,0
                33.3555636790001,53.5349600230001,0
                33.394381234,53.546274517,0
                33.4734472640001,53.5938292000001,0
                33.552783103,53.6415463910001,0
                33.6636938880001,53.6786486410001,0
                33.7640396130001,53.715740463,0
                33.829751528,53.7690497520001,0
                33.874899419,53.80567741,0
                33.901231619,53.884957377,0
                33.9237546900001,53.9105389200001,0
                33.9803858590001,53.9748602810001,0
                34.0702223750001,53.959106315,0
                34.1442925760001,53.8640832980001,0
                34.145065958,53.8633569730001,0
                34.2342028900001,53.7796443440001,0
                34.3346389270001,53.7322002340001,0
                34.3544257510001,53.663222203,0
                34.387669627,53.547335676,0
                34.3983883160001,53.404693766,0
                34.5410435200001,53.4048461690001,0
                34.710068144,53.447294522,0
                34.8685377690001,53.47916444,0
                34.9120045270001,53.493705124,0
                34.9794488800001,53.516267359,0
                35.0270356980001,53.5512412190001,0
                35.058640815,53.574469965,0
                35.1166808350001,53.648500379,0
                35.2065011970001,53.648596502,0
                35.257858422,53.605888689,0
                35.269955463,53.5958294640001,0
                35.2782064790001,53.5746802350001,0
                35.3070446450001,53.5007675190001,0
                35.3379616220001,53.508531964,0
                35.3704247700001,53.51668505,0
                35.460188363,53.5696156860001,0
                35.4611199280001,53.573124249,0
                35.4812339540001,53.648890007,0
                35.4725562040001,53.689191733,0
                35.4653089330001,53.722841219,0
                35.4470283420001,53.8182547150001,0
                35.4440552570001,53.833770809,0
                35.4000241740001,53.855728028,0
                35.3594754850001,53.8759483900001,0
                35.2167943490001,53.9022131420001,0
                35.100535725,53.9232229730001,0
                34.9895557460001,53.949521593,0
                34.8996631890001,54.018110521,0
                34.8245503370001,54.0445304780001,0
                34.809810326,54.0497150780001,0
                34.8000455540001,54.088596565,0
                34.7938916040001,54.113100414,0
                34.7937843600001,54.213485652,0
                34.7936884040001,54.3033041130001,0
                34.80659303,54.312788348,0
                34.872879432,54.3615067210001,0
                34.967879011,54.456710071,0
                35.032835866,54.467607844,0
                35.0946578470001,54.477980238,0
                35.2425227780001,54.546823192,0
                35.3375656050001,54.5997586730001,0
                35.4883711040001,54.638433197,0
                35.5858222630001,54.663425127,0
                35.7760494880001,54.6424946060001,0
                35.9768768690001,54.5898747890001,0
                36.1512817390001,54.5425098950001,0
                36.223842314,54.5623824730001,0
                36.3255850560001,54.590247408,0
                36.399435076,54.7012786770001,0
                36.415964278,54.763531592,0
                36.462578959,54.939101232,0
                36.5083399660001,55.018772643,0
                36.5627825870001,55.113562963,0
                36.6294661960001,55.1563417130001,0
                36.6947749,55.1982399120001,0
                36.826862186,55.1983810250001,0
                36.9748004940001,55.1985390720001,0
                37.1774096090001,55.2021890760001,0
                37.286517486,55.2041548600001,0
                37.635259492,55.172826811,0
                37.7427552440001,55.160727754,0
                38.100259759,55.12048966,0
                38.3221829780001,55.104875802,0
                38.3466908020001,55.1121125770001,0
                38.4119692410001,55.1313894560001,0
                38.401302582,55.2264791590001,0
                38.2533191160001,55.2685899370001,0
                38.03664682,55.31590815,0
                37.8879505310001,55.3472853280001,0
                37.862257674,55.352706739,0
                37.839554956,55.3566300080001,0
                37.7407149840001,55.3737101940001,0
                37.592737163,55.4105367240001,0
                37.5405519990001,55.4191774340001,0
                37.5293284100001,55.421035734,0
                37.254588749,55.420742499,0
                37.1983510740001,55.4908829030001,0
                37.1911004,55.4999262790001,0
                37.3917864860001,55.5793927550001,0
                37.4891412870001,55.603345157,0
                37.650606936,55.643071336,0
                37.7145065390001,55.63675004,0
                37.8091281370001,55.62738983,0
                37.8805440350001,55.6043124460001,0
                38.0046863520001,55.5641978350001,0
                38.126755744,55.5227864930001,0
                38.2530955,55.4799273350001,0
                38.517370349,55.3851072350001,0
                38.7076483750001,55.3166255520001,0
                38.8503972440001,55.2269593460001,0
                39.0138088080001,55.165425822,0
                39.0882503190001,55.1373948020001,0
                39.218397204,55.1404919030001,0
                39.3207179230001,55.1429270890001,0
                39.400395286,55.125309273,0
                39.5109635430001,55.100861996,0
                39.603308939,55.0648411980001,0
                39.632534649,55.053441649,0
                39.791162195,54.9373747220001,0
                39.9286370470001,54.8424187740001,0
                40.0769655030001,54.743759954,0
                40.1506964220001,54.6947193870001,0
                40.20866296,54.6648798160001,0
                40.3145753260001,54.610360014,0
                40.5999082370001,54.584247012,0
                40.73198419,54.594954914,0
                40.735133337,54.5960083750001,0
                40.842895017,54.632058011,0
                40.8676967540001,54.6643688940001,0
                40.89565879,54.700798976,0
                40.8954838110001,54.864585612,0
                40.924803877,54.956142334,0
                40.942875015,55.012572624,0
                41.0208222470001,55.0092676890001,0
                41.064401724,55.0074199480001,0
                41.1068494520001,54.838394958,0
                41.05416969,54.6956844540001,0
                41.0361192550001,54.55462713,0
                41.0332080370001,54.5318748060001,0
                41.034430527,54.4838645,0
                41.038725067,54.3152584060001,0
                41.049823851,54.2408773060001,0
                41.060008727,54.172628601,0
                41.1023614150001,54.1616285150001,0
                41.181563677,54.1410581320001,0
                41.2103728180001,54.147949812,0
                41.2924858700001,54.1675931460001,0
                41.345199382,54.27860292,0
                41.434844583,54.4424847760001,0
                41.5773840370001,54.54830666,0
                41.7251981680001,54.664700968,0
                41.7535450890001,54.696895307,0
                41.8043558480001,54.7546041310001,0
                41.7302912910001,54.844343715,0
                41.6456548,54.9393557270001,0
                41.6595310440001,55.0266851050001,0
                41.6666454140001,55.0714640740001,0
                41.7828310560001,55.1191395170001,0
                41.8674228460001,55.0663957020001,0
                41.967926849,54.9555500440001,0
                42.100109429,54.8658725490001,0
                42.1370354740001,54.818793725,0
                42.19534451,54.744455013,0
                42.2958482810001,54.6336102440001,0
                42.3909249750001,54.6548453950001,0
                42.5334926520001,54.734249478,0
                42.6853200680001,54.8590961260001,0
                42.7393681730001,54.903539831,0
                42.9137504650001,54.87730866,0
                43.014135933,54.8774159050001,0
                43.18322829,54.856462804,0
                43.3576162260001,54.8249484880001,0
                43.3993836440001,54.819604548,0
                43.5214276450001,54.803989926,0
                43.8013971550001,54.851840076,0
                43.9652189700001,54.8203138850001,0
                44.0804369160001,54.8665441100001,0
                44.0972494550001,54.8732900580001,0
                44.1417672370001,54.8779431950001,0
                44.2504514180001,54.88930357,0
                44.4935033780001,54.8789963570001,0
                44.574366663,54.866317033,0
                44.694309762,54.8475101390001,0
                45.0166253850001,54.8214371340001,0
                45.2691205950001,54.816851582,0
                45.2913693310001,54.8164475740001,0
                45.6136450980001,54.832642913,0
                45.7016999530001,54.827976737,0
                45.809142842,54.8222838040001,0
                45.8983534750001,54.8368483350001,0
                46.00459841,54.854194158,0
                46.1800165980001,54.91967923,0
                46.231694464,54.9389710660001,0
                46.230270891,54.9544617560001,0
                46.226351316,54.997083789,0
                46.1341739800001,55.0379332520001,0
                46.0836268830001,55.0603333230001,0
                46.0188960950001,55.0697818670001,0
                45.903964817,55.0865577180001,0
                45.7893874390001,55.08970937,0
                45.7190380850001,55.0916442430001,0
                45.534115436,55.0914466850001,0
                45.2593758990001,55.0911531720001,0
                45.1777190770001,55.0889168990001,0
                45.058608942,55.0856545990001,0
                44.8472734090001,55.085428822,0
                44.561957433,55.0956907990001,0
                44.408688001,55.13779593,0
                44.276431383,55.2961581850001,0
                44.1652948190001,55.470394045,0
                44.1580602550001,55.5631623370001,0
                44.1545825910001,55.6077513980001,0
                44.1438413240001,55.771527318,0
                44.1322331150001,55.868149945,0
                44.117182945,55.9934046990001,0
                44.1804628630001,56.1097069790001,0
                44.080038115,56.1465843120001,0
                43.9838020650001,56.1495862090001,0
                43.9162448280001,56.1516933280001,0
                43.757780848,56.114539693,0
                43.720212385,56.048630163,0
                43.6945005900001,56.003519924,0
                43.5941943770001,55.9294435250001,0
                43.5338108,55.917765203,0
                43.4568502230001,55.902880161,0
                43.381370685,55.8979292450001,0
                43.293078177,55.8921372140001,0
                43.174679675,55.8967471460001,0
                43.160983753,55.8972803550001,0
                43.002418172,55.9552290440001,0
                42.99059548,55.9976121400001,0
                42.9758952340001,56.050303625,0
                43.181947715,56.0833091970001,0
                43.2083283600001,56.0875349820001,0
                43.308657038,56.140477687,0
                43.4089237410001,56.251536946,0
                43.5015956890001,56.344403759,0
                43.503927907,56.3467408830001,0
                43.672962844,56.3786222090001,0
                43.9318627370001,56.3683320110001,0
                44.2435903800001,56.3686650380001,0
                44.4283745210001,56.32650105,0
                44.5201569050001,56.305558454,0
                44.8161344310001,56.207250388,0
                45.2669770540001,56.221821592,0
                45.497922601,56.2710679940001,0
                45.7318116070001,56.3209420920001,0
                45.8904768150001,56.3114964630001,0
                46.1967860440001,56.2932613390001,0
                47.1125979780001,56.281911522,0
                47.2446852630001,56.2820526350001,0
                47.3523108860001,56.2642325350001,0
                47.4349234840001,56.2505542970001,0
                47.6937961250001,56.26668139,0
                47.8998752350001,56.245767974,0
                47.9577393870001,56.218838442,0
                47.9791634250001,56.2088682310001,0
                48.1642361840001,56.066412874,0
                48.354531143,55.9820806120001,0
                48.597659836,55.8978047950001,0
                48.6740160620001,55.9022500820001,0
                48.782566624,55.9085703050001,0
                49.0065166160001,55.9135737080001,0
                49.030884718,55.9141182020001,0
                49.089623815,55.927236839,0
                49.268585869,55.9672065280001,0
                49.3607176850001,56.0185202050001,0
                49.4111542460001,56.0466118150001,0
                49.5102702550001,56.0863803280001,0
                49.5431842950001,56.0995866650001,0
                49.733344383,56.1420569320001,0
                49.7823990730001,56.1070964450001,0
                49.881391588,56.0365461690001,0
                49.9695428300001,55.99450324,0
                50.0029739880001,55.978559089,0
                50.082330708,55.8835410510001,0
                50.2778152180001,55.8837498930001,0
                50.541977622,55.894598865,0
                50.6687683430001,55.905301143,0
                50.853688248,55.905498698,0
                50.9728276230001,55.899355864,0
                51.05446985,55.8951463750001,0
                51.0782391980001,55.881975078,0
                51.1496323310001,55.8424141260001,0
                51.2845736250001,55.726333573,0
                51.3029909680001,55.710490688,0
                51.382243859,55.710575357,0
                51.5988427950001,55.731940503,0
                51.7784562860001,55.753266136,0
                51.8366533350001,55.679360251,0
                51.9264844140001,55.6688894700001,0
                52.1536709700001,55.6691321800001,0
                52.380846239,55.679941667,0
                52.4390169380001,55.70425111,0
                52.5075962980001,55.732911351,0
                52.607930966,55.7805697570001,0
                52.7398934120001,55.896946916,0
                52.708130167,55.9550310720001,0
                52.6763782100001,56.002548367,0
                52.708029389,56.0501334260001,0
                52.834831111,56.0502694310001,0
                52.9837412860001,56.0452930020001,0
                52.988055747,56.045148834,0
                53.1994234860001,56.0189571750001,0
                53.25176752,56.0134453000001,0
                53.447775719,55.9928062540001,0
                53.606205822,56.0616600100001,0
                53.8386397410001,56.093608687,0
                53.928874557,56.0739711430001,0
                54.0077531360001,56.056805034,0
                54.2086026330001,55.983052086,0
                54.364468313,55.942057022,0
                54.4887025260001,55.9093820940001,0
                54.7107325090001,55.793383116,0
                54.8216836610001,55.793501683,0
                54.9189886610001,55.8107801630001,0
                55.0910910040001,55.8413406810001,0
                55.2865437840001,55.8732501090001,0
                55.352791525,55.8833601160001,0
                55.460868863,55.8998538920001,0
                55.61544436,55.9378136670001,0
                55.698563924,55.958225842,0
                55.799029386,56.0045159150001,0
                55.893953814,56.0482533300001,0
                56.0946960650001,56.074885619,0
                56.1508598520001,56.082969383,0
                56.2056344430001,56.0908537620001,0
                56.2475693210001,56.08730454,0
                56.3905726840001,56.0752017130001,0
                56.5702287460001,56.0542600680001,0
                56.734035013,56.038584025,0
                56.7890519790001,56.039788828,0
                56.9876339510001,56.044138043,0
                57.126176285,56.082878829,0
                57.822172955,56.2775019010001,0
                57.8326828,56.3303474950001,0
                57.7903081090001,56.430688381,0
                57.764174939,56.4654545380001,0
                57.726814324,56.515155287,0
                57.703125346,56.5590403310001,0
                57.689758952,56.58380091,0
                57.6664831940001,56.612831553,0
                57.626271042,56.6629846330001,0
                57.5786333030001,56.742185514,0
                57.41997854,56.8846690830001,0
                57.351340522,56.842329195,0
                57.2510284320001,56.7735370660001,0
                57.145426409,56.710022436,0
                56.9816753580001,56.678146987,0
                56.8812667390001,56.699173353,0
                56.8125203380001,56.757217999,0
                56.807066714,56.9157158450001,0
                56.8112137420001,56.9682628090001,0
                56.817491133,57.0478126720001,0
                56.7592826900001,57.132286514,0
                56.6747259000001,57.1533297570001,0
                56.5742785730001,57.211340642,0
                56.5710942160001,57.2150070640001,0
                56.5055101350001,57.2905190330001,0
                56.505397245,57.3961883680001,0
                56.5476080770001,57.4490676180001,0
                56.6796272970001,57.5126107890001,0
                56.811674742,57.549735195,0
                56.9543271030001,57.5498873340001,0
                57.017755563,57.4865937270001,0
                57.0230844980001,57.4812760770001,0
                57.0373057310001,57.4721555630001,0
                57.0971041760001,57.433804987,0
                57.255635828,57.407556701,0
                57.301404652,57.399715665,0
                57.408882809,57.381302926,0
                57.452428146,57.3606244650001,0
                57.5198955070001,57.328587267,0
                57.6045030990001,57.25999267,0
                57.63104336,57.1437846310001,0
                57.604717588,57.0592221960001,0
                57.5564995140001,56.9867300220001,0
                57.5414153470001,56.9640515880001,0
                57.5484981440001,56.957444912,0
              </coordinates>
            </LinearRing>
          </outerBoundaryIs>
        </Polygon>
      </Placemark>
    </Document>
  </Document>
</kml>
