<?xml version="1.0" encoding="UTF-8"?>
<kml xmlns="http://www.opengis.net/kml/2.2">
  <Document id="root_doc">
    <Schema id="Bioregions_PA4.schema">
      <SimpleField name="OBJECTID" type="float"/>
      <SimpleField name="Shape_Leng" type="float"/>
      <SimpleField name="Shape_Area" type="float"/>
      <SimpleField name="Bioregions" type="string"/>
    </Schema>
    <Document id="Bioregions_PA4">
      <name>Bioregions_PA4</name>
      <Placemark id="Bioregions_PA4.1">
        <ExtendedData>
          <SchemaData schemaUrl="#Bioregions_PA4.schema">
            <SimpleData name="OBJECTID">183</SimpleData>
            <SimpleData name="Shape_Leng">448.01500980200</SimpleData>
            <SimpleData name="Shape_Area">1168.68838870000</SimpleData>
            <SimpleData name="Bioregions">PA4</SimpleData>
          </SchemaData>
        </ExtendedData>
        <Polygon>
          <outerBoundaryIs>
            <LinearRing>
              <coordinates>
                157.595305399,80.6646174620001,0
                158.123644737,80.663198122,0
                158.66293124,80.6617493740001,0
                159.127138065,80.650653215,0
                159.518689751,80.641293767,0
                160.178394047,80.6096504170001,0
                160.542901582,80.592827157,0
                160.902893111,80.575295946,0
                161.241264703,80.5580006470001,0
                161.747275037,80.5306811510001,0
                162.062901356,80.5127660030001,0
                162.328952891,80.4971458310001,0
                162.54147563,80.484327696,0
                162.815327568,80.4735869340001,0
                163.104206988,80.4551133740001,0
                163.307732592,80.4417565740001,0
                163.478757825,80.4303117330001,0
                163.803892362,80.4079874490001,0
                164.063627323,80.389605444,0
                164.258610562,80.375473781,0
                164.479131668,80.359131829,0
                164.865752873,80.3259236120001,0
                165.034845908,80.304970429,0
                165.235639652,80.2840511110001,0
                165.626671528,80.2316342840001,0
                165.943235552,80.1749709100001,0
                166.251322584,80.11825687,0
                166.54397878,80.0628496640001,0
                166.828720028,80.0074041130001,0
                167.207512552,79.93110283,0
                167.571698799,79.854751079,0
                168.04377095,79.7508903140001,0
                168.34574065,79.6812085430001,0
                168.636136055,79.6115195260001,0
                168.938570739,79.5358427850001,0
                169.227746376,79.460181306,0
                169.591951374,79.359654672,0
                170.039581719,79.2266519550001,0
                170.412330211,79.1061665070001,0
                170.754214831,78.985899703,0
                171.075523297,78.8620805450001,0
                171.365760558,78.738603395,0
                171.757300328,78.5475126150001,0
                172.051411515,78.375761772,0
                172.321460654,78.1807050040001,0
                172.677064759,77.7721227070001,0
                172.766235325,77.4778053260001,0
                172.725503898,77.1896581440001,0
                172.599850721,76.9507394090001,0
                172.39988762,76.717426496,0
                172.048180698,76.426862478,0
                171.812188309,76.269762649,0
                171.367220685,76.01693148,0
                170.976335304,75.8244773690001,0
                170.527385216,75.6258628310001,0
                170.184058716,75.4858500230001,0
                169.909167028,75.379580956,0
                169.631334123,75.2765824150001,0
                169.349296059,75.175905087,0
                169.040695946,75.0718343240001,0
                168.729832007,74.9746283360001,0
                168.175869107,74.8175112770001,0
                167.678741714,74.6914688790001,0
                167.203005636,74.5822794250001,0
                166.731837498,74.484076638,0
                166.274795877,74.3977358720001,0
                165.836157796,74.3232403320001,0
                165.5068883,74.2738920180001,0
                165.332868766,74.047457631,0
                165.19155203,73.863576154,0
                164.94655932,73.5447914010001,0
                164.55239172,73.0319001340001,0
                164.336487416,72.7509652420001,0
                164.154529546,72.514201482,0
                163.826096914,72.0868446210001,0
                163.599164725,71.791560234,0
                163.383260455,71.5106253860001,0
                163.15398393,71.2122905470001,0
                162.95297123,70.9507326250001,0
                162.721350288,70.6493472280001,0
                162.448094285,70.29378625,0
                162.229020785,70.008727596,0
                162.048164036,69.773396619,0
                161.93094985,69.7358172930001,0
                161.854963843,69.702956919,0
                161.781032207,69.6685354590001,0
                161.818134903,69.557622484,0
                161.855209377,69.4731267670001,0
                161.855299689,69.3885915390001,0
                161.83693743,69.267052392,0
                161.815922157,69.156077327,0
                161.734034299,69.1507063860001,0
                161.604632064,69.110942208,0
                161.44087046,69.086991697,0
                161.27712861,69.0445491040001,0
                161.219061441,68.996935949,0
                161.142507835,68.9440195870001,0
                161.047459325,68.8937251940001,0
                160.928626817,68.851330579,0
                160.793918552,68.8326945650001,0
                160.645990369,68.8246113420001,0
                160.498048075,68.8297367480001,0
                160.294615427,68.848011517,0
                160.141369925,68.871623361,0
                159.969626698,68.900498901,0
                159.747673745,68.9451711730001,0
                159.599694762,68.9846390150001,0
                159.438504328,69.0267344740001,0
                159.274672168,69.068827109,0
                159.15841365,69.089836738,0
                158.994601245,69.1134372930001,0
                158.807007663,69.142295899,0
                158.711905531,69.142194298,0
                158.548112882,69.147302772,0
                158.386967603,69.147130615,0
                158.16769871,69.1521798210001,0
                157.927298832,69.1545647230001,0
                157.689546325,69.1516689960001,0
                157.491414061,69.1540990550001,0
                157.364605574,69.1592470400001,0
                157.195543584,69.1511412390001,0
                156.984205514,69.1509154600001,0
                156.717391199,69.150630414,0
                156.424162448,69.147675421,0
                156.093946712,69.1473226410001,0
                155.766364236,69.154897862,0
                155.562945698,69.159964001,0
                155.40442239,69.1782867490001,0
                155.243246066,69.207173577,0
                155.031865662,69.2465736870001,0
                154.875955857,69.2913165150001,0
                154.693625971,69.3386728460001,0
                154.461083536,69.404467638,0
                154.254955539,69.4729323760001,0
                153.99593658,69.5941751880001,0
                153.810936746,69.667945956,0
                153.602158556,69.7443330500001,0
                153.454179572,69.783800893,0
                153.364318559,69.8233308260001,0
                153.382717506,69.9105275360001,0
                153.329835011,69.95538043,0
                153.279585774,70.008161326,0
                153.427392601,70.1298387620001,0
                153.353376298,70.1746690790001,0
                153.255595751,70.2089070930001,0
                153.134034027,70.248403158,0
                153.015136607,70.266768239,0
                152.846037927,70.2930048750001,0
                152.64787462,70.324493918,0
                152.53427194,70.3322977400001,0
                152.320272388,70.35056122,0
                152.153838012,70.355666871,0
                151.92133509,70.3844774990001,0
                151.683565649,70.397432128,0
                151.437865386,70.4156617410001,0
                151.208015479,70.4339082870001,0
                150.994015926,70.452171768,0
                150.774732922,70.4704296040001,0
                150.632065613,70.483485832,0
                150.521053859,70.5388435420001,0
                150.436448075,70.6047963780001,0
                150.251451063,70.6759254200001,0
                150.034756162,70.74437887,0
                149.849776083,70.799657557,0
                149.699166663,70.8285556750001,0
                149.548576999,70.8389617110001,0
                149.397998623,70.8388008430001,0
                149.236858989,70.8333452350001,0
                149.12591779,70.822659797,0
                149.022915881,70.798774198,0
                148.941059068,70.7643442720001,0
                148.893539047,70.7352344870001,0
                148.898952321,70.6137207410001,0
                148.965009579,70.6005826670001,0
                149.070715303,70.56635312,0
                149.202838287,70.5321517950001,0
                149.311191381,70.492641619,0
                149.461806446,70.45846005,0
                149.591279237,70.4321810800001,0
                149.678498524,70.392648325,0
                149.699685954,70.342478112,0
                149.699838354,70.199824914,0
                149.644381866,70.1812735660001,0
                149.504401439,70.1520650030001,0
                149.388179611,70.138732195,0
                149.24819354,70.1148070830001,0
                149.071243061,70.0723503790001,0
                148.94183236,70.0405113790001,0
                148.775474185,69.974290432,0
                148.619665981,69.923931128,0
                148.521955989,69.8921259950001,0
                148.487701042,69.8101958030001,0
                148.419016169,69.810122425,0
                148.265765023,69.8390177200001,0
                148.115152781,69.870557563,0
                147.930231969,69.870360007,0
                147.716252172,69.870131406,0
                147.549865775,69.830327717,0
                147.409902281,69.7852687980001,0
                147.296356046,69.740238102,0
                147.166953812,69.700473925,0
                147.053401931,69.66072668,0
                146.910805179,69.6077397620001,0
                146.81836735,69.586507177,0
                146.691544752,69.6048637900001,0
                146.567383636,69.6047311460001,0
                146.414140957,69.6257012630001,0
                146.33746035,69.6916625650001,0
                146.242293307,69.7523206600001,0
                146.163041531,69.7522359930001,0
                146.07587022,69.746859407,0
                145.951700638,69.75465194,0
                145.835464698,69.7545277620001,0
                145.713987641,69.7147720510001,0
                145.581923925,69.6934971320001,0
                145.399656127,69.682735495,0
                145.246438849,69.679930079,0
                145.159160293,69.7749390770001,0
                145.087757495,69.8461894750001,0
                144.955688134,69.8301980090001,0
                144.820968581,69.8221288970001,0
                144.680959931,69.8193375920001,0
                144.519820296,69.8138819850001,0
                144.361316743,69.8137126500001,0
                144.242433434,69.8188691010001,0
                144.112971932,69.8345811670001,0
                143.991418675,69.866152055,0
                143.898941335,69.881903632,0
                143.84080361,69.900333625,0
                143.793181988,69.9663259710001,0
                143.766691351,70.034982622,0
                143.830084306,70.0429755330001,0
                143.988570925,70.0589952230001,0
                144.139146479,70.0617978160001,0
                144.300277646,70.0751786010001,0
                144.43759377,70.1255181500001,0
                144.508883679,70.159936787,0
                144.487670851,70.233882534,0
                144.392543318,70.257556466,0
                144.236647624,70.2890906650001,0
                144.093969027,70.3127137970001,0
                143.99358062,70.3152482780001,0
                143.800740276,70.3097588030001,0
                143.581477027,70.3095245580001,0
                143.401848133,70.301407468,0
                143.219636781,70.2378113130001,0
                143.011047681,70.1372027720001,0
                142.823598032,70.031333358,0
                142.699487716,69.983649648,0
                142.530462415,69.9412014110001,0
                142.401012203,69.946346572,0
                142.216091391,69.946149016,0
                142.070782355,69.959202422,0
                142.070692045,70.0437376510001,0
                142.086409754,70.1679157010001,0
                141.946350304,70.212675462,0
                141.808898713,70.289138757,0
                141.695233945,70.355060548,0
                141.526160666,70.3575216510001,0
                141.359734757,70.354702124,0
                141.145746494,70.3623987010001,0
                140.939697519,70.356895115,0
                140.762699063,70.359347751,0
                140.517027022,70.3511601050001,0
                140.284538211,70.3667621050001,0
                140.102239369,70.3850594510001,0
                139.721799797,70.4137120340001,0
                139.481382986,70.4319472920001,0
                139.201334642,70.455423668,0
                138.95828175,70.4683726530001,0
                138.723154034,70.4813301030001,0
                138.45897298,70.4889730570001,0
                138.274040878,70.4993424040001,0
                138.134029407,70.4991928260001,0
                137.935916899,70.4831308030001,0
                137.793272168,70.4750532240001,0
                137.640069,70.45903918,0
                137.426100492,70.4482436750001,0
                137.230621243,70.440109652,0
                137.087959578,70.4478824290001,0
                136.953208981,70.4688723020001,0
                136.789393754,70.495114583,0
                136.657293348,70.5081821000001,0
                136.445932699,70.5290901290001,0
                136.255711502,70.5447372830001,0
                136.06286269,70.5471729860001,0
                135.838332924,70.53108274,0
                135.624375705,70.5097203330001,0
                135.423624293,70.491013761,0
                135.283615643,70.4882224570001,0
                135.146245898,70.4880757010001,0
                135.003572944,70.5064153820001,0
                134.860905635,70.51947161,0
                134.68123723,70.5483386830001,0
                134.53327518,70.5719561710001,0
                134.387952035,70.5982182070001,0
                134.226809578,70.5954043240001,0
                134.052478248,70.5740842500001,0
                133.904561354,70.5554341230001,0
                133.748702348,70.552625886,0
                133.595482247,70.5524621970001,0
                133.463390309,70.557604536,0
                133.262613497,70.562673498,0
                133.119954654,70.5678045500001,0
                132.972018005,70.567646504,0
                132.895455932,70.5226553190001,0
                132.800407423,70.4723609270001,0
                132.721155647,70.4722762600001,0
                132.62869524,70.4721774820001,0
                132.488678124,70.477311355,0
                132.361880926,70.4718924360001,0
                132.227152906,70.4717485020001,0
                132.0950525,70.48481602,0
                131.970851872,70.521667537,0
                131.833420038,70.5796387500001,0
                131.725047187,70.6376410080001,0
                131.616671514,70.6982849920001,0
                131.50039042,70.740428428,0
                131.376203903,70.7640713160001,0
                131.262604046,70.7692334120001,0
                131.143692514,70.800807122,0
                131.003672575,70.8085827210001,0
                130.890072718,70.8137448160001,0
                130.784406504,70.8109902020001,0
                130.673431439,70.8320054750001,0
                130.562430974,70.8767962810001,0
                130.477844945,70.924257035,0
                130.419676176,70.971746012,0
                130.350917925,71.0403575070001,0
                130.253128911,71.082520699,0
                130.150073379,71.10882789,0
                130.036453767,71.1324820670001,0
                129.930767798,71.148219533,0
                129.803962133,71.1507257920001,0
                129.698301564,71.142687725,0
                129.526609137,71.1240121980001,0
                129.439440649,71.1159938870001,0
                129.362841888,71.1053451390001,0
                129.317867637,71.1660568560001,0
                129.272884919,71.2346937510001,0
                129.23052417,71.321825549,0
                129.196094244,71.403682363,0
                129.10891729,71.403589229,0
                129.013806692,71.411412806,0
                128.942468804,71.42190351,0
                128.865858754,71.421821664,0
                128.752264541,71.4217003090001,0
                128.654493644,71.4469054030001,0
                128.543520218,71.4663866920001,0
                128.453673315,71.492707995,0
                128.453568893,71.590451853,0
                128.453436247,71.7146129700001,0
                128.397931781,71.7409709610001,0
                128.276330546,71.8174511890001,0
                128.152121452,71.862227884,0
                128.046418549,71.8938157050001,0
                127.885270447,71.8962852750001,0
                127.753158754,71.9199196960001,0
                127.602580378,71.919758829,0
                127.46785518,71.9169731690001,0
                127.356905515,71.9142129090001,0
                127.362287745,71.8217581480001,0
                127.359710931,71.7609956300001,0
                127.431074219,71.7267293930001,0
                127.563233891,71.6581856330001,0
                127.668965015,71.600180552,0
                127.764163103,71.5104634730001,0
                127.883125435,71.4313386960001,0
                127.957161494,71.368016298,0
                127.95724616,71.2887645210001,0
                127.95730825,71.2306465520001,0
                127.957373161,71.1698868570001,0
                127.925779696,71.0694674060001,0
                127.854450274,71.0720329320001,0
                127.76462595,71.077220427,0
                127.643092448,71.090299234,0
                127.508361606,71.092797026,0
                127.352499778,71.0926305150001,0
                127.201932692,71.081902744,0
                127.067221605,71.0659084540001,0
                126.958995511,70.9865409660001,0
                126.842810372,70.9388657220001,0
                126.739799996,70.9229053000001,0
                126.61565299,70.9095640250001,0
                126.512634148,70.90152878,0
                126.404323387,70.9014130680001,0
                126.264283692,70.927680749,0
                126.153300161,70.9566212,0
                126.034368874,71.006686991,0
                125.920729505,71.048833249,0
                125.796585321,71.032850249,0
                125.70413056,71.0274680190001,0
                125.59055328,71.0114963070001,0
                125.540431044,70.9453995370001,0
                125.432196483,70.8739572280001,0
                125.350342492,70.836885576,0
                125.247357516,70.7971496200001,0
                125.18132848,70.783870435,0
                125.073023363,70.7784712710001,0
                124.933006247,70.7836051450001,0
                124.827334389,70.7861339820001,0
                124.721611731,70.8362138840001,0
                124.642311977,70.8810385570001,0
                124.512819431,70.9258096070001,0
                124.349009848,70.9467684360001,0
                124.216923554,70.9466273240001,0
                124.082192712,70.9491251170001,0
                123.952748143,70.9489868270001,0
                123.839156752,70.9462237440001,0
                123.678011473,70.946051588,0
                123.516888772,70.9247456250001,0
                123.392747411,70.906120899,0
                123.302934376,70.9007414910001,0
                123.207826599,70.9059233420001,0
                123.088929179,70.9242884230001,0
                122.991142987,70.9638098890001,0
                122.980499883,71.0351251980001,0
                122.98833475,71.119668894,0
                123.067541371,71.1620211750001,0
                123.146736702,71.2149403600001,0
                123.207456886,71.2519894330001,0
                123.207375042,71.3285994840001,0
                123.201995634,71.4184125190001,0
                123.180791271,71.484433089,0
                123.064563799,71.476383733,0
                122.995878926,71.4763103550001,0
                122.932474682,71.4788843470001,0
                122.813577261,71.497249427,0
                122.718472307,71.499789553,0
                122.607514176,71.5049544710001,0
                122.496556044,71.5101193890001,0
                122.348619394,71.509961344,0
                122.203324471,71.5098061210001,0
                122.093256322,71.5061662270001,0
                121.917212062,71.4397077630001,0
                121.776320015,71.4395572440001,0
                121.572181526,71.2942712350001,0
                121.346927348,71.13200455,0
                121.163865524,71.0402290440001,0
                120.945588214,70.9413713070001,0
                120.762436079,70.9341310290001,0
                120.579329099,70.8846231380001,0
                120.410296272,70.849219503,0
                120.163765293,70.8207776850001,0
                119.959479351,70.81351483,0
                119.783371818,70.806282078,0
                119.89635639,70.552796809,0
                119.987943747,70.5458500440001,0
                120.12181377,70.5248592300001,0
                120.290921856,70.489816841,0
                120.82017489,70.464845546,0
                120.974300966,70.441234643,0
                121.115132806,70.497741981,0
                121.220764212,70.533077882,0
                121.410900742,70.596682505,0
                121.594022774,70.6321011910001,0
                121.798316242,70.6323194440001,0
                121.903985277,70.6324323330001,0
                121.981611371,70.5057122760001,0
                121.904150848,70.4774510810001,0
                121.798557072,70.4068921680001,0
                121.657695129,70.3785632400001,0
                121.516833186,70.3502343110001,0
                121.376001346,70.293726973,0
                121.221042672,70.2724275940001,0
                121.09423983,70.2722921280001,0
                120.946280602,70.293267889,0
                120.805350925,70.3283403820001,0
                120.615146662,70.328137181,0
                120.417875218,70.349060261,0
                120.220611299,70.3629387390001,0
                120.136143805,70.2994470070001,0
                119.960013694,70.313348062,0
                119.783823375,70.3836059370001,0
                119.713271988,70.4821551100001,0
                119.741375138,70.5526312380001,0
                119.617814255,70.8149109720001,0
                119.538517323,70.8570939190001,0
                119.435447679,70.89660974,0
                119.345583844,70.9387813980001,0
                119.216102586,70.972985545,0
                119.123594203,71.017796107,0
                118.988843605,71.0387859790001,0
                118.822417696,71.0359664530001,0
                118.677122773,71.03581123,0
                118.523908315,71.030364089,0
                118.449954102,71.0170764370001,0
                118.35485197,71.016974836,0
                118.267658083,71.0327320580001,0
                118.138207869,71.03787722,0
                118.040466834,71.0351310720001,0
                117.900455362,71.0349814940001,0
                117.760466468,71.013698108,0
                117.67593124,71.013607796,0
                117.535914124,71.0187416690001,0
                117.369485393,71.018563869,0
                117.263816357,71.0184509800001,0
                117.18981981,71.0447892160001,0
                117.036489641,71.1476528360001,0
                116.87261797,71.226729634,0
                116.714049506,71.2873199950001,0
                116.629491699,71.3083634910001,0
                116.52380573,71.3241009560001,0
                116.447201324,71.3187356600001,0
                116.323082541,71.278977126,0
                116.177813017,71.255046371,0
                116.037821301,71.236404711,0
                115.929527474,71.2204386450001,0
                115.802724631,71.2203031770001,0
                115.707630965,71.2122763990001,0
                115.71039687,71.096043283,0
                115.871550616,71.0882902600001,0
                116.05384099,71.0779180920001,0
                116.217644929,71.0622427150001,0
                116.32600649,71.0148073600001,0
                116.376258549,70.959384739,0
                116.386879075,70.9092032360001,0
                116.355212231,70.877468659,0
                116.291844677,70.8457002150001,0
                116.180914767,70.824447874,0
                116.085815458,70.8217045470001,0
                115.932601001,70.816257406,0
                115.800509062,70.821399747,0
                115.684275946,70.8186338420001,0
                115.557473103,70.8184983740001,0
                115.43857286,70.839505181,0
                115.348731602,70.8605430330001,0
                115.298499299,70.8974735720001,0
                115.290526144,70.942374446,0
                115.340656846,71.000546037,0
                115.411941111,71.0402481260001,0
                115.517581924,71.066778275,0
                115.565079368,71.1170218670001,0
                115.559697138,71.2094766280001,0
                115.504206783,71.22262599,0
                115.414385281,71.2251717600001,0
                115.306066053,71.232981227,0
                115.179237811,71.2566212930001,0
                115.060303701,71.3093288090001,0
                114.94138088,71.3514694230001,0
                114.870071215,71.3355428670001,0
                114.751227417,71.3037151560001,0
                114.640303152,71.2771793640001,0
                114.502964451,71.2479736220001,0
                114.41580443,71.2320301330001,0
                114.328641587,71.2187283700001,0
                114.230894907,71.2212656740001,0
                114.175390441,71.247623665,0
                114.133052271,71.3136216570001,0
                114.130345634,71.3743785300001,0
                114.172585026,71.4008409450001,0
                114.233312037,71.4314988240001,0
                114.249090653,71.4986666470001,0
                114.235777602,71.5963963930001,0
                114.108980404,71.5909774740001,0
                113.897645155,71.5881099700001,0
                113.699541113,71.5641227690001,0
                113.559557864,71.537555932,0
                113.342978675,71.497698621,0
                113.144897211,71.4525776130001,0
                112.901882191,71.4300764180001,0
                112.690562693,71.4124663000001,0
                112.553192947,71.4123195440001,0
                112.463371444,71.4148653140001,0
                112.320702497,71.4294555260001,0
                112.191257929,71.4293172370001,0
                112.064455086,71.4291817700001,0
                111.932353497,71.4433570290001,0
                111.779116462,71.459043695,0
                111.633793317,71.485305731,0
                111.514870495,71.527446345,0
                111.369637662,71.4691731520001,0
                111.245535812,71.4135642640001,0
                111.073899829,71.3420542200001,0
                110.925997047,71.3101954640001,0
                110.775449716,71.2809756120001,0
                110.593227075,71.22794636,0
                110.500828757,71.1697296120001,0
                110.532633891,71.0720196220001,0
                110.627761423,71.048345689,0
                110.762509198,71.029997542,0
                110.952724751,71.0196338390001,0
                111.137645563,71.019831396,0
                111.325185524,71.041165581,0
                111.481027595,71.0598241740001,0
                111.613113889,71.0599652860001,0
                111.695916189,71.0336364570001,0
                111.667831854,70.9455488240001,0
                111.597506246,70.832759927,0
                111.516530949,70.7974503660001,0
                111.382732423,70.751517457,0
                111.213707121,70.7090692200001,0
                111.055226146,70.687766079,0
                110.924901002,70.6876268490001,0
                110.798090634,70.6945359850001,0
                110.653627367,70.740171618,0
                110.456307005,70.8068846130001,0
                110.280124212,70.8700978850001,0
                110.153313844,70.8770070200001,0
                110.044130033,70.8698457660001,0
                109.973695298,70.859203602,0
                109.91740245,70.7992642740001,0
                109.987912444,70.7394604140001,0
                110.118320373,70.6621090190001,0
                110.238142584,70.6023578400001,0
                110.386177071,70.5109360540001,0
                110.572938056,70.437167168,0
                110.703323408,70.3809495790001,0
                110.794974735,70.3141236930001,0
                111.062955611,70.0467147900001,0
                111.140442474,70.050319878,0
                111.33415775,70.0610937450001,0
                111.513836503,70.022540344,0
                111.707623275,69.9663904880001,0
                111.830975313,69.8995984700001,0
                111.92623549,69.7517634210001,0
                111.940467688,69.617931029,0
                111.929991097,69.5333845110001,0
                111.838452659,69.49454136,0
                111.676438093,69.48380136,0
                111.570742717,69.508344579,0
                111.44387214,69.5716105330001,0
                111.359227786,69.673666956,0
                111.183018652,69.7615363360001,0
                111.052584382,69.86354384,0
                110.94680622,69.965577685,0
                110.707045147,70.194271379,0
                110.622532496,70.1730472610001,0
                110.474633476,70.1376662040001,0
                110.358412589,70.1234528200001,0
                110.182323871,70.0986085630001,0
                109.9709858,70.0983827850001,0
                109.752569261,70.1298501910001,0
                109.498940998,70.1507130630001,0
                109.354519123,70.157603383,0
                109.270013999,70.1293346620001,0
                109.139805508,70.020004096,0
                109.03422302,69.9388782790001,0
                109.186028165,69.6149883790001,0
                109.242358643,69.639704695,0
                109.418428547,69.6821604570001,0
                109.583965413,69.692904222,0
                109.841074585,69.7107904250001,0
                110.041823174,69.7321387210001,0
                110.246079013,69.767579986,0
                110.425750239,69.7360711870001,0
                110.598399442,69.683421056,0
                110.771063696,69.616681719,0
                110.855674184,69.5463260070001,0
                110.767688151,69.4793082100001,0
                110.605730031,69.4157336920001,0
                110.422585422,69.4014488120001,0
                110.232381158,69.401245611,0
                110.028091452,69.397505058,0
                109.855487405,69.4078875750001,0
                109.749807081,69.4183415890001,0
                109.594844644,69.4005645120001,0
                109.478631283,69.379306527,0
                108.999587034,69.3893616650001,0
                109.010041047,69.4950419900001,0
                109.0451888,69.5655256430001,0
                108.872204692,69.931660579,0
                108.741875786,69.9350436510001,0
                108.664370107,69.9490500700001,0
                108.51991813,69.9841188,0
                108.394844452,70.013924774,0
                108.278570884,70.049023607,0
                108.204568692,70.0806452950001,0
                108.135857478,70.1052280260001,0
                108.046008695,70.133310479,0
                107.980823545,70.15437467,0
                107.929750178,70.154320108,0
                107.861095409,70.1260683200001,0
                107.811809532,70.1013595300001,0
                107.750210655,70.0625483650001,0
                107.679824839,70.0061162860001,0
                107.632309521,69.972603625,0
                107.577759009,69.9302776850001,0
                107.537286412,69.8985337,0
                107.440496507,69.829745345,0
                107.364829121,69.7715464710001,0
                107.297941148,69.7380131140001,0
                107.234584882,69.6956777660001,0
                107.202936853,69.646331683,0
                107.199465352,69.5987768530001,0
                107.266402244,69.5865202960001,0
                107.343872174,69.605975738,0
                107.435455768,69.6025512750001,0
                107.518229845,69.6026397040001,0
                107.655618406,69.5851749540001,0
                107.75425601,69.572952264,0
                107.858175184,69.562496368,0
                107.928641904,69.543198971,0
                107.977993632,69.5062674910001,0
                107.988611336,69.458727713,0
                107.949929993,69.3988072010001,0
                107.867208597,69.349406554,0
                107.793268495,69.322910273,0
                107.719326511,69.298175142,0
                107.608398483,69.2751616510001,0
                107.525645102,69.2557005640001,0
                107.421742861,69.2503061040001,0
                107.363630536,69.2449605640001,0
                107.312560932,69.241383699,0
                107.257969026,69.2378030720001,0
                107.145257271,69.2359215060001,0
                107.037832729,69.2305232830001,0
                106.940960039,69.239225554,0
                106.861702618,69.244424338,0
                106.778928541,69.244335909,0
                106.697894916,69.263622017,0
                106.608053658,69.2846598680001,0
                106.560483778,69.302220574,0
                106.502333823,69.3320980440001,0
                106.440661567,69.361971753,0
                106.424766056,69.404222433,0
                106.4458453,69.4553183780001,0
                106.435205019,69.5239919620001,0
                106.385896565,69.5204169790001,0
                106.290798196,69.516793078,0
                106.230877683,69.5554744200001,0
                106.163908805,69.597670538,0
                106.163810967,69.689250368,0
                106.188388053,69.7632450340001,0
                106.24112097,69.85840361,0
                106.297368663,69.960610552,0
                106.304311665,70.0557202100001,0
                106.22323853,70.11199048,0
                106.149213761,70.1647459750001,0
                106.082244882,70.2069420930001,0
                106.043450651,70.2526906160001,0
                105.994040597,70.3442177650001,0
                105.958749851,70.4075815560001,0
                105.853054475,70.432124775,0
                105.750885163,70.4531494560001,0
                105.673368196,70.477722778,0
                105.557109679,70.498732407,0
                105.426765721,70.5162046830001,0
                105.328216548,70.445653296,0
                105.212059631,70.3715607930001,0
                105.113502932,70.3080540080001,0
                105.166450339,70.202441418,0
                105.24406138,70.089810566,0
                105.318131305,69.994787456,0
                105.374559621,69.9279239410001,0
                105.434525289,69.846974985,0
                105.487446355,69.7660185020001,0
                105.413545764,69.7025380590001,0
                105.339622595,69.6601914220001,0
                105.25162151,69.607262829,0
                105.174130885,69.6071800440001,0
                105.026201761,69.599977397,0
                104.87474281,69.5998155880001,0
                104.733858289,69.5926204670001,0
                104.575354736,69.5924511330001,0
                104.469693226,69.5852936410001,0
                104.378045662,69.6485972240001,0
                104.314602848,69.6872748040001,0
                104.208884894,69.73295183,0
                104.124289458,69.7892183370001,0
                104.022056175,69.8701221380001,0
                103.933919623,69.9439963880001,0
                103.852895407,69.954476744,0
                103.750726095,69.9755014240001,0
                103.669694353,69.993026381,0
                103.599225751,70.014084929,0
                103.560476676,70.0175658370001,0
                103.504101042,70.0351171360001,0
                103.454754959,70.066765165,0
                103.394808104,70.1301026150001,0
                103.352484046,70.1828919770001,0
                103.465152528,70.225280007,0
                103.549676467,70.2359372220001,0
                103.623644792,70.236016245,0
                103.711706084,70.2325880170001,0
                103.806827031,70.2150781120001,0
                103.933671266,70.1764682670001,0
                104.067526237,70.1695666570001,0
                104.243652585,70.159187902,0
                104.388029304,70.194565196,0
                104.550028817,70.219394402,0
                104.535811671,70.3391375900001,0
                104.482943287,70.3707818560001,0
                104.398351614,70.4235260620001,0
                104.338419812,70.4727743080001,0
                104.36297432,70.567902781,0
                104.440427316,70.6032085780001,0
                104.507335987,70.61736928,0
                104.591856163,70.6315487960001,0
                104.65876107,70.6492317980001,0
                104.767948644,70.6528707520001,0
                104.85950966,70.670580095,0
                104.954547821,70.730560816,0
                104.88753755,70.811502246,0
                105.02130221,70.8891358660001,0
                105.109359739,70.8892299400001,0
                105.229121742,70.88583558,0
                105.320701573,70.885933417,0
                105.426389423,70.868434801,0
                105.521517896,70.843880293,0
                105.620172432,70.8158072470001,0
                105.722371848,70.7666041570001,0
                105.852738385,70.7279980740001,0
                105.970759934,70.705229176,0
                106.16099242,70.679015119,0
                106.335397129,70.6316503190001,0
                106.515034489,70.6318422320001,0
                106.673509819,70.658428825,0
                106.821446469,70.6585868700001,0
                106.995794733,70.664056589,0
                107.1965659,70.6642710790001,0
                107.328635261,70.6802625460001,0
                107.50298917,70.6804488130001,0
                107.724905432,70.6701189770001,0
                107.962660762,70.670372979,0
                108.08945796,70.6757918980001,0
                108.189843544,70.675899142,0
                108.385308682,70.6972417950001,0
                108.527928013,70.7290949060001,0
                108.649419181,70.755641988,0
                108.633455936,70.8612940900001,0
                108.575309744,70.8876492590001,0
                108.459051228,70.908658888,0
                108.353370903,70.919112903,0
                108.215961646,70.9559503090001,0
                108.099703129,70.976959938,0
                107.92534922,70.9767736700001,0
                107.756290053,70.9660261430001,0
                107.613648144,70.95530684,0
                107.476278398,70.9551600830001,0
                107.323052653,70.9602798450001,0
                107.095841648,70.9811709400001,0
                106.921482095,70.986268124,0
                106.747116898,70.99664876,0
                106.588596411,71.0123297820001,0
                106.371957956,71.027948714,0
                106.144741307,71.05412326,0
                105.965087014,71.069781704,0
                105.75372072,71.0959731840001,0
                105.574100293,71.0799309160001,0
                105.452580903,71.0798010940001,0
                105.288793898,71.0796261150001,0
                105.140857249,71.0794680700001,0
                105.003487502,71.0793213150001,0
                104.839694853,71.0844297880001,0
                104.691735626,71.1054055500001,0
                104.549076784,71.1105366,0
                104.358855587,71.1261837550001,0
                104.173917841,71.1418365530001,0
                104.057670614,71.1522792790001,0
                103.904439223,71.162682493,0
                103.809337091,71.1625808920001,0
                103.693095508,71.167740166,0
                103.555697539,71.1940106690001,0
                103.376043245,71.209669112,0
                103.270349751,71.2324511800001,0
                103.171781762,71.1795112990001,0
                103.083727996,71.175894923,0
                102.999192768,71.175804612,0
                102.897034744,71.186262389,0
                102.823051368,71.2002725710001,0
                102.756116356,71.210767978,0
                102.660987883,71.235322486,0
                102.562318295,71.2774847370001,0
                102.484812617,71.2914911560001,0
                102.335062136,71.3406434460001,0
                102.280541727,71.270139096,0
                102.30528062,71.19267481,0
                102.396883029,71.1716388410001,0
                102.481444598,71.1470730450001,0
                102.566002404,71.1260295490001,0
                102.618867026,71.097907584,0
                102.703421069,71.0803863900001,0
                102.795049818,71.0346943110001,0
                102.858488869,70.9995390340001,0
                102.950151486,70.9221462460001,0
                103.017142942,70.8588163210001,0
                103.091133845,70.8377615360001,0
                103.189780855,70.816733092,0
                103.284935669,70.7675224760001,0
                103.235679897,70.7146352770001,0
                103.175845933,70.6723036920001,0
                103.221711108,70.601906587,0
                103.299239364,70.5667663610001,0
                103.411994394,70.528141464,0
                103.489511361,70.5035681410001,0
                103.538876259,70.454308606,0
                103.56010414,70.3662736540001,0
                103.486139579,70.3626723310001,0
                103.415708607,70.348507866,0
                103.334710732,70.3343321130001,0
                103.250194318,70.316630296,0
                103.119906805,70.2812680530001,0
                103.00722327,70.252969229,0
                102.912166294,70.2106000140001,0
                102.83472835,70.161205012,0
                102.852445219,70.0625993940001,0
                102.813733773,70.03085729,0
                102.771522604,69.9779776170001,0
                102.817387779,69.907580512,0
                102.880830593,69.8689029330001,0
                102.947776893,69.847840622,0
                102.99361949,69.7985773250001,0
                102.993698513,69.724609,0
                102.930312144,69.7104520610001,0
                102.866937063,69.68572822,0
                102.810602822,69.6645342050001,0
                102.733138537,69.6397953110001,0
                102.645096059,69.625612032,0
                102.560568357,69.618477118,0
                102.447858483,69.6148344010001,0
                102.342170632,69.6323330180001,0
                102.254079236,69.663939654,0
                102.18361816,69.6779536000001,0
                102.091981885,69.73069028,0
                102.046150576,69.769386674,0
                102.014359555,69.8538880350001,0
                102.042447652,69.9384533670001,0
                102.102164964,70.089976289,0
                102.052822644,70.1181020170001,0
                101.985865055,70.149731231,0
                101.894228779,70.202467911,0
                101.8237376,70.2446602650001,0
                101.749716594,70.2938934590001,0
                101.746130322,70.3537688170001,0
                101.73543924,70.4699934670001,0
                101.742397293,70.5510139190001,0
                101.756403713,70.6285195980001,0
                101.780946932,70.7342149730001,0
                101.780845332,70.829317105,0
                101.738498694,70.903240274,0
                101.675003199,70.9912300710001,0
                101.625615723,71.0616234120001,0
                101.565665106,71.128483164,0
                101.477547369,71.1847459080001,0
                101.410559676,71.2445535320001,0
                101.3506354,71.286757175,0
                101.294237188,71.3254422810001,0
                101.237838977,71.3641273860001,0
                101.177902714,71.417551341,0
                101.082763651,71.4520193440001,0
                100.998265354,71.417359429,0
                100.941908535,71.4172992220001,0
                100.874966695,71.4341858220001,0
                100.811553985,71.4446849930001,0
                100.769286372,71.4446398370001,0
                100.67771783,71.433975096,0
                100.621406167,71.391647274,0
                100.677838245,71.3212614590001,0
                100.699047312,71.250838012,0
                100.628631392,71.2225843430001,0
                100.565245023,71.2084274050001,0
                100.484269725,71.173117845,0
                100.463211177,71.102649243,0
                100.456245598,71.0286733930001,0
                100.421086557,70.9687566420001,0
                100.389431002,70.9264551620001,0
                100.336649166,70.8770865010001,0
                100.280352555,70.8206694740001,0
                100.209951687,70.7783266000001,0
                100.132487402,70.7535877070001,0
                100.033878021,70.7393931380001,0
                99.9634432860001,70.7287509750001,0
                99.8648376670001,70.7110341060001,0
                99.7732728890001,70.6968470630001,0
                99.6711374440001,70.686171034,0
                99.572543114,70.6578872600001,0
                99.4880417530001,70.626096239,0
                99.3965070780001,70.583730787,0
                99.3719149410001,70.5238253260001,0
                99.4388762930001,70.4886738110001,0
                99.5093599460001,70.4535260590001,0
                99.597458868,70.4148748210001,0
                99.6784717960001,70.4149613690001,0
                99.787651843,70.425644925,0
                99.8898023400001,70.42223175,0
                100.013079118,70.4258857550001,0
                100.150448865,70.4260325110001,0
                100.273729406,70.4261642160001,0
                100.400532248,70.4262996830001,0
                100.530864918,70.4193943110001,0
                100.678812857,70.4089854530001,0
                100.805619462,70.4055986180001,0
                100.900744172,70.3845664120001,0
                100.992376684,70.335352033,0
                101.062871626,70.2896373770001,0
                101.136903922,70.2298372800001,0
                101.200354262,70.1841150980001,0
                101.228585353,70.1348329850001,0
                101.23921999,70.0714428530001,0
                101.23929525,70.0009968300001,0
                101.218240465,69.927005927,0
                101.172499469,69.881167093,0
                101.126732131,69.859984367,0
                101.059830986,69.8387790630001,0
                100.982317783,69.8598300840001,0
                100.901289804,69.8738327410001,0
                100.795613242,69.880764454,0
                100.70758958,69.848969669,0
                100.630144109,69.8066192690001,0
                100.542154313,69.743123773,0
                100.436511619,69.7183547760001,0
                100.306182712,69.721737847,0
                100.172335268,69.7215948530001,0
                100.042006361,69.724977924,0
                99.9222293060001,69.742461489,0
                99.830634424,69.7564528560001,0
                99.7425505530001,69.7810148900001,0
                99.6615263370001,69.7914952450001,0
                99.552319949,69.8054677970001,0
                99.464247367,69.8194629270001,0
                99.355033453,69.8404800820001,0
                99.25990498,69.8650345900001,0
                99.164795322,69.8719775920001,0
                99.0872858810001,69.8895063130001,0
                99.0062654280001,69.896464366,0
                98.9393379430001,69.89991517,0
                98.847773164,69.885728129,0
                98.7632680400001,69.8574594080001,0
                98.696363132,69.8397764050001,0
                98.5977650400001,69.815014933,0
                98.5167822170001,69.7867499750001,0
                98.516906395,69.670514036,0
                98.52405636,69.5718971300001,0
                98.6192337520001,69.501552706,0
                98.693247232,69.459364115,0
                98.7884170980001,69.396064294,0
                98.887109265,69.332768236,0
                98.9611265080001,69.2870573430001,0
                99.0703705270001,69.2378617790001,0
                99.1760922430001,69.1886624520001,0
                99.2959069290001,69.135955875,0
                99.412203075,69.0797232350001,0
                99.4897501460001,69.0269715030001,0
                99.620127971,68.9777985160001,0
                99.7187862710001,68.9462031690001,0
                99.8773161650001,68.921716395,0
                100.007660123,68.9042441190001,0
                100.130978294,68.869152812,0
                100.236681196,68.8375649910001,0
                100.264908525,68.7918051790001,0
                100.282561424,68.753078681,0
                100.335448623,68.70382291,0
                100.395365373,68.6686638680001,0
                100.458796897,68.6405531930001,0
                100.522239711,68.6018756130001,0
                100.536407939,68.5279223410001,0
                100.465995782,68.4961463700001,0
                100.402594362,68.496078637,0
                100.342711478,68.499536967,0
                100.272265454,68.4994617070001,0
                100.184215451,68.4923230310001,0
                100.096180499,68.4710951490001,0
                100.02579092,68.418185372,0
                99.97652386,68.3758650760001,0
                99.994176758,68.3371385780001,0
                100.057664728,68.256193384,0
                100.114081754,68.199896773,0
                100.12827256,68.104809693,0
                100.06139023,68.065992883,0
                99.9803773030001,68.0659063350001,0
                99.892319774,68.0658122610001,0
                99.818351449,68.0657332380001,0
                99.7126899390001,68.058575746,0
                99.6387028,68.07610823,0
                99.5506377440001,68.0830587570001,0
                99.4167564320001,68.114616475,0
                99.303993876,68.1602859750001,0
                99.1877090180001,68.2059517120001,0
                99.060827153,68.2797845690001,0
                98.9163450710001,68.3430317090001,0
                98.8000263470001,68.420398156,0
                98.6484808470001,68.5012492750001,0
                98.5286021920001,68.6138349710001,0
                98.3699857490001,68.719334673,0
                98.2642301660001,68.800234711,0
                98.1689361210001,68.9797704710001,0
                97.9997640650001,69.0746919790001,0
                97.820013815,69.1801691030001,0
                97.6403200110001,69.232811708,0
                97.407825555,69.2536971590001,0
                97.175353677,69.253448802,0
                96.9429382430001,69.2003659280001,0
                96.6998994620001,69.200106282,0
                96.5731342500001,69.1647478040001,0
                96.5344980630001,69.062559676,0
                96.520510459,68.967442492,0
                96.598076344,68.8970792550001,0
                96.7249431580001,68.8373356010001,0
                96.8764547900001,68.7881851930001,0
                97.1336429830001,68.732103072,0
                97.2886957320001,68.6653449200001,0
                97.3451165220001,68.6055260080001,0
                97.4121343180001,68.517539975,0
                97.4861628510001,68.4612621790001,0
                97.5848851220001,68.3697877110001,0
                97.697666493,68.3065067060001,0
                97.806929326,68.2396996360001,0
                97.9830556740001,68.229320881,0
                98.1521374200001,68.2189346000001,0
                98.2297258830001,68.127437555,0
                98.310825359,68.0465111770001,0
                98.3919135460001,67.976151702,0
                98.4906659200001,67.8564988250001,0
                98.543590749,67.7720200410001,0
                98.6352006830001,67.7439394690001,0
                98.8184318410001,67.677211422,0
                99.0122600070001,67.582316254,0
                99.1286163610001,67.469726795,0
                99.0441413400001,67.4132796640001,0
                98.934942478,67.420207614,0
                98.8327995070001,67.416576186,0
                98.7376747960001,67.4376083930001,0
                98.6213974650001,67.476229528,0
                98.4522969050001,67.504227315,0
                98.3255053510001,67.4935249430001,0
                98.2304107450001,67.4863787410001,0
                98.1952328890001,67.444073497,0
                98.1759242040001,67.384173681,0
                98.239387714,67.3261234440001,0
                98.318712868,67.2575232390001,0
                98.4613942880001,67.23125838,0
                98.6727662260001,67.1997834480001,0
                98.8154476460001,67.1735185900001,0
                99.0426586500001,67.152627495,0
                99.259319684,67.115874756,0
                99.4918310730001,67.0791389510001,0
                99.7085033960001,67.031819307,0
                99.9832767550001,67.0004121090001,0
                100.279172632,66.9795943930001,0
                100.38224792,66.93479512,0
                100.480101844,66.8318722330001,0
                100.551510288,66.755338383,0
                100.620291117,66.6655930810001,0
                100.670520598,66.631304266,0
                100.736594789,66.602315838,0
                100.821130018,66.602406149,0
                100.895151965,66.55229238,0
                100.961251556,66.4995284180001,0
                101.019451371,66.4229804570001,0
                101.077642719,66.354357673,0
                101.083033415,66.253977734,0
                101.077831808,66.1773620390001,0
                100.988069573,66.1244315650001,0
                100.885078952,66.0899790610001,0
                100.805852576,66.0661188610001,0
                100.713400637,66.0580949050001,0
                100.58661755,66.039467357,0
                100.48359024,66.0393572890001,0
                100.362068028,66.0418691930001,0
                100.229978911,66.0443698070001,0
                100.134865491,66.0548351100001,0
                100.063519136,66.0732509910001,0
                99.9947693510001,66.133937308,0
                99.9312973740001,66.1999127220001,0
                99.9048039150001,66.2712110990001,0
                99.904719248,66.3504628740001,0
                99.8571173810001,66.3979631400001,0
                99.7593142570001,66.453334962,0
                99.6614885550001,66.5298405890001,0
                99.555748964,66.595770847,0
                99.4632292900001,66.6511483130001,0
                99.394530306,66.6642835640001,0
                99.2862082560001,66.6747347560001,0
                99.185802917,66.6931195920001,0
                99.0854116890001,66.6982957990001,0
                98.9665283790001,66.7034522500001,0
                98.826508441,66.7112278490001,0
                98.6944306130001,66.7031615600001,0
                98.5253658010001,66.697697485,0
                98.4144133130001,66.6975789510001,0
                98.3086342120001,66.8004933710001,0
                98.2451594120001,66.869110511,0
                98.1711233540001,66.93243291,0
                98.0891959840001,66.964046131,0
                98.0204462,67.0247324480001,0
                97.9384454520001,67.125030543,0
                97.8881679940001,67.2042286970001,0
                97.819471832,67.214722222,0
                97.7296390400001,67.227834896,0
                97.6424395080001,67.2488755680001,0
                97.5473373770001,67.2487739680001,0
                97.4337488080001,67.243369161,0
                97.3307186760001,67.24590082,0
                97.2356363000001,67.2273071380001,0
                97.2701085590001,67.105824436,0
                97.3256751150001,67.0213484750001,0
                97.4050115580001,66.9421813650001,0
                97.5002265790001,66.8366139300001,0
                97.621819348,66.7680588800001,0
                97.7883440350001,66.6784180000001,0
                97.931079078,66.6019603500001,0
                98.0790693500001,66.5519256040001,0
                98.250846444,66.4913493540001,0
                98.3433661160001,66.435971889,0
                98.454411737,66.348913468,0
                98.5574954910001,66.2961890170001,0
                98.6394567280001,66.232875085,0
                98.5946602760001,66.127158072,0
                98.5682994630001,66.0742953320001,0
                98.5075397670001,66.074230421,0
                98.4282851680001,66.0767874790001,0
                98.325252215,66.0819608640001,0
                98.235433534,66.081864909,0
                98.1139000320001,66.0949437150001,0
                98.0002578410001,66.139731698,0
                97.9341526050001,66.1977791130001,0
                97.9235236120001,66.2558857930001,0
                97.9023079600001,66.3324732660001,0
                97.812421547,66.3957787310001,0
                97.754249955,66.4459094330001,0
                97.6855340370001,66.47489504,0
                97.5798678250001,66.4721404250001,0
                97.5032605960001,66.469416854,0
                97.38178636,66.4270194170001,0
                97.2867096290001,66.4031422840001,0
                97.2074522080001,66.4083410690001,0
                97.120230098,66.450515549,0
                97.027735825,66.482117481,0
                96.914141612,66.4819961250001,0
                96.8269674800001,66.479261266,0
                96.73452683,66.4606704060001,0
                96.6553258540001,66.4130346740001,0
                96.68709712,66.3470253930001,0
                96.7320770160001,66.2810302240001,0
                96.7796591270001,66.2520220390001,0
                96.864253622,66.1966361070001,0
                96.977898635,66.149206398,0
                97.0915436480001,66.101776687,0
                97.181396195,66.070171933,0
                97.2976490680001,66.0544457560001,0
                97.46672799,66.0467012020001,0
                97.6199932480001,66.0045972770001,0
                97.7679665860001,65.970412885,0
                97.9291400880001,65.9441677830001,0
                98.0982557,65.902080792,0
                98.3201973640001,65.8679754230001,0
                98.4575981550001,65.8390631940001,0
                98.6029213,65.8128011590001,0
                98.6954071060001,65.7891244040001,0
                98.7482896020001,65.7442715080001,0
                98.7642218020001,65.667678391,0
                98.7457776990001,65.6227492960001,0
                98.703527019,65.6068537840001,0
                98.6322004190001,65.606777584,0
                98.545014999,65.614609628,0
                98.434062511,65.6144910940001,0
                98.357449638,65.617050975,0
                98.2121123810001,65.656521641,0
                98.119623753,65.6828401220001,0
                98.008657154,65.6959302170001,0
                97.9399553480001,65.711707194,0
                97.8052019280001,65.735338793,0
                97.6942494410001,65.7352202590001,0
                97.601786212,65.7377632060001,0
                97.4643995330001,65.7534668060001,0
                97.345521868,65.7533398050001,0
                97.2239883660001,65.7664186120001,0
                97.1209441230001,65.7821589000001,0
                97.015249688,65.8058215440001,0
                96.880470867,65.8532286760001,0
                96.787979417,65.8821888830001,0
                96.695471033,65.926999444,0
                96.5844310570001,66.0087744130001,0
                96.49191985,66.0562267000001,0
                96.425820259,66.1089906620001,0
                96.425690435,66.230510053,0
                96.4203223170001,66.3097561850001,0
                96.388556695,66.3704820130001,0
                96.3356431550001,66.444393894,0
                96.282794526,66.4575460790001,0
                96.195594994,66.4785867520001,0
                96.0899118470001,66.4916824920001,0
                95.9868506700001,66.5232731360001,0
                95.9445181450001,66.5839876740001,0
                95.9179964640001,66.68170331,0
                95.8914663150001,66.7873441230001,0
                95.8860558630001,66.906216144,0
                95.9096963360001,67.0326635900001,0
                95.9253967060001,67.173072791,0
                95.9252697050001,67.291950457,0
                95.890882113,67.3341813820001,0
                95.7957404700001,67.3710639440001,0
                95.705885101,67.405310424,0
                95.60017091,67.447465149,0
                95.431069409,67.476343511,0
                95.2487536340001,67.5104912130001,0
                95.0796380200001,67.552578204,0
                94.9290398900001,67.5709094170001,0
                94.7890001960001,67.597177098,0
                94.638399242,67.6181500380001,0
                94.5406412730001,67.631254245,0
                94.4006410900001,67.6205377630001,0
                94.3161058620001,67.6204474510001,0
                94.1734470200001,67.6255785020001,0
                94.0889456580001,67.593787481,0
                94.0467232,67.55147471,0
                94.0467881110001,67.490715015,0
                94.0838258960001,67.440561734,0
                94.1472555400001,67.4142122100001,0
                94.2397328790001,67.3984606320001,0
                94.3612579140001,67.3933070030001,0
                94.5276866450001,67.3934848040001,0
                94.643931051,67.3856838040001,0
                94.791935433,67.322440428,0
                94.889730091,67.274993785,0
                95.003375105,67.2275640760001,0
                95.1170172960001,67.1827760910001,0
                95.249177172,67.1140419330001,0
                95.3285021230001,67.0456321240001,0
                95.3866934700001,66.9770093400001,0
                95.442268492,66.884608202,0
                95.442358804,66.8000729720001,0
                95.4398525460001,66.673267309,0
                95.413573576,66.543794517,0
                95.3899984220001,66.35620658,0
                95.3928094810001,66.1977058480001,0
                95.4536820660001,66.0921017250001,0
                95.5198183470001,66.004995326,0
                95.609704761,65.941689861,0
                95.7550674180001,65.878443663,0
                95.8977742380001,65.8284032720001,0
                95.9955773630001,65.7730314510001,0
                96.1065919390001,65.7150320150001,0
                96.2651378260001,65.6755754610001,0
                96.3946219060001,65.638729588,0
                96.4897691930001,65.5965635740001,0
                96.616625658,65.5465062490001,0
                96.7170535750001,65.5069876060001,0
                96.841268314,65.456927459,0
                96.97341952,65.396308875,0
                97.0527390300001,65.3329921220001,0
                97.0792578890001,65.2379182120001,0
                97.0925342520001,65.1745309020001,0
                97.1533729700001,65.100627489,0
                97.2194782070001,65.042580075,0
                97.317289798,64.979283077,0
                97.3437719680001,64.9185516040001,0
                97.1905885560001,64.884045477,0
                97.0822411060001,64.9182722020001,0
                96.995033107,64.947238053,0
                96.9210309160001,64.9788597420001,0
                96.786266207,65.013058244,0
                96.701688645,65.0525938210001,0
                96.5907107570001,65.07625082,0
                96.5140442620001,65.129003493,0
                96.421530234,65.1790975070001,0
                96.347519575,65.218644372,0
                96.26557245,65.268749675,0
                96.1730414880001,65.3346940430001,0
                96.072619215,65.3689292350001,0
                95.974818913,65.4216593300001,0
                95.842701575,65.4505772030001,0
                95.7687050270001,65.47691544,0
                95.681485739,65.5164481940001,0
                95.5995499030001,65.5559865930001,0
                95.5387563410001,65.5876223920001,0
                95.4647343940001,65.6377361610001,0
                95.3907096250001,65.6904916570001,0
                95.3352023370001,65.7194913750001,0
                95.2691225,65.7537632550001,0
                95.2135992190001,65.7977327520001,0
                95.1923976790001,65.8611115960001,0
                95.179992483,65.9333056,0
                95.1605144640001,66.0319093370001,0
                95.1304939990001,66.107606827,0
                95.1110517280001,66.172748702,0
                95.1004189720001,66.234377684,0
                95.056309303,66.310060122,0
                94.9893178470001,66.373390047,0
                94.9223151020001,66.447286874,0
                94.8641143470001,66.524715412,0
                94.8305922790001,66.5810364820001,0
                94.8058364510001,66.6743511230001,0
                94.7828417750001,66.7676676450001,0
                94.7510676860001,66.8363186500001,0
                94.6999247040001,66.901426659,0
                94.6435509520001,66.917216807,0
                94.581882459,66.943568214,0
                94.541345891,66.9717033490001,0
                94.4849457980001,67.012149605,0
                94.4144602630001,67.049058507,0
                94.3756923720001,67.070150922,0
                94.328131898,67.078905874,0
                94.277047242,67.0894182150001,0
                94.144935752,67.112862238,0
                94.018107306,67.1366927020001,0
                93.886004078,67.1524019450001,0
                93.7856072060001,67.1628616040001,0
                93.69049943,67.168043455,0
                93.6059604380001,67.1714754450001,0
                93.608027,67.0174824710001,0
                93.6537410460001,66.9566658730001,0
                93.8070401700001,66.882861238,0
                93.9022043910001,66.8248448690001,0
                93.9869033080001,66.6717150800001,0
                94.039816849,66.5978031990001,0
                94.11917587,66.4975022830001,0
                94.2355134100001,66.4025243290001,0
                94.367690016,66.3181302130001,0
                94.4505374710001,66.24953377,0
                94.4858263350001,66.187931129,0
                94.4929574860001,66.106925727,0
                94.471883887,66.05054633,0
                94.4402640800001,65.9747829890001,0
                94.4315260610001,65.91137216,0
                94.452727602,65.847993316,0
                94.475669597,65.8039890110001,0
                94.5003859130001,65.747658533,0
                94.5426873930001,65.7160029780001,0
                94.6131672830001,65.684377527,0
                94.6695673770001,65.643931272,0
                94.7594500270001,65.584148107,0
                94.798264955,65.5190269280001,0
                94.7296421710001,65.46083558,0
                94.6398761730001,65.4114274080001,0
                94.5747399420001,65.3867016840001,0
                94.5166351430001,65.3743115410001,0
                94.454998635,65.370723388,0
                94.3739857090001,65.370636839,0
                94.2736001250001,65.3705295950001,0
                94.189068659,65.366916981,0
                94.1327099590001,65.3686179250001,0
                94.0446449030001,65.375568452,0
                93.949535246,65.3825114540001,0
                93.859712803,65.3859378000001,0
                93.7751606410001,65.4016978430001,0
                93.6941288990001,65.419222801,0
                93.6518443510001,65.435028001,0
                93.6253913450001,65.46846164,0
                93.6482524360001,65.5001868090001,0
                93.7010342720001,65.5495554710001,0
                93.7326992330001,65.5830511990001,0
                93.7713918650001,65.632404808,0
                93.7801336470001,65.692293335,0
                93.7835995030001,65.745131616,0
                93.7923356420001,65.810303596,0
                93.7975344260001,65.8895610170001,0
                93.7076197900001,65.97928374,0
                93.628288991,66.053167398,0
                93.5595420290001,66.1112119890001,0
                93.4643608750001,66.185078714,0
                93.4642705630001,66.269613942,0
                93.4641407400001,66.391133333,0
                93.4640391400001,66.4862354640001,0
                93.48810883,66.591930335,0
                93.4163243850001,66.639404766,0
                93.3264605480001,66.6815764240001,0
                93.2365910680001,66.7290315340001,0
                93.1731557800001,66.7606645110001,0
                93.1044652630001,66.7658745840001,0
                92.988229324,66.765750407,0
                92.8878380950001,66.770926613,0
                92.7451736080001,66.7813411160001,0
                92.6236542180001,66.7812112930001,0
                92.4651563090001,66.7757585080001,0
                92.338359111,66.7703395890001,0
                92.237984817,66.75966544,0
                92.1270323300001,66.7595469060001,0
                92.0002181980001,66.769978343,0
                91.9315107470001,66.791038772,0
                91.7940958460001,66.8331596300001,0
                91.6778034610001,66.8858699680001,0
                91.6777300840001,66.9545548420001,0
                91.7358085420001,66.991601093,0
                91.7991708580001,67.0282721930001,0
                91.89427299,67.0283737940001,0
                91.9682413150001,67.0284528170001,0
                92.1003276100001,67.0285939280001,0
                92.1795793860001,67.028678595,0
                92.385634006,67.028898729,0
                92.559987913,67.029084997,0
                92.734318837,67.0507858670001,0
                92.8875220050001,67.0667999120001,0
                92.9932309590001,67.029547844,0
                93.1675848670001,67.029734111,0
                93.3260884200001,67.0299034450001,0
                93.4634581660001,67.030050202,0
                93.463370474,67.112134102,0
                93.463282781,67.1942180020001,0
                93.3628915530001,67.199394209,0
                93.158567981,67.227354366,0
                93.0035867290001,67.227188794,0
                92.8371739900001,67.2120412130001,0
                92.752647229,67.2040257240001,0
                92.6416975640001,67.2012654650001,0
                92.4911220110001,67.1984628710001,0
                92.4013146200001,67.1878000120001,0
                92.2744948440001,67.2035149000001,0
                92.208454519,67.2008026190001,0
                92.1386392680001,67.2245035930001,0
                92.1385658900001,67.2931884660001,0
                92.1713151330001,67.346058031,0
                92.2108761110001,67.4068600590001,0
                92.2874776940001,67.4148670820001,0
                92.398416071,67.428194246,0
                92.5093657350001,67.430954505,0
                92.5595303050001,67.4574253870001,0
                92.5964749560001,67.4944490600001,0
                92.614921881,67.5367364300001,0
                92.5937542080001,67.568414562,0
                92.495987771,67.5894439470001,0
                92.4035188990001,67.5972703460001,0
                92.316339123,67.5998189380001,0
                92.2106898430001,67.581213968,0
                92.1103070820001,67.5784649970001,0
                92.0046606240001,67.5572183,0
                91.8963667960001,67.5412522340001,0
                91.7695921760001,67.514699508,0
                91.6111253120001,67.4801877370001,0
                91.5028371290001,67.4589382180001,0
                91.39455459,67.4324052480001,0
                91.2651325990001,67.4111331510001,0
                91.104032476,67.3686933810001,0
                90.9825413070001,67.342146299,0
                90.8716255090001,67.307685329,0
                90.7369370010001,67.270557233,0
                90.631290543,67.2493105360001,0
                90.496590745,67.222749343,0
                90.451675761,67.227984817,0
                90.401474503,67.235856373,0
                90.4199101390001,67.288710645,0
                90.4330623230001,67.3415592750001,0
                90.514927604,67.3680640220001,0
                90.5941342240001,67.410416303,0
                90.6495116890001,67.5029359760001,0
                90.7049653550001,67.524129051,0
                90.7366180880001,67.5690722570001,0
                90.850217946,67.5639101620001,0
                90.9849374990001,67.5719792730001,0
                91.0826813570001,67.572083696,0
                91.193628199,67.577485682,0
                91.309852849,67.5881767640001,0
                91.410227144,67.598850912,0
                91.5343685060001,67.617475638,0
                91.6611431250001,67.6440283650001,0
                91.8090543740001,67.667961942,0
                91.914706477,67.6839251870001,0
                92.0150581930001,67.715733142,0
                92.0652142970001,67.750129202,0
                92.120656673,67.7818891800001,0
                92.1655067460001,67.837413401,0
                92.244693612,67.8982577630001,0
                92.3661565570001,67.9512221040001,0
                92.46382986,68.0173696730001,0
                92.5033880140001,68.0808134280001,0
                92.5482521980001,68.1231290200001,0
                92.6248368490001,68.1469863990001,0
                92.706724707,68.15235734,0
                92.8123683420001,68.1762457610001,0
                92.9048033480001,68.2001200730001,0
                93.0395003240001,68.2293229910001,0
                93.1372074920001,68.2637698500001,0
                93.213783676,68.2955524060001,0
                93.2243138900001,68.329906131,0
                93.2031292830001,68.37743462,0
                93.155564106,68.3905924480001,0
                93.102735232,68.3852525520001,0
                93.0314086340001,68.385176352,0
                92.9442316800001,68.385083218,0
                92.8332791930001,68.3849646840001,0
                92.6668476400001,68.387428609,0
                92.529475071,68.3899235800001,0
                92.3736188890001,68.384473616,0
                92.225682239,68.3843155700001,0
                92.0618952340001,68.3841405920001,0
                91.9509427470001,68.384022058,0
                91.7686636610001,68.383827324,0
                91.62601893,68.3757497450001,0
                91.491290909,68.3756058110001,0
                91.367135438,68.370189714,0
                91.208637529,68.3647369290001,0
                91.0765568790001,68.359312366,0
                90.9603237620001,68.3565464610001,0
                90.8229483710001,68.3616831570001,0
                90.7067152550001,68.3589172520001,0
                90.614246382,68.3667436520001,0
                90.5587588500001,68.3772512880001,0
                90.5481665470001,68.4010155330001,0
                90.5665908940001,68.46443671,0
                90.6325945300001,68.5014914270001,0
                90.714473921,68.5147875470001,0
                90.8042756680001,68.5307338580001,0
                90.9389952210001,68.5388029690001,0
                91.0657670190001,68.567997421,0
                91.1714304100001,68.5733937630001,0
                91.2955943490001,68.5708846810001,0
                91.3907134140001,68.555135926,0
                91.4937576570001,68.539395638,0
                91.602062774,68.5447948020001,0
                91.7288712610001,68.5396468170001,0
                91.866246651,68.534510122,0
                92.0062496570001,68.5425848780001,0
                92.137228151,68.545366535,0
                92.2598412300001,68.556064442,0
                92.347018184,68.556157576,0
                92.4474065910001,68.553623095,0
                92.5609866920001,68.5669530800001,0
                92.6956893120001,68.5908725470001,0
                92.793410592,68.6121107770001,0
                92.8515031620001,68.635948399,0
                92.8514580060001,68.6782160130001,0
                92.782725155,68.723051975,0
                92.7113618670001,68.757318211,0
                92.5924588020001,68.7809667440001,0
                92.494695188,68.7993544020001,0
                92.3599615240001,68.8044939200001,0
                92.2437142960001,68.814936645,0
                92.1142640830001,68.8200818080001,0
                91.976894337,68.8199350520001,0
                91.847446946,68.822438488,0
                91.733852733,68.8223171320001,0
                91.62025852,68.8221957760001,0
                91.5093088550001,68.8194355160001,0
                91.3719419320001,68.8166470340001,0
                91.2689230890001,68.8086117890001,0
                91.1368396170001,68.8058289520001,0
                90.983619515,68.8056652610001,0
                90.8753087540001,68.8055495500001,0
                90.7537865410001,68.8080614530001,0
                90.6111305210001,68.810550778,0
                90.4737551310001,68.8156874740001,0
                90.3495855480001,68.8234800060001,0
                90.251838868,68.8260173100001,0
                90.151430706,68.847043872,0
                90.0484005750001,68.849575531,0
                89.929500332,68.8705823380001,0
                89.789466282,68.8915665660001,0
                89.6679271350001,68.9099288250001,0
                89.567530263,68.9203884830001,0
                89.485628293,68.9282261710001,0
                89.409018243,68.928144327,0
                89.3403587700001,68.9042954160001,0
                89.2585076010001,68.864582038,0
                89.1687199660001,68.835427097,0
                89.1132267890001,68.851218186,0
                89.0022545460001,68.869591733,0
                88.888646222,68.882679006,0
                88.7723989940001,68.8931217310001,0
                88.653538262,68.877144376,0
                88.5558198050001,68.8532644200001,0
                88.4686597840001,68.8373209310001,0
                88.4000116000001,68.802905116,0
                88.3208078010001,68.7579111100001,0
                88.2600847950001,68.7235037610001,0
                88.2099738480001,68.6468400890001,0
                88.130812383,68.562220193,0
                88.0701260660001,68.4934704080001,0
                88.004142185,68.4379236090001,0
                87.9328522760001,68.4035049720001,0
                87.8510095730001,68.3558664170001,0
                87.7400711980001,68.342539254,0
                87.642341451,68.329226201,0
                87.5287415930001,68.334388297,0
                87.4389116240001,68.3448592450001,0
                87.349070366,68.3658970960001,0
                87.275085108,68.3816684290001,0
                87.1905216580001,68.407995376,0
                87.0980302070001,68.436955583,0
                86.9896855790001,68.4685405820001,0
                86.8945665140001,68.4842893370001,0
                86.7994530930001,68.4947546390001,0
                86.6700028800001,68.4998998020001,0
                86.5696088290001,68.507717734,0
                86.4477730720001,68.5075875740001,0
                86.3424175810001,68.5101167490001,0
                86.2447160570001,68.4703864370001,0
                86.1575701470001,68.441234319,0
                86.05458235,68.4041400890001,0
                85.9463195660001,68.359115037,0
                85.8565347530001,68.327318372,0
                85.7562027920001,68.277018334,0
                85.70345294,68.197710113,0
                85.6401305420001,68.123674055,0
                85.563596692,68.052265612,0
                85.465937501,67.972909412,0
                85.3550894370001,67.8750470200001,0
                85.2969884,67.859134576,0
                85.162291425,67.8299316580001,0
                85.0302474640001,67.790164657,0
                84.8955476660001,67.763603464,0
                84.781990142,67.729139672,0
                84.6948583440001,67.6867789240001,0
                84.6738120260001,67.6048628440001,0
                84.6501239820001,67.5229439410001,0
                84.6290889540001,67.430460957,0
                84.7110247900001,67.3909225580001,0
                84.7956023520001,67.3513869820001,0
                84.896041558,67.301301435,0
                85.0202534750001,67.2538830130001,0
                85.1153781840001,67.232850807,0
                85.2369370860001,67.195996467,0
                85.332075907,67.1617556310001,0
                85.371752595,67.1142468990001,0
                85.3638979740001,67.0481952850001,0
                85.308461241,67.0111518560001,0
                85.263582946,66.9820448930001,0
                85.1896400210001,66.9581903380001,0
                85.1394613400001,66.9449280860001,0
                85.049665238,66.9236983230001,0
                84.9545687510001,66.9183132700001,0
                84.870064567,66.889163974,0
                84.88594879,66.857480197,0
                84.904519893,66.783531628,0
                84.904567871,66.738622288,0
                84.8967132490001,66.672570674,0
                84.880939094,66.601227141,0
                84.8545669920001,66.558931305,0
                84.801763518,66.529815876,0
                84.72782906,66.498036143,0
                84.6222136480001,66.447730461,0
                84.5112950270001,66.415911217,0
                84.376586763,66.3972752010001,0
                84.2498036750001,66.378647653,0
                84.1414985590001,66.37324849,0
                84.0490409750001,66.3705079860001,0
                83.959208184,66.383620659,0
                83.8772836370001,66.4125921550001,0
                83.7742365720001,66.4309741690001,0
                83.7002456690001,66.4520289530001,0
                83.5998290410001,66.480980693,0
                83.5099764940001,66.512585448,0
                83.4095852660001,66.5177616550001,0
                83.2933493260001,66.5176374760001,0
                83.1850357440001,66.5201634900001,0
                83.0872918860001,66.520059067,0
                82.9525553980001,66.527840311,0
                82.844241815,66.530366326,0
                82.7253641500001,66.5302393250001,0
                82.551007419,66.5326947840001,0
                82.4189211250001,66.5325536720001,0
                82.2881924600001,66.5244888240001,0
                82.1468374710001,66.5190543520001,0
                81.9962647400001,66.5136100330001,0
                81.917024252,66.502958462,0
                81.7876050830001,66.47904464,0
                81.6713889010001,66.460428381,0
                81.5131716080001,66.433842064,0
                81.3834944010001,66.4099279660001,0
                81.243525263,66.370152498,0
                81.1352568350001,66.3304108990001,0
                81.0375468440001,66.298605766,0
                80.8870079800001,66.2614607350001,0
                80.7813643440001,66.237572314,0
                80.670457013,66.195186166,0
                80.564824667,66.1607308390001,0
                80.4301474470001,66.1130358400001,0
                80.3377152630001,66.0865198020001,0
                80.271672116,66.0864492470001,0
                80.197703791,66.0863702240001,0
                80.1025988380001,66.0889103490001,0
                80.002213253,66.0888031040001,0
                79.922967122,66.0834349850001,0
                79.8305010710001,66.0886196600001,0
                79.695744829,66.114892985,0
                79.5900503930001,66.1385556280001,0
                79.4579471660001,66.1542648710001,0
                79.3390441010001,66.177913404,0
                79.2227799390001,66.2042064840001,0
                79.0827346010001,66.235757617,0
                78.9294834550001,66.264652912,0
                78.8132334040001,66.277737363,0
                78.6916857910001,66.304024799,0
                78.567499275,66.327667687,0
                78.4697328400001,66.3486970710001,0
                78.342904596,66.372337137,0
                78.2398829320001,66.3669436180001,0
                78.1025526970001,66.3298126990001,0
                78.0233234980001,66.308594225,0
                77.9229746030001,66.2741445440001,0
                77.8094170790001,66.2396807520001,0
                77.687928733,66.2104919430001,0
                77.5717210170001,66.183950506,0
                77.43438796,66.1494613140001,0
                77.2864964660001,66.1070356550001,0
                77.1544525050001,66.0672686550001,0
                77.019763997,66.030140558,0
                76.916773376,65.9956880540001,0
                76.8190605630001,65.966524647,0
                76.697576912,65.932940817,0
                76.6183251350001,65.9328561510001,0
                76.5258647300001,65.9327573730001,0
                76.4545381300001,65.9326811720001,0
                76.3700029020001,65.9325908600001,0
                76.2933928510001,65.932509016,0
                76.1956612320001,65.92094926,0
                76.0767851790001,65.8917632430001,0
                75.9526760730001,65.8704968230001,0
                75.823259727,65.843941274,0
                75.6964681730001,65.8332389030001,0
                75.567063116,65.796116451,0
                75.4455550150001,65.7854197250001,0
                75.3161414910001,65.756222451,0
                75.2052087590001,65.737611836,0
                75.086356494,65.713709302,0
                74.988652148,65.676620717,0
                74.941109549,65.6686447390001,0
                74.85127958,65.679115687,0
                74.748238159,65.6922142490001,0
                74.6293576720001,65.694728975,0
                74.5236829930001,65.6998995370001,0
                74.410088779,65.6997781810001,0
                74.317622729,65.7049628550001,0
                74.2145615530001,65.736553498,0
                74.1062197470001,65.7654967710001,0
                73.968793556,65.8181845330001,0
                73.826083913,65.87086665,0
                73.712444544,65.9130129070001,0
                73.5617956140001,65.978895187,0
                73.408521889,66.028924289,0
                73.2526036180001,66.0815922950001,0
                73.083488005,66.1236792860001,0
                72.946075926,66.1631584190001,0
                72.832445023,66.1973794990001,0
                72.7373118470001,66.226336884,0
                72.6051803970001,66.2684633850001,0
                72.5232586720001,66.294793155,0
                72.38847703,66.3448420140001,0
                72.277479387,66.3869910940001,0
                72.192907469,66.421243218,0
                72.11366416,66.4132333740001,0
                72.0608522200001,66.3920431220001,0
                72.015965458,66.3708613370001,0
                71.952583792,66.3523015220001,0
                71.910307711,66.3601815440001,0
                71.8548117120001,66.378614359,0
                71.8098939050001,66.386491558,0
                71.7570622100001,66.3837933870001,0
                71.709513966,66.381100861,0
                71.649114824,66.388961522,0
                71.595860486,66.4364557490001,0
                71.5165691990001,66.4733552450001,0
                71.447858925,66.497057399,0
                71.3554041630001,66.4916751690001,0
                71.265585484,66.4915792140001,0
                71.1731250780001,66.491480435,0
                71.0885785610001,66.5019570270001,0
                70.9696952510001,66.5071134790001,0
                70.8719485710001,66.5096507820001,0
                70.7504376470001,66.501595781,0
                70.6289182560001,66.501465958,0
                70.512682317,66.5013417800001,0
                70.375312572,66.5011950240001,0
                70.269643536,66.501082135,0
                70.1903663590001,66.524773001,0
                70.113725265,66.55375014,0
                69.9895443920001,66.5721095760001,0
                69.855674369,66.5931003910001,0
                69.7464905590001,66.585939136,0
                69.619695242,66.578759066,0
                69.4893851510001,66.5645306310001,0
                69.330881597,66.5643612960001,0
                69.2075897670001,66.574796496,0
                69.091342539,66.5852392210001,0
                68.929294107,66.606199932,0
                68.8060060400001,66.61311283,0
                68.6193165510001,66.6199579940001,0
                68.5242181820001,66.616334092,0
                68.3410284170001,66.6443168270001,0
                68.1789724590001,66.6723221390001,0
                68.038054071,66.6968277290001,0
                67.886549965,66.7389335340001,0
                67.6928121110001,66.7492934740001,0
                67.502607847,66.749090273,0
                67.3018404420001,66.745353482,0
                67.1433368900001,66.7451841480001,0
                67.013004219,66.7520895210001,0
                66.8862013780001,66.7519540530001,0
                66.777002515,66.7588820030001,0
                66.630791957,66.7622481070001,0
                66.4247799230001,66.7514611020001,0
                66.262757832,66.7477657040001,0
                66.125399375,66.737052045,0
                65.9492880780001,66.7333415950001,0
                65.7626174050001,66.7225752530001,0
                65.639344389,66.715398947,0
                65.4949601450001,66.687066255,0
                65.4139585070001,66.6764128030001,0
                65.3399901820001,66.67633378,0
                65.280092247,66.693881316,0
                65.3046542810001,66.781965186,0
                65.322190527,66.8524300240001,0
                65.209469363,66.859354212,0
                65.0967707780001,66.8451445910001,0
                64.9735052880001,66.830923682,0
                64.860810465,66.813191761,0
                64.741089855,66.7778408080001,0
                64.6178431800001,66.7460083930001,0
                64.494600269,66.710653677,0
                64.364301466,66.685858339,0
                64.205843068,66.6434213900001,0
                64.065011229,66.5869140520001,0
                63.9347350050001,66.5409849060001,0
                63.8009477670001,66.484485094,0
                63.6777387220001,66.4174296680001,0
                63.5580557420001,66.3468557030001,0
                63.438376524,66.272759437,0
                63.346887005,66.1881263720001,0
                63.2448381090001,66.096437414,0
                63.1322034930001,66.0223486740001,0
                63.01605034,65.9447338700001,0
                62.8998821340001,65.8812082700001,0
                62.787217416,65.83529794,0
                62.695656399,65.8175885960001,0
                62.5935360070001,65.792823361,0
                62.482606097,65.7715710210001,0
                62.382231802,65.760896872,0
                62.29397756,65.7547737470001,0
                62.2800173350001,65.824189167,0
                62.1109694560001,65.8028747370001,0
                61.963044096,65.7921497880001,0
                61.8538903890001,65.7568101240001,0
                61.720061759,65.739055625,0
                61.5686705410001,65.675492395,0
                61.406697369,65.6260070820001,0
                61.3539192960001,65.5731161190001,0
                61.315249243,65.5026287040001,0
                61.3153357910001,65.4216157760001,0
                61.333075238,65.301876351,0
                61.3014686020001,65.2137849540001,0
                61.206411626,65.17141574,0
                61.083183766,65.1219718190001,0
                60.900035394,65.1112092400001,0
                60.649955773,65.1074197680001,0
                60.4456623040001,65.107201515,0
                60.308311373,65.0894432530001,0
                60.2026724420001,65.0611519540001,0
                60.0829405430001,65.036367904,0
                59.963155962,65.0608960710001,0
                59.850389642,65.1100878730001,0
                59.6919011410001,65.095829334,0
                59.5862810240001,65.0499265290001,0
                59.4947425870001,65.0110833790001,0
                59.396163309,64.9687104010001,0
                59.343373947,64.926386343,0
                59.3223003480001,64.870006946,0
                59.3505728310001,64.78197952,0
                59.4034562680001,64.736246049,0
                59.4246578090001,64.672867206,0
                59.3754133260001,64.6094131030001,0
                59.2944568440001,64.5564920360001,0
                59.1817958880001,64.5070594040001,0
                59.0867502,64.4541232870001,0
                59.0128420830001,64.3976874460001,0
                59.0129286320001,64.3166745180001,0
                58.9460575910001,64.2672908050001,0
                58.840414896,64.2425218070001,0
                58.727674918,64.2670575000001,0
                58.681809743,64.3374546050001,0
                58.6993271750001,64.4255309500001,0
                58.7450305410001,64.5065927960001,0
                58.7977898,64.577095264,0
                58.8258778970001,64.661660596,0
                58.7623824020001,64.749650391,0
                58.709483913,64.8094730670001,0
                58.66006257,64.91156712,0
                58.6141973960001,64.9819642250001,0
                58.610596071,65.055928786,0
                58.6739485740001,65.1017864350001,0
                58.7725127990001,65.1582486170001,0
                58.881572432,65.281645811,0
                58.9905944340001,65.4402660170001,0
                59.078587993,65.5002392110001,0
                59.2088378770001,65.570824465,0
                59.3250023200001,65.6378723650001,0
                59.455301122,65.6626677040001,0
                59.546869664,65.6733324460001,0
                59.691406548,65.5930069760001,0
                59.7935775030001,65.5362261080001,0
                59.9838043450001,65.5152955020001,0
                60.1951311270001,65.5260881840001,0
                60.290252073,65.5085782780001,0
                60.3042660180001,65.579039354,0
                60.268911302,65.7022822650001,0
                60.279365317,65.80796259,0
                60.3779220160001,65.8714693750001,0
                60.5539731040001,65.9315366440001,0
                60.7159989580001,65.9317097410001,0
                60.8920349950001,66.005866214,0
                61.0469635650001,66.0553440020001,0
                61.212474091,66.0907438740001,0
                61.399088319,66.1543447330001,0
                61.550505877,66.193251854,0
                61.6068175400001,66.235579676,0
                61.694773469,66.3307758820001,0
                61.687582111,66.4681381020001,0
                61.662794299,66.5913923030001,0
                61.8141817530001,66.6584778330001,0
                62.000814797,66.704467186,0
                62.1663328480001,66.7328224560001,0
                62.3071684510001,66.785807493,0
                62.423359234,66.828199286,0
                62.363389802,66.912670543,0
                62.222460126,66.9477430360001,0
                62.060464375,66.9193915290001,0
                61.8843794200001,66.891024971,0
                61.690724351,66.8238942840001,0
                61.486506143,66.7532300080001,0
                61.3245254440001,66.7107892970001,0
                61.2153679740001,66.6789719340001,0
                61.092128825,66.6400949160001,0
                60.9547703690001,66.629381257,0
                60.8350497580001,66.5940303040001,0
                60.6977025900001,66.5727497410001,0
                60.6341657020001,66.699484849,0
                60.866539742,66.7913130370001,0
                60.9862829300001,66.805530183,0
                61.0778025530001,66.8619848390001,0
                60.9579540010001,66.946392126,0
                60.8099044630001,67.0519031170001,0
                60.7674788030001,67.1997946100001,0
                60.711016622,67.298358836,0
                60.591258381,67.298230894,0
                60.457410936,67.298087901,0
                60.37992031,67.2980051150001,0
                60.3165640440001,67.255669767,0
                60.196918694,67.1498727910001,0
                60.1195484840001,67.0370763670001,0
                59.9505984420001,66.924182107,0
                59.7991771210001,66.888797287,0
                59.492744444,66.881425306,0
                59.359568295,66.881283029,0
                59.18278194,66.8810941630001,0
                58.9714815,66.8456453730001,0
                58.7813299170001,66.7961299550001,0
                58.583960636,66.9086328660001,0
                58.3655779630001,66.9083995610001,0
                58.1331060850001,66.9081512050001,0
                57.931347745,66.8791086080001,0
                57.7386685610001,66.8513729330001,0
                57.555062482,66.8183836870001,0
                57.344246088,66.7805054550001,0
                57.2757045650001,66.7382250410001,0
                57.2616328780001,66.6298386490001,0
                57.4148802600001,66.6044656560001,0
                57.562809384,66.611668303,0
                57.6755079700001,66.6258779230001,0
                57.9361055750001,66.6754686,0
                58.1403313100001,66.739088275,0
                58.267134153,66.739223741,0
                58.36578869,66.7111506960001,0
                58.450331444,66.7041964050001,0
                58.4503897700001,66.6496007360001,0
                58.421443675,66.5439006560001,0
                58.6054782670001,66.5493807230001,0
                58.7112075100001,66.4931367940001,0
                58.7650063290001,66.4148229780001,0
                58.8839799500001,66.3251312990001,0
                59.055932639,66.210133989,0
                59.2106979010001,66.214598498,0
                59.3666490420001,66.2190972160001,0
                59.48371946,66.2623705240001,0
                59.6501107830001,66.3839099800001,0
                59.7186609080001,66.4237669820001,0
                59.892345203,66.5187447690001,0
                60.0284427880001,66.593168582,0
                60.243324783,66.641161095,0
                60.408761004,66.678110212,0
                60.4159636520001,66.5301810880001,0
                60.217299455,66.4453377570001,0
                60.006682407,66.355389733,0
                59.9160076100001,66.332397879,0
                59.7500166250001,66.2886309680001,0
                59.5578034960001,66.154138786,0
                59.409059649,66.0852949270001,0
                59.1625964040001,65.9934516880001,0
                58.9371164470001,66.042523074,0
                58.905308491,66.1428747900001,0
                58.648855058,66.3354470240001,0
                58.5070419830001,66.373160302,0
                58.376802447,66.2928887200001,0
                58.186665917,66.2292840970001,0
                58.0651549930001,66.221229097,0
                57.917218344,66.2210710520001,0
                57.8352994410001,66.2447590950001,0
                57.880110003,66.337267479,0
                58.022709578,66.3876126710001,0
                58.138889072,66.4405713680001,0
                58.0912420500001,66.530339247,0
                57.945978171,66.50112504,0
                57.80068607,66.4983280910001,0
                57.59731551,66.4584848910001,0
                57.4229841800001,66.4371648160001,0
                57.3120599150001,66.4106290240001,0
                57.2038140650001,66.349753617,0
                57.048000216,66.3046777650001,0
                56.9132496180001,66.325667638,0
                56.81285839,66.3308438450001,0
                56.7520224940001,66.4021055320001,0
                56.799452204,66.515750546,0
                56.91036518,66.552853241,0
                57.055614948,66.595276079,0
                57.115168689,66.614613772,0
                57.116230709,66.7300690110001,0
                56.947171542,66.719321483,0
                56.7860262620001,66.7191493270001,0
                56.582576681,66.753274452,0
                56.4320180610001,66.734621503,0
                56.223290671,66.763457531,0
                56.0779223690001,66.831987182,0
                55.8796659270001,66.950653179,0
                55.784524284,66.987535741,0
                55.6576988640001,67.0085340810001,0
                55.493906214,67.0136425540001,0
                55.3829734830001,66.9950319380001,0
                55.311677929,66.965896754,0
                55.3487354690001,66.897251392,0
                55.354109233,66.812721808,0
                55.354162855,66.762529016,0
                55.2670282340001,66.722809994,0
                55.243328901,66.651457995,0
                55.275108635,66.577523537,0
                55.3386144790001,66.4798474140001,0
                55.4205079810001,66.4799349020001,0
                55.5842582970001,66.5144523180001,0
                55.7401031900001,66.5304691850001,0
                55.861631048,66.52267383,0
                55.964641424,66.5386342520001,0
                56.152218073,66.525626001,0
                56.3451515520001,66.4439385220001,0
                56.416520485,66.404388834,0
                56.514320787,66.3516587390001,0
                56.6279827330001,66.2883786740001,0
                56.694104904,66.2144809050001,0
                56.736431784,66.159049818,0
                56.7681974070001,66.0983239890001,0
                56.7313120220001,66.0058240710001,0
                56.7102459480001,65.942400073,0
                56.7499536820001,65.8658323550001,0
                56.855693273,65.7999020980001,0
                56.9164840130001,65.7709080240001,0
                56.937736354,65.6599781150001,0
                56.9405361250001,65.5120442880001,0
                56.959107229,65.438095719,0
                57.0595915900001,65.3457425570001,0
                57.1151186340001,65.2982507580001,0
                57.1442566420001,65.2243134780001,0
                57.099423501,65.152938901,0
                57.01489674,65.1449234120001,0
                56.909233349,65.139527071,0
                56.803553025,65.149981085,0
                56.7215917890001,65.2132950170001,0
                56.6475472640001,65.2845425930001,0
                56.6130919380001,65.3901749400001,0
                56.6129621150001,65.5116943300001,0
                56.5441474190001,65.633140343,0
                56.451528969,65.7809782140001,0
                56.385339065,65.9182774050001,0
                56.3772558420001,66.0662055880001,0
                56.319050384,66.148037,0
                56.2397534510001,66.1902199470001,0
                56.141950326,66.245591769,0
                56.09434846,66.293092035,0
                56.020329336,66.3405640780001,0
                55.9489660470001,66.3748303140001,0
                55.8644279970001,66.377381728,0
                55.769382309,66.3244456100001,0
                55.6690362370001,66.2873542030001,0
                55.531691891,66.263431913,0
                55.4181174340001,66.2448184770001,0
                55.3098292500001,66.223568958,0
                55.206801941,66.2234588900001,0
                55.1354301870001,66.2656503040001,0
                55.172349438,66.3264495110001,0
                55.2145662510001,66.3740457330001,0
                55.1659206300001,66.469463009,0
                55.1351479630001,66.5298228930001,0
                54.945017078,66.460934819,0
                54.8235400200001,66.421179108,0
                54.6782479180001,66.418382159,0
                54.559384365,66.4050465290001,0
                54.459007248,66.3970141070001,0
                54.406217886,66.3546900480001,0
                54.3111778430001,66.2964704780001,0
                54.1711663720001,66.2963208990001,0
                54.023561391,66.324151618,0
                53.8646640790001,66.35411149,0
                53.7061040820001,66.4067766740001,0
                53.8327827460001,66.5231480790001,0
                54.086309408,66.5973873390001,0
                54.339915094,66.597658273,0
                54.496863165,66.6340537040001,0
                54.6145868520001,66.661353207,0
                54.751877575,66.735468288,0
                54.8151435300001,66.862338864,0
                54.7093841820001,66.9467612030001,0
                54.709271293,67.0524302380001,0
                54.814748417,67.232180488,0
                54.8145113480001,67.4540854620001,0
                54.582039471,67.453837106,0
                54.3707014,67.453611327,0
                54.1384101450001,67.2842925140001,0
                53.9059947120001,67.23120964,0
                53.7899619740001,67.040881197,0
                53.589281118,66.9561314790001,0
                53.4731242020001,66.882038976,0
                53.5578174760001,66.7341926380001,0
                53.536796558,66.628501025,0
                53.399596145,66.4698507150001,0
                53.39976548,66.3113471620001,0
                53.3999235250001,66.163410512,0
                53.167429069,66.1842959630001,0
                52.9665563020001,66.2791836060001,0
                52.8253834940001,66.332791087,0
                52.744561015,66.3634817660001,0
                52.596556633,66.4267251420001,0
                52.543914026,66.2470313370001,0
                52.428833846,66.1681116350001,0
                52.343289616,66.1094471010001,0
                52.131951545,66.109221323,0
                52.057847753,66.235945142,0
                52.057667457,66.404709192,0
                52.0574639290001,66.5952198620001,0
                52.00255451,66.7266069300001,0
                51.951523959,66.8487126590001,0
                51.9513997810001,66.964948597,0
                51.8350622410001,67.0599265500001,0
                51.5391889420001,67.05961046,0
                51.359562871,67.0488516450001,0
                51.2393063760001,67.0348456950001,0
                51.0848572460001,67.016857422,0
                50.9474536320001,67.048411376,0
                50.841716864,67.111699908,0
                50.8415926850001,67.2279358470001,0
                50.6829988210001,67.3123017410001,0
                50.492738113,67.3649330590001,0
                50.307873746,67.3119009850001,0
                50.122981156,67.2852861690001,0
                49.9698513660001,67.2005872510001,0
                49.811359102,67.1898510140001,0
                49.652849904,67.1949651310001,0
                49.5154237130001,67.2476528920001,0
                49.378138634,67.16825436,0
                49.1722081940001,67.0517982870001,0
                49.0269981810001,67.008321052,0
                48.8711473980001,66.961657872,0
                48.6281932840001,66.8821464500001,0
                48.3746327550001,66.8396079010001,0
                48.094705768,66.749490064,0
                47.867568142,66.7016962860001,0
                47.753259541,66.6362149920001,0
                47.6457986350001,66.5746563750001,0
                47.481972118,66.6114655590001,0
                47.3234516320001,66.627146581,0
                47.1543981090001,66.611115603,0
                46.9748002590001,66.573939529,0
                46.9431898600001,66.489370433,0
                46.911556884,66.425935145,0
                46.779470589,66.425794033,0
                46.70013979,66.499677691,0
                46.647203672,66.5947233780001,0
                46.583734517,66.6580570660001,0
                46.483309423,66.6949339830001,0
                46.3724039640001,66.679337994,0
                46.2561548630001,66.6629905600001,0
                46.108302881,66.5835807390001,0
                45.902276484,66.5569433460001,0
                45.680388442,66.540855923,0
                45.437394817,66.4983286630001,0
                45.3105693970001,66.5193270030001,0
                45.146737236,66.5614196380001,0
                45.062202008,66.5613293270001,0
                44.9564595940001,66.6299013110001,0
                44.7715274930001,66.640270657,0
                44.544361645,66.618894138,0
                44.3858806700001,66.597590998,0
                44.296084567,66.576361235,0
                44.195698984,66.5762539900001,0
                44.0795477130001,66.4968780340001,0
                43.9898645000001,66.3699792360001,0
                43.9899604560001,66.2801605560001,0
                44.0482308250001,66.1375694480001,0
                44.0113369750001,66.052994708,0
                43.8317447700001,66.0105351810001,0
                43.6627025350001,65.9839373,0
                43.456670494,65.9625833590001,0
                43.277004913,65.988808706,0
                43.0761773,66.0414287340001,0
                42.8384219700001,66.0411747320001,0
                42.743319839,66.0410731320001,0
                42.5688643300001,66.135988996,0
                42.336352941,66.1727248020001,0
                42.1830763940001,66.22539563,0
                42.029754693,66.320334072,0
                41.9768524410001,66.3836790490001,0
                41.918638516,66.47343564,0
                41.797347389,66.4106023630001,0
                41.6645214970001,66.341793652,0
                41.5268197280001,66.270459058,0
                41.374412362,66.2261594350001,0
                41.206029422,66.1772162570001,0
                41.081718751,66.151759052,0
                40.955877946,66.1259884950001,0
                40.8330821100001,66.1108674430001,0
                40.692561203,66.093563729,0
                40.553580298,66.0919593720001,0
                40.4159936450001,66.161521641,0
                40.308897449,66.215668276,0
                40.131916249,66.3051479870001,0
                40.053798789,66.344643299,0
                39.9588808290001,66.3926327550001,0
                39.990184264,66.4660919560001,0
                40.0746969150001,66.4873160750001,0
                40.0852017290001,66.545445333,0
                40.0322712550001,66.635207569,0
                39.95854274,66.7090972120001,0
                39.9158490500001,66.8094372990001,0
                40.032068054,66.825411832,0
                40.121835935,66.8730588550001,0
                40.0636389430001,66.946965091,0
                40.0213092390001,67.0050379040001,0
                39.9578287960001,67.078938496,0
                39.9154990920001,67.1370113090001,0
                39.693684429,67.0522390130001,0
                39.635634194,66.9887755020001,0
                39.4454073520001,67.009706109,0
                39.3818873970001,67.120590862,0
                39.2339733260001,67.09929901,0
                39.0173461580001,67.1043510390001,0
                38.8377087980001,67.1041591270001,0
                38.7637291840001,67.114647007,0
                38.642181571,67.140934443,0
                38.5469778390001,67.2359349750001,0
                38.515175528,67.33100324,0
                38.3408498410001,67.3043997140001,0
                38.19817971,67.3200976680001,0
                38.0872215790001,67.3252625860001,0
                38.0185028390001,67.3568899190001,0
                37.960255046,67.47834722,0
                37.8598186630001,67.525791042,0
                37.7541496280001,67.5256781520001,0
                37.606212978,67.525520107,0
                37.521643883,67.5571305060001,0
                37.3894898550001,67.6203908150001,0
                37.294348212,67.6572733770001,0
                37.130561207,67.6570983990001,0
                36.9985031350001,67.630540029,0
                36.824149226,67.630353761,0
                36.6973463840001,67.630218294,0
                36.607499481,67.6565395960001,0
                36.607409171,67.7410748250001,0
                36.4964566830001,67.740956291,0
                36.348520034,67.7407982460001,0
                36.2903230420001,67.8147044820001,0
                36.142352525,67.846247147,0
                36.010187208,67.9200743600001,0
                35.8622731360001,67.8987825080001,0
                35.782998782,67.9198316480001,0
                35.751179538,68.0307502690001,0
                35.6560266060001,68.0781997340001,0
                35.560924474,68.0780981340001,0
                35.407738239,68.0462337330001,0
                35.354802121,68.14127942,0
                35.35471181,68.225814649,0
                35.291231366,68.2997152400001,0
                35.132727812,68.299545906,0
                35.132857636,68.1780265150001,0
                35.1593256940001,68.130503672,0
                35.1594272950001,68.0354015400001,0
                35.080203741,68.008899614,0
                34.9534178320001,67.992913791,0
                34.9270852400001,67.913633793,0
                34.8636951080001,67.902999155,0
                34.76330388,67.9081753620001,0
                34.6258106830001,67.891850752,0
                34.493881706,67.876186783,0
                34.372362315,67.8760569610001,0
                34.2455143170001,67.918189108,0
                34.1397493260001,68.0078948980001,0
                34.171371014,68.0818970890001,0
                34.139596925,68.1505480960001,0
                34.018038023,68.1874024360001,0
                34.0179194900001,68.298354923,0
                33.965005949,68.3722668030001,0
                33.9016045280001,68.372199069,0
                33.901401327,68.5624033330001,0
                33.848470853,68.652165568,0
                33.726951462,68.652035745,0
                33.5842756870001,68.6730171520001,0
                33.441509599,68.7785337860001,0
                33.3464074670001,68.778432186,0
                33.1773821670001,68.7359839490001,0
                33.071713131,68.7358710600001,0
                33.071549442,68.8890911610001,0
                33.1242880040001,68.9789662860001,0
                33.1453202100001,69.0740909960001,0
                32.9551667470001,69.026336729,0
                32.801941001,69.031456491,0
                32.6910110910001,69.01020415,0
                32.50609028,69.0100065930001,0
                32.310630786,68.9833804900001,0
                32.130987782,68.988472029,0
                32.0147518430001,68.9883478510001,0
                31.8562426450001,68.9934619690001,0
                31.745205492,69.0725952120001,0
                31.5443891680001,69.1146483360001,0
                31.380602163,69.1144733570001,0
                31.1691963590001,69.177648999,0
                30.926157577,69.1773893540001,0
                30.683118796,69.1771297080001,0
                30.5351821470001,69.1769716630001,0
                30.2762930100001,69.1766950840001,0
                30.0649549390001,69.1764693060001,0
                30.0016268960001,69.107716699,0
                29.843179788,69.0547128470001,0
                29.7268930490001,69.102139735,0
                29.647562249,69.176023393,0
                29.64750016,69.2341413620001,0
                29.7689969730001,69.2554049920001,0
                29.8481923050001,69.308324176,0
                29.885108734,69.3717651090001,0
                29.9537202290001,69.44052336,0
                30.0329099150001,69.4987259970001,0
                30.1120883140001,69.5674955370001,0
                30.1119923580001,69.6573142170001,0
                30.0114713070001,69.784009815,0
                29.937435249,69.8473322130001,0
                29.863455636,69.857820094,0
                29.7683948960001,69.818973181,0
                29.6768263540001,69.8083084400001,0
                29.620473299,69.8047259310001,0
                29.578141714,69.8645598950001,0
                29.6097558760001,69.945606689,0
                29.6586226920001,70.054866207,0
                29.9646274730001,70.0648865220001,0
                30.4440557990001,70.080585699,0
                30.9994015500001,70.0987708390001,0
                31.569813068,70.267964308,0
                31.98987787,70.392562459,0
                32.5106007260001,70.7560983700001,0
                32.959208167,71.0692878390001,0
                33.311320854,71.3151107470001,0
                33.919902022,71.7399837990001,0
                34.446044435,72.1073033040001,0
                34.817116089,72.3663621680001,0
                35.0451458950001,72.525558222,0
                35.252516588,72.670331382,0
                35.580767301,72.899495363,0
                35.990606815,73.1856195060001,0
                36.4272374710001,73.4904475380001,0
                36.588675648,73.428321075,0
                36.769454427,73.358751742,0
                36.921933596,73.300072986,0
                37.128709717,73.220499062,0
                37.3830645040001,73.1528568310001,0
                37.554526923,73.1072587090001,0
                37.772930526,73.0491772120001,0
                38.061479579,72.972441476,0
                38.3737231050001,72.8894045150001,0
                38.5982548060001,72.829693332,0
                38.8692773440001,72.757618537,0
                39.0986297750001,72.6966253460001,0
                39.2258068560001,72.6628043140001,0
                39.379293934,72.6219864920001,0
                39.5286373320001,72.6128781880001,0
                39.7970652390001,72.5965070390001,0
                40.0080418100001,72.5836397900001,0
                40.212000312,72.5712005660001,0
                40.507344023,72.55318785,0
                40.66246169,72.5437273790001,0
                40.84009015,72.5328939980001,0
                41.1484482830001,72.5140875440001,0
                41.3256417380001,72.5032806940001,0
                41.494510231,72.4929815740001,0
                41.6848684330001,72.4813718180001,0
                41.9010089560001,72.468189625,0
                42.1205168490001,72.5118989210001,0
                42.2993454090001,72.547507985,0
                42.4890451320001,72.5852817580001,0
                42.657069608,72.6187394680001,0
                42.936149615,72.6743110040001,0
                43.11638759,72.710200715,0
                43.3386312970001,72.7544547780001,0
                43.7180295630001,72.8300020900001,0
                44.060790383,72.8982540050001,0
                44.342621487,72.9543733500001,0
                44.5648651390001,72.9986274020001,0
                44.8371671290001,73.0528492710001,0
                45.086521502,73.102501718,0
                45.289774777,73.1429743290001,0
                45.6014001410001,73.2050264270001,0
                45.99435299,73.283272783,0
                46.1948557050001,73.3231976910001,0
                46.4468932340001,73.373384419,0
                46.7124856680001,73.4262702550001,0
                46.9495590540001,73.4734772620001,0
                47.319495402,73.5471404780001,0
                47.6243437160001,73.6078431030001,0
                47.921996662,73.6671129580001,0
                48.2435663700001,73.731145213,0
                48.561968719,73.794546772,0
                48.8952675240001,73.8609145730001,0
                49.2001821970001,73.9216304120001,0
                49.555154676,73.9923139620001,0
                49.895298122,74.060044695,0
                50.234032439,74.1274948380001,0
                50.4440640620001,74.1693171810001,0
                50.668924421,74.214092281,0
                50.8559398580001,74.2513315480001,0
                51.0223034310001,74.2844585330001,0
                51.1791331960001,74.2834289140001,0
                51.425736097,74.281809916,0
                51.637009365,74.2804228630001,0
                51.8765677750001,74.2788501140001,0
                52.0879490880001,74.277462352,0
                52.383969011,74.2755189210001,0
                52.679719081,74.2735772610001,0
                52.9333664540001,74.2719120140001,0
                53.2150824180001,74.270062491,0
                53.5530986740001,74.2678433450001,0
                53.8562172370001,74.2658533100001,0
                54.1510356640001,74.2639177670001,0
                54.333528652,74.2166411110001,0
                54.4723915170001,74.1806672800001,0
                54.5765395170001,74.1536866870001,0
                54.6594400910001,74.1322104540001,0
                54.775698607,74.1112008250001,0
                54.828566992,74.0795565590001,0
                54.9078752130001,74.0268067090001,0
                54.9819056270001,73.9687677620001,0
                54.981979005,73.9000828900001,0
                54.982052384,73.831398016,0
                54.9504306950001,73.7573958240001,0
                54.8923973920001,73.6780819590001,0
                54.8854318130001,73.6041061080001,0
                55.0686366300001,73.5620341690001,0
                55.2304686940001,73.5327887280001,0
                55.3786593410001,73.506008492,0
                55.590012464,73.4921450670001,0
                55.7204921630001,73.4744943470001,0
                55.900020124,73.4502085940001,0
                56.0514428920001,73.427078355,0
                56.2663996540001,73.3942431250001,0
                56.421365854,73.408497901,0
                56.545148456,73.3206973970001,0
                56.7205967090001,73.251540946,0
                56.8046477770001,73.21841053,0
                56.9398659610001,73.165111569,0
                57.0815821890001,73.109251273,0
                57.2559305880001,73.0994266530001,0
                57.4491790970001,73.0885370030001,0
                57.6465982710001,73.077412334,0
                57.950554831,73.06028423,0
                58.210767929,73.045621092,0
                58.482812047,73.0302912700001,0
                58.830709745,73.0106870610001,0
                59.0429787800001,72.9987255950001,0
                59.238381874,72.987714533,0
                59.5626083050001,72.969444212,0
                59.882403111,73.0376919450001,0
                60.253891669,73.116971693,0
                60.4517542560001,73.1591977480001,0
                60.7066657140001,73.213598661,0
                60.8659612050001,73.2475940720001,0
                61.138775385,73.3058156230001,0
                61.403898983,73.3623959170001,0
                61.593012237,73.4027547680001,0
                61.9446593170001,73.4778001270001,0
                62.3576384500001,73.5659344220001,0
                62.719112452,73.643076954,0
                62.9618414890001,73.6839844900001,0
                63.175409501,73.7199774700001,0
                63.4803387100001,73.7713677070001,0
                63.750979859,73.816979319,0
                64.084460719,73.873181414,0
                64.3836542940001,73.9236050160001,0
                64.679469259,73.9734592140001,0
                64.9078554370001,74.011949524,0
                65.1099838380001,74.046014567,0
                65.3338441560001,74.0837421260001,0
                65.5348261950001,74.11761397,0
                65.740395624,74.1522589350001,0
                65.975632841,74.1919038620001,0
                66.286297872,74.2442607670001,0
                66.559690404,74.304469569,0
                66.9343675430001,74.386984118,0
                67.2237952660001,74.4507243240001,0
                67.683532809,74.5519715900001,0
                67.975263156,74.616218899,0
                68.4499154590001,74.720750819,0
                68.7618063140001,74.7894380450001,0
                69.0782144730001,74.8591201090001,0
                69.4939447200001,74.9506757190001,0
                69.811725842,75.020660148,0
                70.270634532,75.1217248780001,0
                70.5886035790001,75.1917506940001,0
                70.9966941210001,75.2816238230001,0
                71.2451576890001,75.3363425590001,0
                71.7168641960001,75.4402257300001,0
                72.119064807,75.5288017300001,0
                72.5615876840001,75.6262578380001,0
                73.046546155,75.7330594690001,0
                73.4390812190001,75.81950684,0
                73.8234236760001,75.9041499670001,0
                74.1323701860001,75.9721887640001,0
                74.502441531,76.053688987,0
                74.9367711580001,76.1493407080001,0
                75.1896522390001,76.205032305,0
                75.448611386,76.262062465,0
                75.6569414510001,76.3079426640001,0
                75.9635852960001,76.3754743490001,0
                76.1933599000001,76.4260772420001,0
                76.4015012070001,76.4719158710001,0
                76.6791492520001,76.5330618570001,0
                76.8238627900001,76.564931889,0
                76.9731827310001,76.5978163820001,0
                77.2216456080001,76.652534965,0
                77.505183822,76.714978134,0
                77.682026299,76.7539238700001,0
                77.885581803,76.798752575,0
                78.0394879630001,76.832647083,0
                78.2586847150001,76.8809204340001,0
                78.5810449900001,76.933606539,0
                78.8702069340001,76.9808667550001,0
                79.1434413850001,77.0255238060001,0
                79.613231064,77.1023055620001,0
                79.9858575600001,77.1632071060001,0
                80.270384457,77.2097097770001,0
                80.5126226560001,77.2493008440001,0
                80.7539249710001,77.2887389510001,0
                80.948125604,77.3204788260001,0
                81.229310711,77.3664353200001,0
                81.4852739180001,77.4082695820001,0
                81.704875336,77.4441609260001,0
                81.9905169670001,77.4908457870001,0
                82.2637250080001,77.5354985210001,0
                82.574588766,77.586305651,0
                82.8101426040001,77.6248042350001,0
                83.182590641,77.6856766120001,0
                83.5244240370001,77.7415453770001,0
                83.8627380600001,77.7968389390001,0
                84.132842559,77.8409844330001,0
                84.3600029470001,77.878111205,0
                84.4811219900001,77.8979067280001,0
                84.7200182970001,77.936951601,0
                84.955394347,77.9754211270001,0
                85.2629153610001,78.0256819240001,0
                85.5405802210001,78.0710630740001,0
                85.83549086,78.1192628490001,0
                86.304014576,78.195837699,0
                86.8311358810001,78.281989654,0
                87.2723815480001,78.3541062190001,0
                87.6025624980001,78.3553098290001,0
                87.891406594,78.3563627560001,0
                88.1308843780001,78.3572357260001,0
                88.4056216710001,78.3582372280001,0
                88.7931621260001,78.359649931,0
                89.0678075280001,78.3606510980001,0
                89.4693827660001,78.3621149630001,0
                89.7511098200001,78.3631419450001,0
                90.1174437600001,78.3644773460001,0
                90.4133508140001,78.3655560180001,0
                90.7796123560001,78.366891154,0
                91.0967067880001,78.3680470610001,0
                91.343283849,78.36894591,0
                91.6742863750001,78.3701525160001,0
                91.9350245580001,78.371102987,0
                92.4281420610001,78.372900552,0
                92.6605937460001,78.373747909,0
                92.9846608160001,78.374929233,0
                93.4918492130001,78.3767780910001,0
                93.766531388,78.377779392,0
                94.0671491520001,78.3788752360001,0
                94.4017256770001,78.3511539070001,0
                94.6967304060001,78.326711297,0
                95.0197182510001,78.2999501470001,0
                95.3164848900001,78.2753615550001,0
                95.6056671950001,78.2514013620001,0
                95.8942626730001,78.22748979,0
                96.0919109220001,78.2111136500001,0
                96.2977295840001,78.1940605500001,0
                96.5438124200001,78.173671363,0
                96.752679447,78.1245989170001,0
                97.0255861350001,78.060480618,0
                97.1948540260001,78.0207118260001,0
                97.3483655410001,77.9846449290001,0
                97.5195809860001,77.9444185680001,0
                97.7435336250001,77.8918018210001,0
                97.8587681590001,77.8453744550001,0
                98.0068580080001,77.7857098630001,0
                98.1608913300001,77.7236506770001,0
                98.3562913110001,77.6449250920001,0
                98.495749876,77.5887379970001,0
                98.7494081280001,77.4865404710001,0
                98.8744351990001,77.4361677460001,0
                99.014952936,77.3795539160001,0
                99.3758278340001,77.3715824430001,0
                99.8542899170001,77.361013552,0
                100.237815043,77.352541751,0
                100.643024857,77.4852582450001,0
                100.977369048,77.594764448,0
                101.422072493,77.740416107,0
                101.66338351,77.8194515870001,0
                101.985686925,77.9250141300001,0
                102.392224588,77.9711525430001,0
                102.866787642,78.025011233,0
                103.166753075,78.0590546450001,0
                103.522364878,78.0994134250001,0
                103.859374419,78.1376610130001,0
                104.24920449,78.181903262,0
                104.492261253,78.154293475,0
                104.702476937,78.1304142370001,0
                105.084373153,78.087033122,0
                105.30690213,78.0617551670001,0
                105.680823907,78.0192799010001,0
                106.088941706,77.9729201710001,0
                106.468512009,77.9298032660001,0
                106.870035094,77.9302322250001,0
                107.165908258,77.9305483150001,0
                107.504048897,77.9309095610001,0
                107.870368385,77.9313009110001,0
                108.307133457,77.931767521,0
                108.67345354,77.9321588710001,0
                109.251110953,77.932776,0
                109.716054549,77.9332727120001,0
                110.265532807,77.933859737,0
                110.857280037,77.934491918,0
                111.420847683,77.9350939940001,0
                111.885791413,77.9355907070001,0
                112.252110995,77.935982058,0
                112.773411628,77.936538978,0
                113.393336973,77.9372012630001,0
                113.942815771,77.937788287,0
                114.478205075,77.9383602600001,0
                114.957237765,77.9388720250001,0
                115.703966313,77.9396697770001,0
                116.422515949,77.9404374250001,0
                116.901548573,77.9409491900001,0
                117.352403112,77.9414308510001,0
                117.775079354,77.9418824090001,0
                118.09913106,77.942228603,0
                118.38091514,77.9425296410001,0
                118.817680634,77.9429962510001,0
                119.057196957,77.943252133,0
                119.465783437,77.9436886390001,0
                119.994584057,77.944253572,0
                120.410770851,77.9897148520001,0
                120.761900031,78.028069702,0
                121.267706833,78.083320434,0
                121.383623071,78.0959822980001,0
                121.759590203,78.1370502680001,0
                121.986902883,78.161880287,0
                122.271421238,78.1929590440001,0
                122.701580893,78.2399466200001,0
                123.287553357,78.3039540780001,0
                123.607821759,78.3389379160001,0
                124.197176818,78.403314864,0
                124.610029433,78.4484119430001,0
                125.131267175,78.50534824,0
                125.285944833,78.522244125,0
                125.756169983,78.573608171,0
                126.221943137,78.65072496,0
                126.729244072,78.7347173900001,0
                126.94513073,78.770461154,0
                127.178207912,78.8090511060001,0
                127.534752428,78.8680832090001,0
                127.82606899,78.9163156960001,0
                128.114034028,78.9639932810001,0
                128.381942065,79.008350082,0
                128.985958703,79.0792357970001,0
                129.364882527,79.1237052450001,0
                129.613862079,79.1529247920001,0
                130.156428809,79.2165989170001,0
                130.617537234,79.2707133200001,0
                131.08713138,79.3258235850001,0
                131.548240734,79.379938097,0
                132.044259216,79.438149448,0
                132.416394844,79.481822251,0
                132.896607928,79.538178724,0
                133.399737615,79.574279823,0
                133.908104921,79.610756737,0
                134.308364553,79.639476594,0
                134.960207033,79.6862482910001,0
                135.436290523,79.7204087430001,0
                135.850779094,79.7501495700001,0
                136.407998452,79.7901317690001,0
                136.980191144,79.83118835,0
                137.233675857,79.8337835030001,0
                137.666781725,79.838217602,0
                138.110937671,79.8427648300001,0
                138.607438416,79.847847959,0
                139.104230147,79.8529340680001,0
                139.611200047,79.85812438,0
                139.970634622,79.861804238,0
                140.403837155,79.8662393260001,0
                140.657564265,79.8688369610001,0
                140.973980208,79.872076399,0
                141.395497058,79.932670779,0
                141.675470053,79.9664316560001,0
                141.978314858,79.998797451,0
                142.257332309,80.025591816,0
                142.511343622,80.0479096170001,0
                142.770675491,80.068959965,0
                143.057449632,80.090473516,0
                143.314348061,80.1083670040001,0
                143.604135775,80.12716993,0
                143.912313819,80.1457343910001,0
                144.211702542,80.1625040390001,0
                144.503444978,80.1777610240001,0
                144.899793688,80.1969373540001,0
                145.168954133,80.20902763,0
                145.480588583,80.2221579700001,0
                145.751041001,80.232845501,0
                146.051392321,80.2439890630001,0
                146.178581063,80.2484876290001,0
                146.357834138,80.2546125270001,0
                146.532668533,80.2603498110001,0
                146.790832808,80.2684059420001,0
                147.17167349,80.279411952,0
                147.478159437,80.287527078,0
                147.7892263,80.2950930520001,0
                148.064093204,80.3012090780001,0
                148.349992231,80.306977444,0
                148.576911951,80.3110825420001,0
                148.849304296,80.3152826190001,0
                149.209136333,80.3646801770001,0
                149.560970536,80.4074676650001,0
                149.81790212,80.4356553640001,0
                150.004093606,80.454608685,0
                150.250258644,80.4779009630001,0
                150.531430007,80.5022161320001,0
                150.822681476,80.5250229660001,0
                151.049443216,80.541220691,0
                151.266149196,80.5555033040001,0
                151.530588097,80.5714373710001,0
                151.756820816,80.5838364750001,0
                152.016614922,80.5967504560001,0
                152.301133118,80.609357431,0
                152.512961677,80.61775448,0
                152.771356755,80.626911007,0
                153.104125509,80.6370325280001,0
                153.321269658,80.642672777,0
                153.564364672,80.648125269,0
                153.949445014,80.6549867780001,0
                154.213990846,80.6584994620001,0
                154.467530255,80.660990815,0
                154.900791114,80.663358341,0
                155.171733837,80.6636820530001,0
                155.402716601,80.6632851050001,0
                155.830688155,80.6640948580001,0
                156.295622103,80.6649745460001,0
                156.749999253,80.66545997,0
                157.130407482,80.665866372,0
                157.595305399,80.6646174620001,0
              </coordinates>
            </LinearRing>
          </outerBoundaryIs>
        </Polygon>
      </Placemark>
    </Document>
  </Document>
</kml>
