<?xml version="1.0" encoding="UTF-8"?>
<kml xmlns="http://www.opengis.net/kml/2.2">
  <Document id="root_doc">
    <Schema id="Bioregions_PA41.schema">
      <SimpleField name="OBJECTID" type="float"/>
      <SimpleField name="Shape_Leng" type="float"/>
      <SimpleField name="Shape_Area" type="float"/>
      <SimpleField name="Bioregions" type="string"/>
    </Schema>
    <Document id="Bioregions_PA41">
      <name>Bioregions_PA41</name>
      <Placemark id="Bioregions_PA41.1">
        <ExtendedData>
          <SchemaData schemaUrl="#Bioregions_PA41.schema">
            <SimpleData name="OBJECTID">121</SimpleData>
            <SimpleData name="Shape_Leng">164.32960643400</SimpleData>
            <SimpleData name="Shape_Area">67.29286003680</SimpleData>
            <SimpleData name="Bioregions">PA41</SimpleData>
          </SchemaData>
        </ExtendedData>
        <Polygon>
          <outerBoundaryIs>
            <LinearRing>
              <coordinates>
                73.219482064,40.2111057920001,0
                73.2723673820001,40.1636111720001,0
                73.3147196640001,40.084404551,0
                73.3940278850001,40.0316547,0
                73.468030077,40.0000330120001,0
                73.552649972,39.9208715460001,0
                73.642558964,39.8364322740001,0
                73.7536525630001,39.7044645140001,0
                73.84359542,39.5883245310001,0
                73.917608902,39.5461359390001,0
                74.1184308690001,39.498799363,0
                74.2611010000001,39.483101408,0
                74.4408173830001,39.4093249960001,0
                74.6944569340001,39.377895219,0
                74.85127836,39.304094348,0
                74.928806616,39.268954121,0
                75.1261533190001,39.1775850180001,0
                75.196621921,39.1565264700001,0
                75.2953216130001,39.086185809,0
                75.401058382,39.022897277,0
                75.436371706,38.93839968,0
                75.3730304920001,38.881975127,0
                75.3131795940001,38.855493897,0
                75.1863626400001,38.868567059,0
                75.0067111690001,38.8815837770001,0
                74.9927198020001,38.789988894,0
                75.0835046650001,38.7099534390001,0
                75.218267493,38.6775160870001,0
                75.4648361010001,38.670734893,0
                75.6338915060001,38.685004721,0
                75.82409577,38.6852079220001,0
                75.9649050310001,38.762849067,0
                75.957770382,38.847376705,0
                76.1321721310001,38.803534212,0
                76.216706006,38.8036245220001,0
                76.3303582390001,38.748269663,0
                76.5445243550001,38.576786257,0
                76.6608453900001,38.497658496,0
                76.7084622830001,38.4343080300001,0
                76.7085469500001,38.3550560900001,0
                76.6663759690001,38.265192262,0
                76.6321531890001,38.1542031450001,0
                76.6877323940001,38.0565184000001,0
                76.5820866750001,38.0343912440001,0
                76.5010474060001,38.058960804,0
                76.4094224200001,38.1011305800001,0
                76.310809276,38.090458314,0
                76.2439532870001,38.026985396,0
                76.205275708,37.9635425820001,0
                76.163120984,37.8578283910001,0
                76.184360154,37.759226535,0
                76.2055880350001,37.671191584,0
                76.205697162,37.5690448500001,0
                76.1811351280001,37.4809609800001,0
                76.138912669,37.4386482090001,0
                76.0649556330001,37.4280022830001,0
                75.9698497380001,37.4314229840001,0
                75.90291849,37.43839609,0
                75.903008802,37.353860862,0
                75.95594492,37.2588151750001,0
                75.9454758540001,37.1672240550001,0
                75.8821685070001,37.079098791,0
                75.825898237,36.998025657,0
                75.755606496,36.8535360490001,0
                75.8331723810001,36.783172811,0
                75.9071933870001,36.733939617,0
                76.0270118350001,36.6777107390001,0
                76.157431053,36.5897924400001,0
                76.294876059,36.5194931720001,0
                76.432249567,36.516117627,0
                76.6013614170001,36.477552938,0
                76.7106242500001,36.4107458670001,0
                76.8586399230001,36.3369355880001,0
                77.0031972640001,36.203242425,0
                77.1441683340001,36.1294246190001,0
                77.2709862280001,36.1154708820001,0
                77.4154494960001,36.0698352490001,0
                77.5881062240001,36.0101405140001,0
                77.6832685630001,35.9538852960001,0
                77.7537785580001,35.8940814360001,0
                77.8736045320001,35.8308079560001,0
                77.9723192760001,35.7463780910001,0
                78.064008233,35.6443291940001,0
                78.1768460500001,35.5282136710001,0
                78.2297595890001,35.45430179,0
                78.1276984630001,35.374060312,0
                78.0326349010001,35.337855125,0
                77.9199814720001,35.281377891,0
                77.8390626190001,35.1932338130001,0
                77.9483179260001,35.133471345,0
                78.0434426360001,35.1124391380001,0
                78.1245232970001,35.049124266,0
                78.1386990500001,34.9681263900001,0
                78.174050003,34.8484057810001,0
                78.2480183280001,34.8484848030001,0
                78.3009469200001,34.760483718,0
                78.367934613,34.7006760940001,0
                78.4666418320001,34.6232908310001,0
                78.5406929420001,34.545879228,0
                78.6217359730001,34.517787367,0
                78.6957042980001,34.5178663900001,0
                78.752113798,34.4686143810001,0
                78.8050160500001,34.4052694050001,0
                78.875522281,34.3489878450001,0
                78.953035485,34.3279368240001,0
                79.0340484120001,34.3280233720001,0
                79.0904842530001,34.254115255,0
                79.1680087460001,34.2224973300001,0
                79.1681065830001,34.1309175000001,0
                79.245646128,34.08521037,0
                79.3337262360001,34.0641706370001,0
                79.4429175720001,34.06428729,0
                79.5591158810001,34.0996344800001,0
                79.6647585750001,34.124403477,0
                79.7774571620001,34.1386130970001,0
                79.943039184,34.107089246,0
                80.0451821550001,34.110720675,0
                80.136735645,34.13547462,0
                80.203621738,34.1707691290001,0
                80.291698082,34.153251697,0
                80.422004411,34.1710024330001,0
                80.5242903760001,34.0407864150001,0
                80.605431244,33.9211147240001,0
                80.510374267,33.87874551,0
                80.411749834,33.8786401460001,0
                80.4083103190001,33.801145757,0
                80.3167944580001,33.7411688,0
                80.1794661060001,33.7022767300001,0
                80.0878862750001,33.7021788930001,0
                79.985739541,33.7020697670001,0
                79.9329689940001,33.6421342020001,0
                79.897813715,33.578695151,0
                79.8203983500001,33.508166342,0
                79.7359270910001,33.44819691,0
                79.7817960290001,33.3742775040001,0
                79.8382619750001,33.272190978,0
                79.8453856,33.1982301790001,0
                79.8807139740001,33.099643375,0
                79.8843303510001,33.0115896090001,0
                80.0182643430001,32.930719676,0
                80.1627577150001,32.8569056320001,0
                80.3142806370001,32.79718832,0
                80.353112497,32.7162167860001,0
                80.2193214980001,32.6632392760001,0
                80.1065928080001,32.6772080650001,0
                79.9586335800001,32.698183827,0
                79.8211772860001,32.7790499970001,0
                79.6978666410001,32.807096702,0
                79.5816005980001,32.8351509340001,0
                79.4723490540001,32.8913911000001,0
                79.349109905,32.8525140830001,0
                79.4302432480001,32.739886993,0
                79.5254018250001,32.6871540760001,0
                79.691081684,32.564050395,0
                79.8144638260001,32.4690799680001,0
                80.0119271820001,32.268519527,0
                80.047248031,32.176977326,0
                80.1284265290001,32.0220826240001,0
                80.117964989,31.923446902,0
                80.1884561680001,31.881254547,0
                80.2378549330001,31.8002943010001,0
                80.28369753,31.751031003,0
                80.3753338050001,31.698294323,0
                80.438848116,31.5926930210001,0
                80.5234774190001,31.504725803,0
                80.594028806,31.4061766300001,0
                80.653907927,31.4062406,0
                80.7137193120001,31.469705993,0
                80.7912588570001,31.4239988620001,0
                80.8652685750001,31.385332572,0
                80.97450883,31.3396593100001,0
                81.076689431,31.3080677250001,0
                81.1895046700001,31.2130860090001,0
                81.3199201250001,31.1286900100001,0
                81.436204983,31.083024273,0
                81.5630304030001,31.062025933,0
                81.612399064,31.0092440970001,0
                81.6758155370001,30.995222626,0
                81.7462276940001,31.026998597,0
                81.7709703510001,30.9460120110001,0
                81.8379467550001,30.8967712900001,0
                81.9541826940001,30.8968954690001,0
                82.0458340210001,30.8300695840001,0
                82.1691634810001,30.7844113730001,0
                82.2643107690001,30.742245359,0
                82.3699798040001,30.7423582480001,0
                82.429896554,30.707199207,0
                82.5214952000001,30.689685539,0
                82.581408186,30.658048799,0
                82.6342953860001,30.608793027,0
                82.6378891840001,30.541873068,0
                82.578085323,30.4713630740001,0
                82.525292198,30.432561316,0
                82.521848919,30.358589228,0
                82.5817995360001,30.2917294760001,0
                82.5819049,30.1931050430001,0
                82.6523998420001,30.147390387,0
                82.772199474,30.1087730150001,0
                82.856772333,30.073640315,0
                82.9237299220001,30.0420111010001,0
                82.9836504350001,30.0033297590001,0
                83.036563975,29.929417879,0
                83.0929697130001,29.8836881710001,0
                83.1598934350001,29.883759668,0
                83.248026225,29.8134077190001,0
                83.30092095,29.7571073450001,0
                83.346756021,29.714888649,0
                83.4173036450001,29.619861777,0
                83.491350992,29.545972475,0
                83.5830324240001,29.4509681800001,0
                83.639445687,29.398193871,0
                83.713368856,29.440540507,0
                83.7027154040001,29.5215421450001,0
                83.670905567,29.6236550130001,0
                83.6461779620001,29.6905523940001,0
                83.7271645490001,29.7152950510001,0
                83.7799539100001,29.7576191090001,0
                83.7481628880001,29.842120471,0
                83.6530607560001,29.8420188710001,0
                83.579092432,29.841939848,0
                83.498064453,29.855942504,0
                83.4310240780001,29.965062344,0
                83.3111303700001,30.091737246,0
                83.254709581,30.1515561580001,0
                83.226474726,30.204360572,0
                83.2827449970001,30.285433707,0
                83.360205519,30.3136949020001,0
                83.465964866,30.2292725630001,0
                83.6245925970001,30.113205958,0
                83.716266503,30.0252462660001,0
                83.8501628660001,29.9795993440001,0
                83.88196894,29.881008778,0
                83.9527837360001,29.535898521,0
                84.0549455220001,29.5219184430001,0
                84.1676817370001,29.5009050510001,0
                84.2557844230001,29.458731512,0
                84.3298167180001,29.398931415,0
                84.463664163,29.399074408,0
                84.555270335,29.3745161370001,0
                84.5587023240001,29.459055128,0
                84.5198253070001,29.582294276,0
                84.4634007540001,29.6456354900001,0
                84.3859214180001,29.634985801,0
                84.304908491,29.6348992530001,0
                84.1992281660001,29.645353266,0
                84.0935516050001,29.65228498,0
                84.0582759110001,29.7015595670001,0
                84.044111446,29.7719905380001,0
                84.054606854,29.8389255490001,0
                84.1285751790001,29.8390045720001,0
                84.230718149,29.842635999,0
                84.2870749690001,29.8426962070001,0
                84.4033297220001,29.8252088790001,0
                84.5125586890001,29.7901025200001,0
                84.6041799120001,29.7514550450001,0
                84.7239231,29.76567219,0
                84.8401929060001,29.734095659,0
                84.910612589,29.7588270260001,0
                84.9669656450001,29.7624095350001,0
                85.0163004390001,29.7413284090001,0
                85.0762397670001,29.6850355610001,0
                85.2241801800001,29.6816713050001,0
                85.301700909,29.6535756810001,0
                85.3933710520001,29.5691382900001,0
                85.4919954840001,29.569243654,0
                85.5695801850001,29.48126891,0
                85.6928870670001,29.4567445060001,0
                85.8548978690001,29.471006807,0
                85.949988713,29.481675312,0
                85.992369216,29.3760514320001,0
                86.0663375410001,29.3761304550001,0
                86.154334862,29.432581348,0
                86.2530195030001,29.376329893,0
                86.415045358,29.3765029900001,0
                86.5629820080001,29.376661035,0
                86.7673131050001,29.341656276,0
                86.9645619720001,29.3418670030001,0
                87.112498621,29.342025048,0
                87.112355628,29.4758724920001,0
                87.1333915980001,29.5674749020001,0
                87.3024996840001,29.5324325120001,0
                87.5067856260001,29.539695368,0
                87.612386928,29.603209678,0
                87.6968770010001,29.6455676040001,0
                87.8518808300001,29.6245993680001,0
                87.9716616490001,29.603593502,0
                88.1618358090001,29.6319751120001,0
                88.2463710370001,29.6320654240001,0
                88.338018601,29.56876184,0
                88.4507322380001,29.5688822550001,0
                88.5492814120001,29.639433642,0
                88.6620552570001,29.5831972390001,0
                88.817036509,29.58336281,0
                88.943854404,29.569409073,0
                88.971897346,29.6962420190001,0
                88.9717468270001,29.837134066,0
                89.0844679910001,29.8302098790001,0
                89.176145659,29.738727886,0
                89.2256460240001,29.5626655090001,0
                89.4510356700001,29.5981293510001,0
                89.570733703,29.6546141110001,0
                89.6552839830001,29.6406152180001,0
                89.6905747280001,29.577251426,0
                89.718820871,29.5138801090001,0
                89.8526683160001,29.5140231020001,0
                89.979456107,29.5282477740001,0
                90.04283495,29.5494493150001,0
                90.0709004700001,29.655148454,0
                90.169555007,29.6270754080001,0
                90.2611574150001,29.606039439,0
                90.289426136,29.5215343150001,0
                90.451519724,29.45830599,0
                90.500719051,29.564027707,0
                90.62038698,29.648690877,0
                90.726063541,29.6417591630001,0
                90.831717525,29.655961258,0
                90.852761021,29.7405190640001,0
                90.7258528150001,29.8390080300001,0
                90.556774832,29.8458720090001,0
                90.4511208490001,29.8316699150001,0
                90.3313174530001,29.873809588,0
                90.274855271,29.972373813,0
                90.3311067260001,30.071058454,0
                90.4366628720001,30.1768403790001,0
                90.5352797790001,30.1839903440001,0
                90.739588299,30.170119393,0
                90.9368672690001,30.1421517100001,0
                91.1200269300001,30.1423473850001,0
                91.2397776450001,30.1495199290001,0
                91.458182896,30.1286194260001,0
                91.5497928300001,30.100538854,0
                91.7963087570001,30.1430698770001,0
                91.8667999370001,30.1008775230001,0
                91.7964592770001,30.0021778300001,0
                91.719051435,29.9246044180001,0
                91.5359068260001,29.9103195390001,0
                91.3740164390001,29.783343599,0
                91.2543184070001,29.7268588380001,0
                91.1627536280001,29.712671797,0
                91.0430405440001,29.6702762410001,0
                91.0149976020001,29.543443295,0
                91.113629561,29.5365040560001,0
                91.2334028530001,29.5225427930001,0
                91.374355108,29.466336493,0
                91.5151944730001,29.515799228,0
                91.7053912110001,29.5230470320001,0
                91.8533955940001,29.4598036560001,0
                92.001324717,29.4670063030001,0
                92.099941625,29.474156269,0
                92.2196998650001,29.4742842100001,0
                92.346525285,29.453285871,0
                92.4874474360001,29.42525798,0
                92.6425114730001,29.3479329250001,0
                92.7482331910001,29.2987335980001,0
                92.89620747,29.263668631,0
                93.001876505,29.2637815210001,0
                93.0934187070001,29.2991023700001,0
                93.1991253720001,29.2639922480001,0
                93.276736413,29.151361396,0
                93.350667108,29.1866634300001,0
                93.4069223260001,29.2818257690001,0
                93.4878712830001,29.341791438,0
                93.456061445,29.443904305,0
                93.5194177110001,29.486239653,0
                93.611061513,29.426458371,0
                93.6991679610001,29.38076253,0
                93.7907854210001,29.3456373550001,0
                93.8753206490001,29.3457276670001,0
                93.921076698,29.377477297,0
                93.8963603820001,29.433807775,0
                93.8469804320001,29.497156514,0
                93.9138477100001,29.5500625280001,0
                93.9948982670001,29.5149260650001,0
                94.040650552,29.5501979950001,0
                94.100582354,29.500949749,0
                94.1182804090001,29.419955638,0
                94.202796822,29.4376574550001,0
                94.2450042280001,29.4940594290001,0
                94.2519622820001,29.5750798830001,0
                94.2624351110001,29.6631487010001,0
                94.198977245,29.715915485,0
                94.1425715080001,29.761645193,0
                94.0650808820001,29.761562407,0
                93.934793368,29.726200165,0
                93.8501866430001,29.793033576,0
                93.7727298830001,29.76125008,0
                93.705723376,29.838669209,0
                93.6036142710001,29.803337071,0
                93.5682896590001,29.8984015730001,0
                93.4696313590001,29.9299969200001,0
                93.3499069860001,29.8981682690001,0
                93.3253411890001,29.813606699,0
                93.2372761330001,29.8205572270001,0
                93.2055039260001,29.887447083,0
                93.1701981290001,29.9649000790001,0
                93.043335079,30.0211214300001,0
                92.962303337,30.0386463880001,0
                92.8566982730001,29.978654378,0
                92.807423686,29.943378684,0
                92.726410758,29.943292136,0
                92.6806547100001,29.911542507,0
                92.5926573880001,29.8550916130001,0
                92.5046864070001,29.773984612,0
                92.472917963,29.8373521670001,0
                92.4376422700001,29.886626753,0
                92.3917921460001,29.9429346530001,0
                92.3248195050001,29.988653072,0
                92.2507984980001,30.0378862650001,0
                92.30005427,30.090773465,0
                92.3951338250001,30.112008873,0
                92.490235957,30.112110473,0
                92.5712789870001,30.0840186120001,0
                92.6382215250001,30.0664786030001,0
                92.7192081110001,30.0912212600001,0
                92.761423043,30.140578632,0
                92.7401951620001,30.2286135840001,0
                92.750686806,30.299070896,0
                92.7823687010001,30.316716269,0
                92.8492811350001,30.327354669,0
                92.9020178150001,30.4189909450001,0
                92.9265422190001,30.542297827,0
                92.9935148610001,30.4965794080001,0
                93.039364983,30.440271508,0
                93.08870354,30.415668081,0
                93.1380157570001,30.415720763,0
                93.1768024630001,30.377016843,0
                93.1734231550001,30.243165635,0
                93.1699949280001,30.1551043420001,0
                93.2439895940001,30.130527257,0
                93.3249949950001,30.137658408,0
                93.3249385510001,30.1904929250001,0
                93.3001921310001,30.2750018130001,0
                93.3212356270001,30.359559619,0
                93.292936802,30.4722431530001,0
                93.352819685,30.4687848230001,0
                93.409214133,30.433622019,0
                93.4515720590001,30.3491319450001,0
                93.4973958410001,30.3174801540001,0
                93.6171315030001,30.338741902,0
                93.6523959080001,30.3000342190001,0
                93.7193647860001,30.2578381010001,0
                93.7827511560001,30.271995039,0
                93.8390891590001,30.2896667540001,0
                93.9200719830001,30.3179317120001,0
                94.0151891660001,30.3039441070001,0
                94.106795338,30.2793858360001,0
                94.170230626,30.2477528590001,0
                94.135116741,30.1455684950001,0
                94.0999388850001,30.103263251,0
                93.9837029460001,30.1031390730001,0
                93.8604261670001,30.099485067,0
                93.786472895,30.0853168400001,0
                93.790059166,30.0254414830001,0
                93.832353121,30.0008305310001,0
                93.9521527540001,29.962213159,0
                94.0296621950001,29.9446844390001,0
                94.117719724,29.9447785130001,0
                94.2268546170001,29.997729683,0
                94.3149309610001,29.9802122520001,0
                94.3361325010001,29.9168334080001,0
                94.4383319170001,29.8676303180001,0
                94.494752707,29.807811406,0
                94.5581164980001,29.843102151,0
                94.550947718,29.959330564,0
                94.4804377240001,30.0191344250001,0
                94.4064204800001,30.064845317,0
                94.4274564500001,30.1564477260001,0
                94.3323016360001,30.205658342,0
                94.3251704850001,30.2866637440001,0
                94.4026422970001,30.3043580340001,0
                94.5083226200001,30.2939040210001,0
                94.6351668550001,30.2552941750001,0
                94.747918123,30.2201915790001,0
                94.839531821,30.188588705,0
                94.881731701,30.2520352830001,0
                94.7935499930001,30.3681771460001,0
                94.649109304,30.392678973,0
                94.5469174150001,30.43483746,0
                94.381327866,30.4734059130001,0
                94.2333460610001,30.5155154830001,0
                94.124109569,30.5576664450001,0
                93.9761729190001,30.557508399,0
                93.8529262440001,30.5256759850001,0
                93.8422765550001,30.603155321,0
                93.743580626,30.6699736800001,0
                93.6097444700001,30.659263783,0
                93.468818556,30.690813975,0
                93.3349410070001,30.718849392,0
                93.3665551700001,30.7998961860001,0
                93.461634723,30.8211315930001,0
                93.549703541,30.810658764,0
                93.644809437,30.8072380630001,0
                93.704711134,30.786168226,0
                93.7540233510001,30.7862209080001,0
                93.7609851670001,30.8637190600001,0
                93.6974896720001,30.951708856,0
                93.7679131180001,30.9729179220001,0
                93.8771533730001,30.92724466,0
                93.9652071390001,30.9308610350001,0
                94.0356456380001,30.937980898,0
                94.173026672,30.9275607500001,0
                94.2540396000001,30.9276472990001,0
                94.32094827,30.941807999,0
                94.3984050290001,30.973591496,0
                94.468851053,30.9736667550001,0
                94.5076979660001,30.878606017,0
                94.5077393590001,30.839860704,0
                94.4831434580001,30.783477544,0
                94.402149346,30.7657794890001,0
                94.3316957970001,30.772748832,0
                94.257746287,30.7550583030001,0
                94.2049268210001,30.7409126540001,0
                94.204998318,30.673988932,0
                94.254340638,30.6458632040001,0
                94.3529838850001,30.628357061,0
                94.4199188970001,30.6178616550001,0
                94.5044390740001,30.632041171,0
                94.5854181330001,30.66382843,0
                94.6207088790001,30.6004646380001,0
                94.7263779150001,30.600577528,0
                94.84611734,30.618316975,0
                94.920081902,30.6219182990001,0
                94.9272055260001,30.5479575000001,0
                94.9343216250001,30.481041303,0
                94.9907198370001,30.442356198,0
                95.0752588280001,30.4389242080001,0
                95.163308832,30.4460628850001,0
                95.212557078,30.5059946870001,0
                95.2618241380001,30.5483149830001,0
                95.2687897180001,30.6222908340001,0
                95.314542004,30.657562764,0
                95.3884877510001,30.6787755940001,0
                95.4624598390001,30.675332316,0
                95.4766581700001,30.5732006330001,0
                95.504915602,30.4992624120001,0
                95.430981144,30.4674826790001,0
                95.41694462,30.418155411,0
                95.4451907640001,30.354784094,0
                95.4804363530001,30.333687916,0
                95.5579495570001,30.312636895,0
                95.635417605,30.3338534870001,0
                95.6600247950001,30.3796697430001,0
                95.6599532990001,30.446593466,0
                95.6351993520001,30.5381469550001,0
                95.6210085480001,30.633234035,0
                95.723159045,30.629820861,0
                95.7655132080001,30.548853089,0
                95.797281652,30.4854855350001,0
                95.797326808,30.443217921,0
                95.79743217,30.344593488,0
                95.7974923780001,30.2882366690001,0
                95.867942165,30.2847896270001,0
                95.9419293050001,30.267257144,0
                96.0194349820001,30.2532507240001,0
                96.0547257280001,30.189886933,0
                96.0794345180001,30.1406010580001,0
                96.1041696490001,30.066659073,0
                96.1042486710001,29.9926907490001,0
                96.1148644940001,29.9469121220001,0
                96.143091822,29.901152311,0
                96.280397597,29.961178187,0
                96.33678452,29.933059986,0
                96.4037345830001,29.908475373,0
                96.4636663840001,29.859227128,0
                96.5552010600001,29.9015925790001,0
                96.6080393410001,29.8981267230001,0
                96.6468599130001,29.827722092,0
                96.6750947670001,29.7749176780001,0
                96.727914233,29.7890633270001,0
                96.7666294420001,29.8172831300001,0
                96.738319328,29.940533568,0
                96.7276508250001,30.03562441,0
                96.7698544680001,30.095548686,0
                96.8614079580001,30.1203026320001,0
                96.9071640060001,30.1520522610001,0
                96.9793843510001,30.139801348,0
                97.0639760230001,30.087057142,0
                97.1485789860001,30.0237460320001,0
                97.2543496210001,29.9287567900001,0
                97.3389638720001,29.8548787760001,0
                97.391877413,29.780966897,0
                97.4395187910001,29.6964824680001,0
                97.4977383600001,29.6014424260001,0
                97.5558958410001,29.564520353,0
                97.6404931590001,29.5064926950001,0
                97.693401055,29.4378642660001,0
                97.7516093350001,29.3533911270001,0
                97.751733513,29.237155187,0
                97.788804225,29.156181772,0
                97.8205707870001,29.0945753680001,0
                97.820689321,28.983622881,0
                97.8208078550001,28.8726703930001,0
                97.820909455,28.777568262,0
                97.8527174110001,28.6772165450001,0
                97.905625307,28.6085881170001,0
                97.958550136,28.5241093330001,0
                98.006185869,28.444908357,0
                98.0326877950001,28.3656848030001,0
                98.1067069200001,28.3182127590001,0
                98.1516585940001,28.2786348490001,0
                98.172846023,28.228464635,0
                98.1729081120001,28.1703466650001,0
                98.186201409,28.0911090010001,0
                98.212686401,28.0277358010001,0
                98.2418159420001,27.9617236990001,0
                98.2656789640001,27.879855596,0
                98.2921808890001,27.8006320420001,0
                98.2922355860001,27.749433873,0
                98.1802989110001,27.7909996430001,0
                98.148544578,27.841158567,0
                98.1484768440001,27.9045599890001,0
                98.1140864290001,27.9494326400001,0
                98.0559289490001,27.986354713,0
                98.0030549200001,28.023282431,0
                97.9528818840001,28.0047367270001,0
                97.9212404400001,27.949226616,0
                97.8472692930001,27.95178932,0
                97.7706056200001,28.0019002670001,0
                97.728295673,28.041481,0
                97.7255805680001,28.11016305,0
                97.7308075750001,28.163003213,0
                97.7492432120001,28.2158574860001,0
                97.6752184430001,28.268612981,0
                97.619778888,28.234211278,0
                97.57492317,28.1839705080001,0
                97.5512210150001,28.1152602350001,0
                97.5750586380001,28.0571676650001,0
                97.6120936,28.009656111,0
                97.633269741,27.9700528010001,0
                97.64916243,27.9304438460001,0
                97.6492075850001,27.888176231,0
                97.5858230970001,27.8722581430001,0
                97.4801455960001,27.880070431,0
                97.3956075440001,27.8826218450001,0
                97.3137112200001,27.885176082,0
                97.2782541830001,27.880512718,0
                97.226579422,27.842815333,0
                97.2002468300001,27.763535335,0
                97.1474377120001,27.7397033570001,0
                97.070841773,27.726412883,0
                97.047125507,27.6709112390001,0
                97.015478418,27.62068458,0
                96.9494522050001,27.6047636690001,0
                96.9266089860001,27.611610409,0
                96.8948433640001,27.672336237,0
                96.89212826,27.7410182890001,0
                96.9501672060001,27.8150487020001,0
                97.013523472,27.8573840500001,0
                97.0927159820001,27.9129449610001,0
                97.1798195580001,27.9817229670001,0
                97.1929689200001,28.0372133220001,0
                97.1374503430001,28.0767799430001,0
                97.0845678470001,28.121632839,0
                97.084446492,28.235227052,0
                97.0922531350001,28.346188006,0
                97.0816100320001,28.4175033160001,0
                97.057783698,28.465028982,0
                97.007573973,28.480825715,0
                96.9468453220001,28.4517018180001,0
                96.933693137,28.3988531900001,0
                96.9258441600001,28.3275181240001,0
                96.9206227980001,28.26939451,0
                96.920698997,28.1980679110001,0
                96.9154635240001,28.1531529260001,0
                96.8679322140001,28.134610045,0
                96.7965745700001,28.16359283,0
                96.7410672820001,28.1925925470001,0
                96.714602045,28.237473665,0
                96.7066176000001,28.292941442,0
                96.66163206,28.3642200630001,0
                96.6615304600001,28.459322195,0
                96.6060231720001,28.488321913,0
                96.5373778100001,28.451264372,0
                96.5004388030001,28.408957247,0
                96.4687776040001,28.371939218,0
                96.4212039610001,28.393022224,0
                96.38414642,28.461667586,0
                96.3339282270001,28.485389497,0
                96.2968819760001,28.543467955,0
                96.2968283540001,28.5936607470001,0
                96.2307428730001,28.6332160790001,0
                96.2253888650001,28.699253582,0
                96.3151821450001,28.72312507,0
                96.420814492,28.757580397,0
                96.441908788,28.7945871370001,0
                96.4418354090001,28.8632720090001,0
                96.4919858680001,28.902951521,0
                96.5051380520001,28.955800149,0
                96.4945175270001,29.0059816520001,0
                96.4522160450001,29.037637207,0
                96.404647105,29.054317337,0
                96.3465441880001,29.0401660430001,0
                96.3113493980001,29.0137111550001,0
                96.299106011,28.9344462080001,0
                96.2075863890001,28.877991552,0
                96.0860952200001,28.85144447,0
                96.068378351,28.9500500880001,0
                96.195092763,29.0329596330001,0
                96.1686247050001,29.080482477,0
                96.1685438000001,29.156211952,0
                96.1948331170001,29.2759984150001,0
                96.2388298970001,29.3059850120001,0
                96.203522218,29.385199159,0
                96.1172333650001,29.378062363,0
                96.0609273460001,29.3304510890001,0
                96.0045949870001,29.3074959240001,0
                95.9799087750001,29.3356479930001,0
                95.9551849330001,29.399023073,0
                95.8248993000001,29.3618996810001,0
                95.7897139190001,29.326639039,0
                95.74219672,29.2948875290001,0
                95.6788348090001,29.257835632,0
                95.617222762,29.2313525220001,0
                95.5626722490001,29.1890265810001,0
                95.501054556,29.167826921,0
                95.4570991690001,29.0990950120001,0
                95.411365699,29.046211575,0
                95.418470509,28.989862282,0
                95.441446371,28.9141572660001,0
                95.5224894010001,28.8860654050001,0
                95.5296017370001,28.8226715100001,0
                95.5296450120001,28.782165046,0
                95.455684213,28.775041421,0
                95.3975700070001,28.7714570310001,0
                95.316572131,28.7572812780001,0
                95.2215132740001,28.716673213,0
                95.1228587360001,28.7447462600001,0
                95.1403592350001,28.8486729590001,0
                95.200217658,28.868109587,0
                95.2530427680001,28.876971784,0
                95.3111212270001,28.9140180360001,0
                95.251125454,29.0231454020001,0
                95.2193532470001,29.0900352580001,0
                95.1999072130001,29.158699434,0
                95.1787244870001,29.204466772,0
                95.086249029,29.2184571980001,0
                95.009644623,29.213091902,0
                94.8960814540001,29.1839115600001,0
                94.8405816920001,29.205866676,0
                94.7947786060001,29.218145812,0
                94.706357171,29.1911797500001,0
                94.7209401050001,29.096547398,0
                94.6240711770001,29.1017273680001,0
                94.544720623,29.194103107,0
                94.4918381270001,29.2389560030001,0
                94.3914779440001,29.215073224,0
                94.36513124,29.1490018550001,0
                94.383685411,29.0909036410001,0
                94.4207062620001,29.056600716,0
                94.447177143,29.0064361460001,0
                94.4789794540001,28.911367881,0
                94.5080835950001,28.869131312,0
                94.5081372180001,28.8189385200001,0
                94.479092344,28.805698846,0
                94.410404649,28.8082671930001,0
                94.3390272500001,28.8557420600001,0
                94.2914112730001,28.9164509550001,0
                94.228080407,28.850340074,0
                94.172626741,28.829147,0
                94.119840202,28.784181215,0
                94.130472017,28.723432808,0
                94.193912949,28.6865163790001,0
                94.2996384290001,28.633794751,0
                94.3815629760001,28.604823256,0
                94.4872545900001,28.5838023380001,0
                94.537461492,28.570647331,0
                94.5454402920001,28.5204630060001,0
                94.4979541380001,28.4596525110001,0
                94.4293172420001,28.414669792,0
                94.389682888,28.422552637,0
                94.328883681,28.4594718870001,0
                94.2460746850001,28.517682323,0
                94.1579683480001,28.537660584,0
                94.1015682550001,28.5781068410001,0
                94.0248904700001,28.641426417,0
                93.950924967,28.6387056680001,0
                93.8769763980001,28.6201345650001,0
                93.7791422290001,28.7045653700001,0
                93.6840203420001,28.7229558510001,0
                93.5836516910001,28.7069982510001,0
                93.525621211,28.625042659,0
                93.4719456290001,28.588001111,0
                93.368912676,28.5931744960001,0
                93.258826652,28.6062655320001,0
                93.229835402,28.5428330670001,0
                93.2272557650001,28.484712275,0
                93.3197500370001,28.4531103420001,0
                93.4069326370001,28.447920024,0
                93.4888402500001,28.434798884,0
                93.5865869300001,28.432261581,0
                93.739809854,28.429783544,0
                93.85077363,28.4193351750001,0
                93.866669141,28.3770844950001,0
                93.8359299090001,28.3013220930001,0
                93.7267423360001,28.2976831390001,0
                93.65805464,28.300251487,0
                93.57616396,28.297522272,0
                93.4810674730001,28.292137219,0
                93.3727341330001,28.3131553150001,0
                93.2961015050001,28.3342072770001,0
                93.2177227780001,28.3411681530001,0
                93.1746018700001,28.3155853740001,0
                93.1720053000001,28.2733149370001,0
                93.1720815,28.201988338,0
                93.119255449,28.194006716,0
                93.047951428,28.1727967080001,0
                93.0189375990001,28.13049805,0
                92.9661397710001,28.0960991690001,0
                92.963548845,28.04854528,0
                92.9636335120001,27.9692935040001,0
                92.8341748330001,27.9823638440001,0
                92.828961937,27.9163150520001,0
                92.852810848,27.847655579,0
                92.8132188260001,27.8159125350001,0
                92.7313789460001,27.765632254,0
                92.6917220130001,27.7946489060001,0
                92.6704837840001,27.8923701850001,0
                92.5780770000001,27.842078615,0
                92.483020024,27.799709401,0
                92.438150195,27.76267726,0
                92.353634722,27.7440948670001,0
                92.2823081240001,27.744018667,0
                92.234740125,27.759818222,0
                92.2056472730001,27.7914878880001,0
                92.144867822,27.8099150580001,0
                92.063005364,27.780768584,0
                91.9732233730001,27.7463301920001,0
                91.888699434,27.735672976,0
                91.8147169980001,27.748802584,0
                91.722183214,27.817388678,0
                91.6772334220001,27.855205438,0
                91.6543083600001,27.883359387,0
                91.571551216,27.867420602,0
                91.5098695520001,27.906100064,0
                91.472842115,27.946567015,0
                91.4305293460001,27.988789474,0
                91.35482433,27.965813612,0
                91.287894963,27.9710255680001,0
                91.2333369240001,27.9357442290001,0
                91.1698621250001,28.004361369,0
                91.1944166320001,28.099489841,0
                91.171448297,28.168150256,0
                91.1308910330001,28.215658047,0
                91.078069686,28.203273548,0
                91.0587421850001,28.160985237,0
                91.0306258640001,28.1028371640001,0
                91.0077685370001,28.0675896930001,0
                91.0025471740001,28.009466079,0
                90.9850128100001,27.93724009,0
                90.971019561,27.8474063580001,0
                90.9182207920001,27.813888053,0
                90.8583416720001,27.8138240810001,0
                90.794930843,27.8225621010001,0
                90.6997675630001,27.879697895,0
                90.6337300600001,27.8743438870001,0
                90.5518309130001,27.8795398500001,0
                90.4752095740001,27.890024908,0
                90.417114181,27.868829012,0
                90.3855009600001,27.7869016430001,0
                90.3168499540001,27.7551275540001,0
                90.2666571620001,27.755073931,0
                90.208496859,27.794637731,0
                90.123961631,27.794547419,0
                90.123817697,27.929275439,0
                90.084109964,28.005843156,0
                90.047043956,28.0824136960001,0
                90.041692772,28.145809473,0
                89.983557869,28.1615977390001,0
                89.925468122,28.135118391,0
                89.925524566,28.0822838730001,0
                89.9256064100001,28.0056738230001,0
                89.8807337600001,27.971283408,0
                89.817318227,27.984424303,0
                89.8040136420001,28.074228872,0
                89.7749010350001,28.12439062,0
                89.6982288950001,28.182426745,0
                89.6427921630001,28.1453833150001,0
                89.6428486070001,28.0925487970001,0
                89.640246393,28.0555618130001,0
                89.5557337420001,28.034337694,0
                89.5557901870001,27.981503177,0
                89.5849338390001,27.902282444,0
                89.6008406390001,27.8494648600001,0
                89.5718296320001,27.804524476,0
                89.5375408180001,27.7542949950001,0
                89.5217638410001,27.685593189,0
                89.4768516780001,27.6881869360001,0
                89.418728065,27.6934082990001,0
                89.3792529360001,27.6893020570001,0
                89.3429365000001,27.7514453650001,0
                89.305036955,27.783986198,0
                89.2636546200001,27.7795391070001,0
                89.2231951940001,27.735467068,0
                89.224114339,27.699364422,0
                89.2373558940001,27.668558397,0
                89.2427089610001,27.6034014700001,0
                89.2339530680001,27.5567215720001,0
                89.213751577,27.5082682930001,0
                89.1785398550001,27.49766376,0
                89.1283395360001,27.50465474,0
                89.1001357270001,27.5284001690001,0
                89.0657368450001,27.5811979980001,0
                89.0533796290001,27.608482662,0
                88.989972563,27.6136983800001,0
                88.923089293,27.575762146,0
                88.8297944080001,27.532514237,0
                88.7452685870001,27.523618173,0
                88.687139329,27.534122987,0
                88.6615612520001,27.5728410180001,0
                88.6808511230001,27.650352341,0
                88.74505786,27.7208670380001,0
                88.785498471,27.782550583,0
                88.8012312340001,27.892639429,0
                88.720233358,27.878463675,0
                88.6222349210001,27.804533125,0
                88.524419186,27.771704749,0
                88.476877997,27.7624079080001,0
                88.4279896050001,27.777765765,0
                88.3434412060001,27.7900035070001,0
                88.288010119,27.747676626,0
                88.306545945,27.70674963,0
                88.3237679630001,27.6592169090001,0
                88.3317368850001,27.618278624,0
                88.3344407000001,27.560163478,0
                88.260489309,27.5442340990001,0
                88.193119655,27.5494455840001,0
                88.1442759480001,27.5229761140001,0
                88.0967869720001,27.4648073450001,0
                88.062461468,27.4489203000001,0
                88.0122263430001,27.488492566,0
                87.976472732,27.5729896940001,0
                87.9394335360001,27.6244638370001,0
                87.918253162,27.668029737,0
                87.9234688810001,27.7314368030001,0
                87.850769207,27.7802311200001,0
                87.7966237040001,27.770927224,0
                87.7597030420001,27.71144888,0
                87.6804442100001,27.717968528,0
                87.611766393,27.7112908350001,0
                87.5589869090001,27.6597207350001,0
                87.5578651610001,27.5733444750001,0
                87.446812337,27.567140384,0
                87.4400993660001,27.668839775,0
                87.4492734390001,27.7362136630001,0
                87.471663198,27.7969973470001,0
                87.4953653530001,27.86570762,0
                87.497943578,27.925149275,0
                87.4807187370001,27.975323723,0
                87.4133462610001,27.983176933,0
                87.3790320460001,27.9567229850001,0
                87.3500097510001,27.9223495050001,0
                87.301150523,27.910409526,0
                87.249682023,27.868086878,0
                87.2193473310001,27.8257868090001,0
                87.1493712290001,27.7979738980001,0
                87.089938041,27.7926269450001,0
                87.0582655530001,27.7661758200001,0
                86.996194872,27.7568634570001,0
                86.9433716440001,27.7462401080001,0
                86.865443552,27.743515127,0
                86.8099489640001,27.7606270790001,0
                86.7712650610001,27.7808374430001,0
                86.7706377740001,27.8781420170001,0
                86.7547140410001,27.946809956,0
                86.6987904540001,27.953354534,0
                86.6393756100001,27.9308363640001,0
                86.6367987960001,27.870073846,0
                86.638170459,27.8225241910001,0
                86.628954052,27.794776192,0
                86.5933147420001,27.772283422,0
                86.556337635,27.765639596,0
                86.5074332500001,27.7959672320001,0
                86.4836323170001,27.819717365,0
                86.414940389,27.8262483020001,0
                86.3686777290001,27.85657876,0
                86.3395623000001,27.909382233,0
                86.3157176230001,27.974079117,0
                86.2967019970001,28.0519898050001,0
                86.267023097,28.0977480660001,0
                86.179531861,28.1020574780001,0
                86.1650461130001,28.061095204,0
                86.145295258,28.0029560680001,0
                86.100395796,27.9936620490001,0
                86.029067786,27.994906712,0
                86.007869068,28.0556438290001,0
                86.0170177410001,28.14679325,0
                85.99451086,28.1956411900001,0
                85.9337723310001,28.1757633340001,0
                85.886249488,28.149295276,0
                85.8148805550001,28.1888449640001,0
                85.7871001,28.2284412180001,0
                85.7052672760001,28.171556622,0
                85.6180987880001,28.163538311,0
                85.559983641,28.1608344960001,0
                85.5058183830001,28.170022681,0
                85.455642524,28.1541187030001,0
                85.388281336,28.1514050100001,0
                85.353892333,28.1949567980001,0
                85.378918173,28.261026756,0
                85.4251286200001,28.279568227,0
                85.4290121860001,28.3535407850001,0
                85.479130189,28.423600143,0
                85.4936102920001,28.469845868,0
                85.4433779890001,28.5067764090001,0
                85.3984545380001,28.5199370600001,0
                85.368031886,28.5599707810001,0
                85.294007117,28.6127262750001,0
                85.2398282180001,28.634682802,0
                85.16983236,28.6253619720001,0
                85.1527246420001,28.5659047950001,0
                85.1871192890001,28.517069555,0
                85.226766345,28.4972989440001,0
                85.2386837440001,28.4695735230001,0
                85.232120352,28.4312614420001,0
                85.253371282,28.3216523950001,0
                85.2230351790001,28.280673189,0
                85.1741886500001,28.2568454450001,0
                85.1385126500001,28.2686951110001,0
                85.127917525,28.295101081,0
                85.1054120540001,28.342628157,0
                85.0525577810001,28.3610637940001,0
                85.0169100040001,28.346496202,0
                84.9588174350001,28.3226585790001,0
                84.9218177500001,28.3371485600001,0
                84.9164792650001,28.38865657,0
                84.91110409,28.4745070180001,0
                84.918978467,28.522066551,0
                84.9546079,28.5538053610001,0
                84.9545500450001,28.607960742,0
                84.9214819040001,28.6515139410001,0
                84.8567398640001,28.6699368770001,0
                84.8307247920001,28.7055724250001,0
                84.7721312580001,28.738531439,0
                84.7390866360001,28.7600702560001,0
                84.6615640240001,28.7899270300001,0
                84.643952519,28.789908215,0
                84.607016334,28.7449593640001,0
                84.6057392160001,28.7040112010001,0
                84.6361529310001,28.6723429460001,0
                84.6722927370001,28.638479368,0
                84.7163365530001,28.624437201,0
                84.7463005720001,28.6015742290001,0
                84.7630418510001,28.591905775,0
                84.7802455250001,28.5615442710001,0
                84.788675432,28.5012338,0
                84.7887149420001,28.4642496380001,0
                84.779503709,28.4316584750001,0
                84.748700037,28.4162154810001,0
                84.686630768,28.4055822550001,0
                84.6258569610001,28.4187259720001,0
                84.5927902320001,28.460958309,0
                84.5320150140001,28.4754228900001,0
                84.5081788040001,28.5321945960001,0
                84.4606206820001,28.5387481110001,0
                84.4103756790001,28.5875664170001,0
                84.4222070000001,28.6404136350001,0
                84.4023291450001,28.7011521640001,0
                84.3415638050001,28.7063707040001,0
                84.2662675620001,28.7128945850001,0
                84.2160917030001,28.696990607,0
                84.214825874,28.645475542,0
                84.2399575480001,28.6124807790001,0
                84.2912337480001,28.528342756,0
                84.2163315930001,28.4724439070001,0
                84.163459446,28.507610474,0
                84.1264432980001,28.537510523,0
                84.0880921770001,28.5806177900001,0
                84.0418379850001,28.6030230710001,0
                84.0167119550001,28.6307343820001,0
                83.9599289590001,28.6174650740001,0
                83.895215142,28.609470752,0
                83.835770666,28.6146907030001,0
                83.786900148,28.6133176290001,0
                83.7604320880001,28.6608404720001,0
                83.7299972070001,28.712321671,0
                83.686360752,28.7571844450001,0
                83.578064102,28.7438601040001,0
                83.517331218,28.7186987960001,0
                83.473097597,28.703587794,0
                83.4261366410001,28.7701150840001,0
                83.368919003,28.751561855,0
                83.316080722,28.75502771,0
                83.282196447,28.7382605610001,0
                83.2346369150001,28.7461349390001,0
                83.1787467240001,28.7214190930001,0
                83.180560557,28.672108758,0
                83.157710755,28.629816685,0
                83.096085536,28.6156616280001,0
                83.0379600410001,28.622644141,0
                82.9657396960001,28.634895054,0
                82.948030352,28.72645607,0
                82.9656079920001,28.7581755960001,0
                82.9444102140001,28.818032137,0
                82.9003287680001,28.8672973170001,0
                82.8351643140001,28.868988852,0
                82.7753152980001,28.840746473,0
                82.7295103310001,28.854786759,0
                82.7100849920001,28.904078279,0
                82.632592485,28.9057566440001,0
                82.5691835380001,28.912733512,0
                82.551524994,28.9567434620001,0
                82.5655464660001,29.020159936,0
                82.6254161790001,29.0290296580001,0
                82.6623796440001,29.048441827,0
                82.704637851,29.057292735,0
                82.736312221,29.08198271,0
                82.7962402590001,29.0362567660001,0
                82.854386451,29.0099015960001,0
                82.9142768610001,28.9993986640001,0
                82.968896988,28.9765620310001,0
                83.011142024,28.997740994,0
                83.0040259250001,29.064657191,0
                82.9634893580001,29.0927923260001,0
                82.9405530080001,29.1315131800001,0
                82.8947104110001,29.180776478,0
                82.8383611180001,29.1736716670001,0
                82.7802243340001,29.1912210850001,0
                82.7132949670001,29.19643304,0
                82.6604792630001,29.178765088,0
                82.6234236050001,29.2456493,0
                82.5476790770001,29.2596576010001,0
                82.486044452,29.254308297,0
                82.4490847480001,29.231373827,0
                82.445609484,29.1873413000001,0
                82.472058728,29.157429963,0
                82.472109528,29.109878897,0
                82.433399964,29.0763756420001,0
                82.382326597,29.076321079,0
                82.352339999,29.1203178590001,0
                82.3258813480001,29.159034949,0
                82.258957626,29.158963452,0
                82.184991182,29.1571232790001,0
                82.153328102,29.121866401,0
                82.1040459880001,29.093635309,0
                82.0829215890001,29.0848069790001,0
                82.0336018460001,29.091798899,0
                81.9825209540001,29.098788939,0
                81.9244217990001,29.0811153440001,0
                81.8539531980001,29.1021738910001,0
                81.8239609560001,29.1514541220001,0
                81.8327140270001,29.200775746,0
                81.8819904950001,29.2342902890001,0
                81.9524233480001,29.246693603,0
                82.0193696480001,29.225631293,0
                82.0546095940001,29.2098185670001,0
                82.1003750500001,29.2327624440001,0
                82.1038352620001,29.2908841760001,0
                82.1531361890001,29.301503761,0
                82.2165282030001,29.3103772470001,0
                82.2869836350001,29.301646754,0
                82.3327810760001,29.294651071,0
                82.378537124,29.3264007000001,0
                82.4066496820001,29.388071075,0
                82.4189156470001,29.446202215,0
                82.35197499,29.4619810730001,0
                82.272725096,29.4601352560001,0
                82.2110829430001,29.4618305540001,0
                82.1635450480001,29.4494516990001,0
                82.1160146780001,29.430028243,0
                82.071950165,29.4634430670001,0
                82.073647345,29.5233240680001,0
                82.1440406870001,29.5727115440001,0
                82.2250216290001,29.6027376530001,0
                82.267255376,29.6344835190001,0
                82.3552846840001,29.660994853,0
                82.339385409,29.7067678350001,0
                82.270666669,29.7383951670001,0
                82.1914036040001,29.748877404,0
                82.1332668200001,29.76642682,0
                82.1314379350001,29.82982636,0
                82.115514202,29.8984943,0
                82.0591197530001,29.9336571040001,0
                82.0115668060001,29.9353674540001,0
                81.962222604,29.9652543330001,0
                81.928411258,29.9797021740001,0
                81.8811306540001,30.039136109,0
                81.8142276290001,30.019691956,0
                81.803702118,29.9809353540001,0
                81.7526456840001,29.9650304360001,0
                81.719228978,29.922727073,0
                81.684037952,29.8927498830001,0
                81.6329928070001,29.8662780610001,0
                81.5960744970001,29.8045982790001,0
                81.597893974,29.7500044920001,0
                81.5909039350001,29.6989235990001,0
                81.543362276,29.690067046,0
                81.4816937830001,29.716418452,0
                81.4288197550001,29.75334617,0
                81.3988218680001,29.8079098540001,0
                81.3617850240001,29.857182559,0
                81.3106627380001,29.902917911,0
                81.2736277750001,29.9504294650001,0
                81.226123747,29.9063499000001,0
                81.2015297280001,29.8482055910001,0
                81.1399101530001,29.8287670820001,0
                81.0835872010001,29.797006163,0
                81.029012229,29.777575181,0
                80.9708999050001,29.772229639,0
                80.9268259840001,29.8144502170001,0
                80.9214785620001,29.8743236920001,0
                80.9337426450001,29.9342159830001,0
                80.9125392220001,29.9993559770001,0
                80.84209508,29.997519567,0
                80.773406444,30.0009684890001,0
                80.755710272,30.0802014510001,0
                80.7397921830001,30.143585939,0
                80.6869162720001,30.182274808,0
                80.6164326190001,30.21742256,0
                80.558288309,30.2420165790001,0
                80.4825832920001,30.219040717,0
                80.4315419110001,30.189046594,0
                80.3698752990001,30.2136368500001,0
                80.3116726630001,30.2928265370001,0
                80.2465082090001,30.2945180730001,0
                80.1461226260001,30.294410827,0
                80.0651059360001,30.2978465800001,0
                79.984057261,30.3312218930001,0
                79.892475548,30.3328852060001,0
                79.8467232620001,30.297613276,0
                79.790402192,30.264091206,0
                79.719969339,30.2516878930001,0
                79.623104174,30.253345562,0
                79.582528096,30.3184648590001,0
                79.580682278,30.397714754,0
                79.5929463620001,30.457607045,0
                79.5928748650001,30.524530767,0
                79.569932871,30.5685350730001,0
                79.511779152,30.6019348450001,0
                79.4166713760001,30.607116696,0
                79.3567960190001,30.603530425,0
                79.2863631660001,30.591127111,0
                79.2493601890001,30.608699105,0
                79.2228751960001,30.672072304,0
                79.2087257840001,30.728414071,0
                79.1540868420001,30.7688622090001,0
                79.0994780020001,30.7811319360001,0
                79.0343022600001,30.793390376,0
                78.9709008390001,30.793322641,0
                78.9286614470001,30.7668602270001,0
                78.8987839760001,30.7087102720001,0
                78.812487597,30.7086180790001,0
                78.7208814260001,30.7331763500001,0
                78.659218577,30.754244305,0
                78.6169227410001,30.7806164080001,0
                78.606284341,30.847528842,0
                78.674880784,30.9303762980001,0
                78.7470277510001,30.9868102570001,0
                78.750469148,31.062543496,0
                78.6958527830001,31.081857826,0
                78.6165934810001,31.088817761,0
                78.528528425,31.09576829,0
                78.4703653000001,31.1379738140001,0
                78.4298249700001,31.1696312500001,0
                78.3434853160001,31.210045521,0
                78.3522308610001,31.2664117480001,0
                78.2958063090001,31.329752962,0
                78.2517154550001,31.3878238930001,0
                78.191802469,31.419460633,0
                78.103737413,31.4264111620001,0
                78.022713196,31.4368915160001,0
                77.989213706,31.4720787800001,0
                77.9961905740001,31.535487726,0
                78.0137550430001,31.579535306,0
                78.0542502170001,31.5901454840001,0
                78.1229388530001,31.5866965610001,0
                78.1951554350001,31.5779679500001,0
                78.2285514450001,31.639643968,0
                78.2690240410001,31.6713879530001,0
                78.3130264650001,31.6960910990001,0
                78.3393759900001,31.7595207430001,0
                78.277705616,31.7876333,0
                78.1984594830001,31.7822651810001,0
                78.1386236380001,31.7416947460001,0
                78.054088409,31.7416044350001,0
                77.9924123910001,31.7750004440001,0
                77.9184007920001,31.8154278850001,0
                77.8039316470001,31.810022136,0
                77.7123649870001,31.7975962450001,0
                77.661284095,31.804586284,0
                77.6576846520001,31.8767896950001,0
                77.627662307,31.954248336,0
                77.5695518630001,31.9471416440001,0
                77.5044062250001,31.931221674,0
                77.4727393800001,31.899487096,0
                77.4815846450001,31.8625123420001,0
                77.4428807250001,31.8237256360001,0
                77.3741958520001,31.823652257,0
                77.3459290120001,31.906396231,0
                77.3035673240001,31.994408605,0
                77.2401019320001,32.0542199920001,0
                77.2118802480001,32.094696351,0
                77.2047829640001,32.1440010420001,0
                77.1817788800001,32.2461233170001,0
                77.121833908,32.307699617,0
                77.039012793,32.351639952,0
                76.9826221070001,32.383280455,0
                76.929755604,32.4131635700001,0
                76.876868405,32.462419342,0
                76.8380647660001,32.5169736170001,0
                76.7623202390001,32.5309819180001,0
                76.7305894240001,32.5591264600001,0
                76.70588816,32.6013677340001,0
                76.6195899000001,32.603036692,0
                76.5473620290001,32.6223322070001,0
                76.4839305040001,32.650442882,0
                76.4979369230001,32.7279485610001,0
                76.4239591910001,32.736675291,0
                76.3974591470001,32.8141376940001,0
                76.346306756,32.888051456,0
                76.31101413,32.953176398,0
                76.3426489880001,33.0148505350001,0
                76.358435372,33.0747465900001,0
                76.3425229280001,33.1328476250001,0
                76.3424646020001,33.187443294,0
                76.3829353180001,33.220948429,0
                76.4480847190001,33.233346098,0
                76.462100546,33.3020460230001,0
                76.4215620960001,33.3319423090001,0
                76.3546327290001,33.337154264,0
                76.3475222760001,33.398787009,0
                76.3491968770001,33.4798018170001,0
                76.3051060230001,33.5378727500001,0
                76.264578864,33.557202132,0
                76.194151655,33.539515367,0
                76.1202021450001,33.521824838,0
                76.037407371,33.5411090640001,0
                76.035552146,33.629164712,0
                76.067205819,33.6732273440001,0
                76.088292589,33.717278686,0
                76.1428487460001,33.754321175,0
                76.1568645730001,33.8230211000001,0
                76.112813229,33.8441078700001,0
                76.038859486,33.830379931,0
                75.9578696080001,33.808719287,0
                75.9015447740001,33.77871952,0
                75.8557492140001,33.7839540520001,0
                75.8345495550001,33.845571745,0
                75.767607018,33.863111755,0
                75.698873226,33.9088282920001,0
                75.621360022,33.9298793130001,0
                75.5614395100001,33.9685606560001,0
                75.5507935840001,34.0425176910001,0
                75.484693991,34.095281653,0
                75.3949120010001,34.0608432610001,0
                75.3472847340001,34.13211906,0
                75.352480697,34.214018207,0
                75.3286430740001,34.272110776,0
                75.2652106090001,34.301102026,0
                75.2281812910001,34.343330129,0
                75.2862569260001,34.3830181070001,0
                75.3311182880001,34.427975426,0
                75.2861271040001,34.504537498,0
                75.1135239980001,34.51403944,0
                75.1486566980001,34.598612299,0
                75.1943788790001,34.6620626380001,0
                75.296503036,34.6833055720001,0
                75.2506190460001,34.771314182,0
                75.1238049140001,34.7817456180001,0
                75.018147168,34.771065826,0
                74.8948515750001,34.785023326,0
                74.803271744,34.784925489,0
                74.7257510150001,34.813021113,0
                74.6588272920001,34.812949616,0
                74.591873466,34.8410565290001,0
                74.535535462,34.823384816,0
                74.436918555,34.8162348490001,0
                74.369991069,34.8196856540001,0
                74.313540177,34.907682976,0
                74.218486963,34.8617914600001,0
                74.13399689,34.819433534,0
                74.0353912720001,34.8017166650001,0
                73.9614191850001,34.805159944,0
                73.8734181,34.752231352,0
                73.8134674830001,34.8190911030001,0
                73.757159583,34.7732409810001,0
                73.7396270990001,34.699253841,0
                73.679766795,34.6815783650001,0
                73.60929443,34.706159213,0
                73.6637546310001,34.833020381,0
                73.6478224310001,34.909613499,0
                73.647754697,34.97301492,0
                73.592247409,35.002014638,0
                73.5156740470001,34.9675903570001,0
                73.465568745,34.8856432310001,0
                73.4259767230001,34.8539001880001,0
                73.3660976030001,34.853836217,0
                73.2991588290001,34.8678539250001,0
                73.197012095,34.867744798,0
                73.1968728640001,34.998069942,0
                73.122859384,35.040258534,0
                73.020686309,35.064805516,0
                72.995958704,35.131702897,0
                73.1085669780001,35.230447746,0
                73.228287589,35.2657986990001,0
                73.2916099870001,35.3398347570001,0
                73.3443993500001,35.3821588160001,0
                73.3196792700001,35.4420115950001,0
                73.2562364570001,35.4806891740001,0
                73.277298767,35.547635475,0
                73.393485787,35.5935495690001,0
                73.467450349,35.5971508920001,0
                73.509736778,35.5795845420001,0
                73.5449673160001,35.572577569,0
                73.594275769,35.5761525520001,0
                73.6647217930001,35.5762278120001,0
                73.7105455750001,35.5445760200001,0
                73.7106057830001,35.488219202,0
                73.7599443400001,35.4636157750001,0
                73.8233307090001,35.477772713,0
                73.9008025210001,35.495467004,0
                73.9290674790001,35.414484181,0
                73.9713388550001,35.4110070360001,0
                74.027695674,35.411067244,0
                74.1087349430001,35.3864976840001,0
                74.154494754,35.4147250120001,0
                74.2249332520001,35.421844874,0
                74.291856974,35.4219163710001,0
                74.355198187,35.4783409230001,0
                74.432673762,35.492512913,0
                74.4995222250001,35.563030434,0
                74.527614085,35.644073464,0
                74.446582343,35.6615984210001,0
                74.3832279590001,35.6175019230001,0
                74.3303915610001,35.6192066290001,0
                74.2880938420001,35.647339883,0
                74.208853354,35.636688312,0
                74.157717898,35.6947517180001,0
                74.090782887,35.7052471260001,0
                74.034411016,35.7192761220001,0
                73.9480939410001,35.7385565860001,0
                73.9779450710001,35.821362649,0
                73.954999313,35.8688892550001,0
                73.879266074,35.8723306520001,0
                73.8564407320001,35.8071436210001,0
                73.8141825260001,35.7982927130001,0
                73.766650274,35.780630407,0
                73.701504636,35.764710436,0
                73.6644903700001,35.792849334,0
                73.657411901,35.824542519,0
                73.6626445520001,35.8720992300001,0
                73.6414599450001,35.919627717,0
                73.5639523850001,35.9353952870001,0
                73.5446775660001,35.84379476,0
                73.490128935,35.79970767,0
                73.446092644,35.806705234,0
                73.4090689710001,35.843649886,0
                73.3509246610001,35.868243905,0
                73.292816099,35.859376062,0
                73.285824178,35.8100563200001,0
                73.2805934070001,35.760738459,0
                73.284160865,35.7184746080001,0
                73.2366587180001,35.6726338930001,0
                73.1803470550001,35.6303060700001,0
                73.1134289770001,35.624951122,0
                73.0341677920001,35.6336722080001,0
                72.9549178980001,35.6318263900001,0
                72.8933096120001,35.601820979,0
                72.8951422590001,35.534899137,0
                72.95329974,35.4979770640001,0
                72.9973604910001,35.4680845410001,0
                73.0766423700001,35.439990799,0
                73.0978307400001,35.3889400100001,0
                73.0820180150001,35.3537000650001,0
                73.02040973,35.3236946530001,0
                72.9341133510001,35.323602459,0
                72.8636635650001,35.327049501,0
                72.8408363400001,35.2636236210001,0
                72.814451067,35.2336558380001,0
                72.7563481490001,35.2195045440001,0
                72.709603364,35.1941049390001,0
                72.6277860370001,35.217606045,0
                72.627721126,35.27836574,0
                72.5959921940001,35.304749132,0
                72.6364356270001,35.3637909510001,0
                72.655757484,35.4113627130001,0
                72.6433522880001,35.483556718,0
                72.630896292,35.6033017870001,0
                72.6308135070001,35.6807924130001,0
                72.5815012910001,35.6807397310001,0
                72.500525994,35.645430171,0
                72.490024942,35.5837786120001,0
                72.5007066160001,35.4763597140001,0
                72.4902300240001,35.391813197,0
                72.4708987610001,35.3530471880001,0
                72.4357321940001,35.3001750400001,0
                72.3882055870001,35.2772292820001,0
                72.323090053,35.2331309030001,0
                72.2667501670001,35.21722034,0
                72.2351021380001,35.1678742560001,0
                72.168187823,35.158997007,0
                72.148790708,35.1818712680001,0
                72.1487154480001,35.2523172910001,0
                72.1662705090001,35.305170624,0
                72.178544,35.356257161,0
                72.057022728,35.3578884890001,0
                72.065747576,35.433627372,0
                72.0973730270001,35.504107262,0
                72.048045759,35.5181437860001,0
                71.970521267,35.54976171,0
                71.9001053470001,35.5215080410001,0
                71.9001655540001,35.465151222,0
                71.8614729220001,35.415797614,0
                71.7945416740001,35.422770719,0
                71.7629011720001,35.366380034,0
                71.7030634440001,35.3275707490001,0
                71.6502364520001,35.3204697030001,0
                71.6149946260001,35.338043579,0
                71.5691595540001,35.3802622750001,0
                71.5444281870001,35.450681957,0
                71.5161782800001,35.5175755760001,0
                71.4668397240001,35.5421790020001,0
                71.3893189930001,35.5702746270001,0
                71.311779449,35.6159817560001,0
                71.230747707,35.633506713,0
                71.1850292880001,35.566534072,0
                71.181604824,35.474950478,0
                71.181695136,35.39041525,0
                71.17118844,35.3340471430001,0
                71.1254211020001,35.3128644170001,0
                71.0796763430001,35.2705478830001,0
                71.023375969,35.2176531580001,0
                70.9318488200001,35.168243105,0
                70.8473399330001,35.1434966850001,0
                70.794418867,35.224453167,0
                70.8014070240001,35.2772952110001,0
                70.850677848,35.3160932050001,0
                70.9034709730001,35.354894963,0
                70.9492420730001,35.3725553880001,0
                70.977356512,35.432464612,0
                70.9350324530001,35.4852539730001,0
                70.839900217,35.513330782,0
                70.8821076240001,35.5697327570001,0
                70.9102107740001,35.640208885,0
                70.906594398,35.7282626510001,0
                70.881904423,35.759937021,0
                70.8255476040001,35.7598768130001,0
                70.7657136400001,35.7175452290001,0
                70.7270097190001,35.6787585230001,0
                70.6847646830001,35.65757956,0
                70.6284417310001,35.6258186410001,0
                70.6285282800001,35.5448057150001,0
                70.5933842900001,35.47079976,0
                70.5195062770001,35.386185509,0
                70.4561048560001,35.386117776,0
                70.41025097,35.4459479760001,0
                70.3609048870001,35.4775960060001,0
                70.315099919,35.4916362920001,0
                70.2411315950001,35.4915572690001,0
                70.2023486520001,35.5267388880001,0
                70.2058069820001,35.5866217710001,0
                70.195187397,35.635922699,0
                70.1387967110001,35.6675632020001,0
                70.0754630230001,35.604094047,0
                70.029722028,35.5582552130001,0
                70.012185781,35.487790374,0
                70.0122572770001,35.420866651,0
                70.040518472,35.3434061300001,0
                70.0758656630001,35.22720782,0
                70.0865567450001,35.1109831700001,0
                70.0231666120001,35.100348533,0
                69.959712509,35.149593016,0
                69.8716587420001,35.1459766410001,0
                69.829436285,35.10366387,0
                69.7378489270001,35.1106106350001,0
                69.7166662020001,35.1563779730001,0
                69.6990170660001,35.1915821700001,0
                69.6919348340001,35.226797656,0
                69.6566779560001,35.2584607360001,0
                69.600324899,35.2548782270001,0
                69.5193232610001,35.2442247760001,0
                69.4770405950001,35.258268824,0
                69.4100641910001,35.3075095450001,0
                69.4311453170001,35.3568443390001,0
                69.5050873000001,35.381579469,0
                69.561447882,35.378117376,0
                69.6247928590001,35.4310196280001,0
                69.642332868,35.497962165,0
                69.695129756,35.5332416210001,0
                69.7655155720001,35.5896737,0
                69.8359013880001,35.646105778,0
                69.8569599350001,35.7165743800001,0
                69.8569072540001,35.765886596,0
                69.7970017920001,35.790478734,0
                69.740671315,35.7657624180001,0
                69.6914117800001,35.7163975190001,0
                69.5998921560001,35.659942863,0
                69.4942720400001,35.6140400580001,0
                69.437945325,35.5858014410001,0
                69.3428582450001,35.5716106360001,0
                69.307586315,35.617362922,0
                69.335685701,35.6913613510001,0
                69.4095524260001,35.7865425050001,0
                69.3778103220001,35.825253951,0
                69.3636383320001,35.902729525,0
                69.3565297590001,35.9626011190001,0
                69.381144475,36.0013727730001,0
                69.462127298,36.029637731,0
                69.514924186,36.064917188,0
                69.514867741,36.117751705,0
                69.4513346150001,36.2409645130001,0
                69.4970607490001,36.3007157490001,0
                69.588617813,36.3221241960001,0
                69.64841791,36.396156492,0
                69.651857426,36.47365088,0
                69.736347499,36.516008807,0
                69.7503840210001,36.5653360750001,0
                69.820818757,36.5759782370001,0
                69.8595038620001,36.63237645,0
                69.8911368380001,36.695811737,0
                69.9650750600001,36.7240691700001,0
                70.017917104,36.7170810120001,0
                70.088359364,36.720678573,0
                70.1305780600001,36.766513644,0
                70.1445882420001,36.840497021,0
                70.2326156670001,36.8687695040001,0
                70.2642448820001,36.9357270940001,0
                70.3311573140001,36.946365493,0
                70.3769735710001,36.921758304,0
                70.398193926,36.840767955,0
                70.3806652060001,36.763258514,0
                70.4054041000001,36.6857942290001,0
                70.3773047130001,36.6117958,0
                70.3456943140001,36.527226705,0
                70.356321425,36.470881175,0
                70.384556279,36.4180767620001,0
                70.374057109,36.354664052,0
                70.303667719,36.3015774720001,0
                70.2790904450001,36.227759608,0
                70.3636745920001,36.182060004,0
                70.451713306,36.1997655850001,0
                70.497506984,36.196292203,0
                70.518682185,36.1575694680001,0
                70.5645398340001,36.094216965,0
                70.603364169,36.020290033,0
                70.6456543610001,35.999201381,0
                70.705533481,35.9992653520001,0
                70.73011433,36.0697377170001,0
                70.71947593,36.13665015,0
                70.7475903690001,36.1965593740001,0
                70.7580782490001,36.2705389880001,0
                70.7298283430001,36.337432606,0
                70.7191899430001,36.4043450400001,0
                70.733211415,36.467761512,0
                70.7436729550001,36.5663972340001,0
                70.7259899520001,36.633302142,0
                70.718877616,36.696696038,0
                70.718791068,36.777708965,0
                70.736342366,36.8340845990001,0
                70.8032585620001,36.8412006980001,0
                70.8667201920001,36.784911612,0
                70.8703177520001,36.714469352,0
                70.9337944330001,36.644091062,0
                71.0113151620001,36.615995438,0
                71.0325430440001,36.527960486,0
                71.071356091,36.4646004580001,0
                71.1277693540001,36.411826148,0
                71.184167566,36.373141042,0
                71.2440692640001,36.3520712060001,0
                71.3038618350001,36.4331481030001,0
                71.3601659730001,36.4825205280001,0
                71.4094367960001,36.521318523,0
                71.4199434920001,36.5776866300001,0
                71.4586436500001,36.619995638,0
                71.5361192230001,36.6341676280001,0
                71.684055873,36.634325673,0
                71.78267278,36.6414756390001,0
                71.8707114950001,36.6591812190001,0
                71.958731395,36.694498305,0
                72.0572692790001,36.7756165960001,0
                72.1523112030001,36.832075015,0
                72.2931242270001,36.906193859,0
                72.409322537,36.9415410490001,0
                72.483260758,36.9697984810001,0
                72.557229082,36.9698775040001,0
                72.6346971300001,36.991094096,0
                72.698057159,37.0299071430001,0
                72.733235015,37.072212386,0
                72.7190743140001,37.1391210570001,0
                72.6450947000001,37.149608938,0
                72.557037171,37.149514864,0
                72.497161813,37.1459285920001,0
                72.41617899,37.1176636340001,0
                72.321106962,37.089383624,0
                72.183786135,37.0434469530001,0
                72.0887291590001,37.001077738,0
                72.0183245280001,36.962257166,0
                71.9444239370001,36.898776722,0
                71.870519582,36.8388185790001,0
                71.7965926510001,36.7999942440001,0
                71.6944459160001,36.799885117,0
                71.6239998930001,36.7998098580001,0
                71.5694079880001,36.7962292300001,0
                71.498961964,36.79615397,0
                71.4478998850001,36.7855325040001,0
                71.345756915,36.781901077,0
                71.275239395,36.848749539,0
                71.2751340310001,36.947373972,0
                71.243350535,37.0248307310001,0
                71.197481597,37.098750137,0
                71.1445755830001,37.165617415,0
                71.091677094,37.2254400910001,0
                71.0563750590001,37.2993707850001,0
                71.007017687,37.341585718,0
                70.9400864390001,37.3485588240001,0
                70.8872744990001,37.3273685720001,0
                70.8661783220001,37.2921229820001,0
                70.8450783820001,37.2603996940001,0
                70.845131064,37.211087478,0
                70.845187508,37.158252959,0
                70.7994164080001,37.1405925350001,0
                70.7360225130001,37.1334801990001,0
                70.6232637190001,37.1756273980001,0
                70.566861745,37.2178348040001,0
                70.5069600460001,37.238904641,0
                70.454050269,37.309294219,0
                70.464564491,37.358617725,0
                70.4750787130001,37.4079412300001,0
                70.5314242430001,37.4185683420001,0
                70.570188371,37.400998229,0
                70.6195306910001,37.3728725010001,0
                70.6547762810001,37.3517763240001,0
                70.7357478150001,37.3906081850001,0
                70.7356499780001,37.4821880160001,0
                70.686266264,37.549059056,0
                70.661576289,37.5807334260001,0
                70.6403898010001,37.630023065,0
                70.619199549,37.6828350050001,0
                70.601554176,37.7145169,0
                70.5592752730001,37.7250386490001,0
                70.513466543,37.7426012350001,0
                70.4077674040001,37.770666755,0
                70.372484184,37.8269859440001,0
                70.3618683620001,37.8727645710001,0
                70.3864642620001,37.9291477310001,0
                70.4533766960001,37.9397861300001,0
                70.5168119840001,37.908153154,0
                70.5783241400001,37.887481747,0
                70.6048883280001,37.8906357230001,0
                70.628432322,37.991179383,0
                70.5941445650001,38.056172589,0
                70.5940542530001,38.1407078170001,0
                70.593982757,38.2076315400001,0
                70.5762847020001,38.2886256520001,0
                70.699561481,38.2922796570001,0
                70.777052106,38.2923624430001,0
                70.850975276,38.33470908,0
                70.9143465930001,38.362955222,0
                70.970793724,38.278480202,0
                71.0447883890001,38.2539031160001,0
                71.118794343,38.2187591270001,0
                71.0942134950001,38.148286763,0
                71.0273386910001,38.1024253510001,0
                70.9323569750001,37.989610112,0
                70.9817519760001,37.912172168,0
                71.0803914620001,37.8981883270001,0
                71.1789895540001,37.922949798,0
                71.242327005,37.9828966530001,0
                71.302187309,38.000572129,0
                71.3832190510001,37.9830471710001,0
                71.414995022,37.912635015,0
                71.4151041480001,37.8104882810001,0
                71.38348246,37.736486089,0
                71.3554131770001,37.634309251,0
                71.3132471640001,37.539161963,0
                71.3098377520001,37.433489165,0
                71.309973219,37.3066863220001,0
                71.329443713,37.2151271880001,0
                71.3459460830001,37.1450541240001,0
                71.415950819,37.0179705150001,0
                71.4336676880001,36.919364897,0
                71.584537122,36.9517193980001,0
                71.58854734,37.0146326,0
                71.5708568110001,37.0885821100001,0
                71.5461028650001,37.1801356,0
                71.5390093440001,37.225917989,0
                71.5107406230001,37.3104231130001,0
                71.496583684,37.3738094830001,0
                71.5528878220001,37.4231819070001,0
                71.588144701,37.391518826,0
                71.630438655,37.3669078730001,0
                71.6938438400001,37.3634533060001,0
                71.7254956310001,37.4092770880001,0
                71.71130859,37.5008418670001,0
                71.690118338,37.553653807,0
                71.6689280860001,37.606465746,0
                71.6900092120001,37.6558005410001,0
                71.77101085,37.6664539930001,0
                71.837904468,37.694703899,0
                71.8766121510001,37.7299683040001,0
                71.9047228270001,37.7933998290001,0
                71.9011365550001,37.8532751860001,0
                71.8341827290001,37.8813820980001,0
                71.7672891110001,37.8531321930001,0
                71.6757280950001,37.8354228490001,0
                71.5946888270001,37.859992409,0
                71.5770171130001,37.916330413,0
                71.5945571220001,37.9832729500001,0
                71.629734978,38.025578194,0
                71.686072983,38.0432499080001,0
                71.7459332880001,38.0609253850001,0
                71.802256239,38.0926863030001,0
                71.8339155570001,38.1314654820001,0
                71.819788723,38.166673442,0
                71.7704351140001,38.2053660730001,0
                71.7070374560001,38.201776039,0
                71.619006267,38.1770258560001,0
                71.5415457450001,38.148764661,0
                71.4605290540001,38.152200414,0
                71.4006010160001,38.1979263590001,0
                71.3934585760001,38.2894986630001,0
                71.401297205,38.3705200570001,0
                71.4303025680001,38.4207438930001,0
                71.4699030560001,38.4445617600001,0
                71.5253595440001,38.4631131080001,0
                71.5226641950001,38.513303077,0
                71.490895751,38.5766706320001,0
                71.435427974,38.5686861880001,0
                71.3482510200001,38.5685930540001,0
                71.2954165020001,38.568536609,0
                71.221419955,38.594874845,0
                71.168540281,38.637086014,0
                71.1394417860001,38.6740391320001,0
                71.1314742740001,38.7136565540001,0
                71.165774378,38.7533191310001,0
                71.2132972210001,38.77978719,0
                71.266106339,38.8036191680001,0
                71.3030255900001,38.8644183750001,0
                71.3320365970001,38.909358759,0
                71.353116781,38.959574129,0
                71.345154914,38.9939080990001,0
                71.300228641,39.0097104760001,0
                71.2553136560001,39.01494595,0
                71.2051067530001,39.028100957,0
                71.1733891090001,39.0439174460001,0
                71.1469633830001,39.0518144010001,0
                71.1178874650001,39.067633712,0
                71.059752562,39.083421978,0
                70.9857785940001,39.0886264060001,0
                70.9118243790001,39.0753387550001,0
                70.8273117300001,39.0541146360001,0
                70.758666367,39.017057095,0
                70.6900068940001,38.9932081850001,0
                70.5870021630001,38.97196431,0
                70.5130366610001,38.969243562,0
                70.4390542240001,38.982373169,0
                70.4046976770001,38.995545109,0
                70.3623566850001,39.064184826,0
                70.3147322400001,39.132818899,0
                70.3913225360001,39.1513928250001,0
                70.4335675720001,39.172571788,0
                70.4811129940001,39.177906041,0
                70.523369319,39.1885180990001,0
                70.586753807,39.204436188,0
                70.6316631460001,39.204484166,0
                70.6950730340001,39.1966267220001,0
                70.776960892,39.201997663,0
                70.848264913,39.2232076710001,0
                70.8984464160001,39.233828197,0
                70.9433585780001,39.2312344480001,0
                71.0305411780001,39.226044131,0
                71.101879065,39.2155534280001,0
                71.1626698050001,39.1865593540001,0
                71.2392798550001,39.1866411990001,0
                71.3105923430001,39.199926029,0
                71.4109525270001,39.2238088070001,0
                71.4901873700001,39.2397438290001,0
                71.5694165690001,39.260962303,0
                71.624808145,39.340273347,0
                71.7093066840001,39.3747060950001,0
                71.7779859130001,39.3800629250001,0
                71.883632371,39.4013096210001,0
                71.9364471320001,39.419858146,0
                71.976039154,39.4516011910001,0
                71.9997667090001,39.496535931,0
                71.9997271980001,39.533520094,0
                71.9785454130001,39.5784068560001,0
                71.9600251090001,39.6048043590001,0
                71.923018369,39.6258986550001,0
                71.8648919330001,39.633761743,0
                71.8041350600001,39.6310551060001,0
                71.7513118310001,39.6204317580001,0
                71.6985140020001,39.586032877,0
                71.6351351590001,39.5648313360001,0
                71.569103301,39.5541938760001,0
                71.4924876050001,39.5593954830001,0
                71.4502002360001,39.577842409,0
                71.3735986520001,39.5698353860001,0
                71.30226923,39.572400912,0
                71.223028743,39.5617493410001,0
                71.143810833,39.529963964,0
                71.0725265680001,39.490261875,0
                71.0038812060001,39.4532043340001,0
                70.929929815,39.4372749570001,0
                70.8533141200001,39.4424765640001,0
                70.7846292470001,39.442403185,0
                70.7186058550001,39.423840549,0
                70.6605217520001,39.3920777480001,0
                70.58658165,39.365581467,0
                70.5231971630001,39.3496633780001,0
                70.451893141,39.3284533710001,0
                70.372658298,39.3125183490001,0
                70.317179233,39.3151008080001,0
                70.277536411,39.3309088300001,0
                70.235246219,39.3519974800001,0
                70.1956062190001,39.365163776,0
                70.1005181990001,39.3518535470001,0
                70.031867192,39.3200794580001,0
                69.994931008,39.2751306070001,0
                69.9262771790001,39.2459982440001,0
                69.8813960620001,39.2195330070001,0
                69.8418266190001,39.166656156,0
                69.8022317750001,39.137554837,0
                69.75996416,39.137509682,0
                69.7123933390001,39.1559509620001,0
                69.6437225770001,39.142668955,0
                69.5777161190001,39.108255963,0
                69.514348564,39.0764875180001,0
                69.4403887060001,39.0684833180001,0
                69.406012403,39.10014734,0
                69.3716078780001,39.158228621,0
                69.324053989,39.160819546,0
                69.2764972790001,39.166052198,0
                69.1972680800001,39.144833723,0
                69.1550343320001,39.113087857,0
                69.110130638,39.107756427,0
                69.0758023120001,39.0945111090001,0
                69.0388237940001,39.089188146,0
                69.0018819650001,39.049522746,0
                68.9490700250001,39.028332495,0
                68.9041352850001,39.052060049,0
                68.8750396120001,39.086371442,0
                68.8327183750001,39.1365190770001,0
                68.777236486,39.141743262,0
                68.7164683250001,39.149603529,0
                68.642556444,39.096689989,0
                68.5977063710001,39.0411657660001,0
                68.542263995,39.009405789,0
                68.4920712030001,39.009352166,0
                68.428672604,39.006642707,0
                68.3705659230001,38.9960137150001,0
                68.3256622280001,38.990682285,0
                68.2754807250001,38.9800617590001,0
                68.2041513030001,38.982627285,0
                68.1513054970001,38.993137743,0
                68.12484026,39.0380188610001,0
                68.066668668,39.0881495630001,0
                67.997980973,39.0907179110001,0
                67.937218456,39.0932947260001,0
                67.8764446490001,39.106438444,0
                67.842062701,39.143385917,0
                67.857859434,39.193595643,0
                67.8921651810001,39.227974768,0
                67.9449686550001,39.257090197,0
                68.0136224830001,39.286222561,0
                68.0584810230001,39.333821604,0
                68.124473369,39.381443226,0
                68.1878381020001,39.415853396,0
                68.2512197670001,39.434413211,0
                68.3172629140001,39.4344837670001,0
                68.3437479070001,39.3711105680001,0
                68.3305872550001,39.3261871170001,0
                68.2936426050001,39.2891634430001,0
                68.251428613,39.238925496,0
                68.2567826210001,39.1728879930001,0
                68.3043675530001,39.1412380830001,0
                68.3545490560001,39.1518586080001,0
                68.4258417880001,39.1836355200001,0
                68.507667557,39.24712443,0
                68.576315741,39.281540245,0
                68.6714009400001,39.2974922000001,0
                68.7876368780001,39.297616378,0
                68.9646325130001,39.297805468,0
                69.1257806140001,39.2953358990001,0
                69.2525834570001,39.2954713660001,0
                69.3265235590001,39.3219676480001,0
                69.3423400470001,39.353685291,0
                69.3264219590001,39.4170697800001,0
                69.371308721,39.438251564,0
                69.4743021640001,39.4700623420001,0
                69.5535313620001,39.491280816,0
                69.627482753,39.507210194,0
                69.6671058200001,39.509894253,0
                69.799194936,39.507393639,0
                69.883730164,39.507483951,0
                69.968254103,39.5181411660001,0
                70.0184610060001,39.5049861590001,0
                70.095071057,39.5050680040001,0
                70.1637672190001,39.4945744790001,0
                70.232437981,39.507856486,0
                70.309048031,39.5079383300001,0
                70.3618599710001,39.5291285820001,0
                70.4014632820001,39.5503047230001,0
                70.3828921780001,39.624253292,0
                70.293053743,39.642649417,0
                70.211151773,39.650487105,0
                70.1635950620001,39.655719757,0
                70.0949130120001,39.653004653,0
                70.0288642200001,39.658217549,0
                69.9548817840001,39.671347156,0
                69.9257974000001,39.6950916440001,0
                69.9442273920001,39.7532293690001,0
                69.9970167530001,39.7955534290001,0
                70.113218826,39.8273783170001,0
                70.197754054,39.8274686290001,0
                70.3404354740001,39.80120377,0
                70.4566431910001,39.8277452080001,0
                70.546439293,39.84897497,0
                70.6732421360001,39.849110438,0
                70.7736051410001,39.8703514900001,0
                70.8423690370001,39.796456543,0
                70.9057591690001,39.80709118,0
                71.000816145,39.8494603950001,0
                71.090595314,39.886540514,0
                71.1486624830001,39.9341536690001,0
                71.2754653260001,39.9342891360001,0
                71.3652783620001,39.939668544,0
                71.455040597,39.992599017,0
                71.5236972480001,40.019089654,0
                71.6504605790001,40.056209284,0
                71.750823584,40.077450336,0
                71.851197879,40.088124484,0
                71.909372293,40.0353520560001,0
                71.883039701,39.956072056,0
                71.9517810190001,39.9033109170001,0
                72.0204658920001,39.9033842950001,0
                72.1578356380001,39.9035310520001,0
                72.2264979330001,39.9247382360001,0
                72.2264471330001,39.972289302,0
                72.1735392370001,40.040917731,0
                72.1787380220001,40.1201751520001,0
                72.242094287,40.1625104990001,0
                72.3213460640001,40.1625951670001,0
                72.4165046410001,40.10986225,0
                72.5221736760001,40.109975139,0
                72.6331148740001,40.120660576,0
                72.691221554,40.131289569,0
                72.7599685170001,40.073244978,0
                72.8392372270001,40.0574792890001,0
                72.9766069720001,40.0576260450001,0
                73.0293850460001,40.110517008,0
                73.066273252,40.2003752000001,0
                73.134935548,40.221582384,0
                73.219482064,40.2111057920001,0
              </coordinates>
            </LinearRing>
          </outerBoundaryIs>
        </Polygon>
      </Placemark>
    </Document>
  </Document>
</kml>
