<?xml version="1.0" encoding="UTF-8"?>
<kml xmlns="http://www.opengis.net/kml/2.2">
  <Document id="root_doc">
    <Schema id="Bioregions_PA7.schema">
      <SimpleField name="OBJECTID" type="float"/>
      <SimpleField name="Shape_Leng" type="float"/>
      <SimpleField name="Shape_Area" type="float"/>
      <SimpleField name="Bioregions" type="string"/>
    </Schema>
    <Document id="Bioregions_PA7">
      <name>Bioregions_PA7</name>
      <Placemark id="Bioregions_PA7.1">
        <ExtendedData>
          <SchemaData schemaUrl="#Bioregions_PA7.schema">
            <SimpleData name="OBJECTID">179</SimpleData>
            <SimpleData name="Shape_Leng">463.18899255600</SimpleData>
            <SimpleData name="Shape_Area">1363.55925076000</SimpleData>
            <SimpleData name="Bioregions">PA7</SimpleData>
          </SchemaData>
        </ExtendedData>
        <Polygon>
          <outerBoundaryIs>
            <LinearRing>
              <coordinates>
                128.654493644,71.4469054030001,0
                128.752264541,71.4217003090001,0
                128.865858754,71.421821664,0
                128.942468804,71.42190351,0
                129.013806692,71.411412806,0
                129.10891729,71.403589229,0
                129.196094244,71.403682363,0
                129.23052417,71.321825549,0
                129.272884919,71.2346937510001,0
                129.317867637,71.1660568560001,0
                129.362841888,71.1053451390001,0
                129.439440649,71.1159938870001,0
                129.526609137,71.1240121980001,0
                129.698301564,71.142687725,0
                129.803962133,71.1507257920001,0
                129.930767798,71.148219533,0
                130.036453767,71.1324820670001,0
                130.150073379,71.10882789,0
                130.253128911,71.082520699,0
                130.350917925,71.0403575070001,0
                130.419676176,70.971746012,0
                130.477844945,70.924257035,0
                130.562430974,70.8767962810001,0
                130.673431439,70.8320054750001,0
                130.784406504,70.8109902020001,0
                130.890072718,70.8137448160001,0
                131.003672575,70.8085827210001,0
                131.143692514,70.800807122,0
                131.262604046,70.7692334120001,0
                131.376203903,70.7640713160001,0
                131.50039042,70.740428428,0
                131.616671514,70.6982849920001,0
                131.725047187,70.6376410080001,0
                131.833420038,70.5796387500001,0
                131.970851872,70.521667537,0
                132.0950525,70.48481602,0
                132.227152906,70.4717485020001,0
                132.361880926,70.4718924360001,0
                132.488678124,70.477311355,0
                132.62869524,70.4721774820001,0
                132.721155647,70.4722762600001,0
                132.800407423,70.4723609270001,0
                132.895455932,70.5226553190001,0
                132.972018005,70.567646504,0
                133.119954654,70.5678045500001,0
                133.262613497,70.562673498,0
                133.463390309,70.557604536,0
                133.595482247,70.5524621970001,0
                133.748702348,70.552625886,0
                133.904561354,70.5554341230001,0
                134.052478248,70.5740842500001,0
                134.226809578,70.5954043240001,0
                134.387952035,70.5982182070001,0
                134.53327518,70.5719561710001,0
                134.68123723,70.5483386830001,0
                134.860905635,70.51947161,0
                135.003572944,70.5064153820001,0
                135.146245898,70.4880757010001,0
                135.283615643,70.4882224570001,0
                135.423624293,70.491013761,0
                135.624375705,70.5097203330001,0
                135.838332924,70.53108274,0
                136.06286269,70.5471729860001,0
                136.255711502,70.5447372830001,0
                136.445932699,70.5290901290001,0
                136.657293348,70.5081821000001,0
                136.789393754,70.495114583,0
                136.953208981,70.4688723020001,0
                137.087959578,70.4478824290001,0
                137.230621243,70.440109652,0
                137.426100492,70.4482436750001,0
                137.640069,70.45903918,0
                137.793272168,70.4750532240001,0
                137.935916899,70.4831308030001,0
                138.134029407,70.4991928260001,0
                138.274040878,70.4993424040001,0
                138.45897298,70.4889730570001,0
                138.723154034,70.4813301030001,0
                138.95828175,70.4683726530001,0
                139.201334642,70.455423668,0
                139.481382986,70.4319472920001,0
                139.721799797,70.4137120340001,0
                140.102239369,70.3850594510001,0
                140.284538211,70.3667621050001,0
                140.517027022,70.3511601050001,0
                140.762699063,70.359347751,0
                140.939697519,70.356895115,0
                141.145746494,70.3623987010001,0
                141.359734757,70.354702124,0
                141.526160666,70.3575216510001,0
                141.695233945,70.355060548,0
                141.808898713,70.289138757,0
                141.946350304,70.212675462,0
                142.086409754,70.1679157010001,0
                142.070692045,70.0437376510001,0
                142.070782355,69.959202422,0
                142.216091391,69.946149016,0
                142.401012203,69.946346572,0
                142.530462415,69.9412014110001,0
                142.699487716,69.983649648,0
                142.823598032,70.031333358,0
                143.011047681,70.1372027720001,0
                143.219636781,70.2378113130001,0
                143.401848133,70.301407468,0
                143.581477027,70.3095245580001,0
                143.800740276,70.3097588030001,0
                143.99358062,70.3152482780001,0
                144.093969027,70.3127137970001,0
                144.236647624,70.2890906650001,0
                144.392543318,70.257556466,0
                144.487670851,70.233882534,0
                144.508883679,70.159936787,0
                144.43759377,70.1255181500001,0
                144.300277646,70.0751786010001,0
                144.139146479,70.0617978160001,0
                143.988570925,70.0589952230001,0
                143.830084306,70.0429755330001,0
                143.766691351,70.034982622,0
                143.793181988,69.9663259710001,0
                143.84080361,69.900333625,0
                143.898941335,69.881903632,0
                143.991418675,69.866152055,0
                144.112971932,69.8345811670001,0
                144.242433434,69.8188691010001,0
                144.361316743,69.8137126500001,0
                144.519820296,69.8138819850001,0
                144.680959931,69.8193375920001,0
                144.820968581,69.8221288970001,0
                144.955688134,69.8301980090001,0
                145.087757495,69.8461894750001,0
                145.159160293,69.7749390770001,0
                145.246438849,69.679930079,0
                145.399656127,69.682735495,0
                145.581923925,69.6934971320001,0
                145.713987641,69.7147720510001,0
                145.835464698,69.7545277620001,0
                145.951700638,69.75465194,0
                146.07587022,69.746859407,0
                146.163041531,69.7522359930001,0
                146.242293307,69.7523206600001,0
                146.33746035,69.6916625650001,0
                146.414140957,69.6257012630001,0
                146.567383636,69.6047311460001,0
                146.691544752,69.6048637900001,0
                146.81836735,69.586507177,0
                146.910805179,69.6077397620001,0
                147.053401931,69.66072668,0
                147.166953812,69.700473925,0
                147.296356046,69.740238102,0
                147.409902281,69.7852687980001,0
                147.549865775,69.830327717,0
                147.716252172,69.870131406,0
                147.930231969,69.870360007,0
                148.115152781,69.870557563,0
                148.265765023,69.8390177200001,0
                148.419016169,69.810122425,0
                148.487701042,69.8101958030001,0
                148.521955989,69.8921259950001,0
                148.619665981,69.923931128,0
                148.775474185,69.974290432,0
                148.94183236,70.0405113790001,0
                149.071243061,70.0723503790001,0
                149.24819354,70.1148070830001,0
                149.388179611,70.138732195,0
                149.504401439,70.1520650030001,0
                149.644381866,70.1812735660001,0
                149.699838354,70.199824914,0
                149.699685954,70.342478112,0
                149.678498524,70.392648325,0
                149.591279237,70.4321810800001,0
                149.461806446,70.45846005,0
                149.311191381,70.492641619,0
                149.202838287,70.5321517950001,0
                149.070715303,70.56635312,0
                148.965009579,70.6005826670001,0
                148.898952321,70.6137207410001,0
                148.893539047,70.7352344870001,0
                148.941059068,70.7643442720001,0
                149.022915881,70.798774198,0
                149.12591779,70.822659797,0
                149.236858989,70.8333452350001,0
                149.397998623,70.8388008430001,0
                149.548576999,70.8389617110001,0
                149.699166663,70.8285556750001,0
                149.849776083,70.799657557,0
                150.034756162,70.74437887,0
                150.251451063,70.6759254200001,0
                150.436448075,70.6047963780001,0
                150.521053859,70.5388435420001,0
                150.632065613,70.483485832,0
                150.774732922,70.4704296040001,0
                150.994015926,70.452171768,0
                151.208015479,70.4339082870001,0
                151.437865386,70.4156617410001,0
                151.683565649,70.397432128,0
                151.92133509,70.3844774990001,0
                152.153838012,70.355666871,0
                152.320272388,70.35056122,0
                152.53427194,70.3322977400001,0
                152.64787462,70.324493918,0
                152.846037927,70.2930048750001,0
                153.015136607,70.266768239,0
                153.134034027,70.248403158,0
                153.255595751,70.2089070930001,0
                153.353376298,70.1746690790001,0
                153.427392601,70.1298387620001,0
                153.279585774,70.008161326,0
                153.329835011,69.95538043,0
                153.382717506,69.9105275360001,0
                153.364318559,69.8233308260001,0
                153.454179572,69.783800893,0
                153.602158556,69.7443330500001,0
                153.810936746,69.667945956,0
                153.99593658,69.5941751880001,0
                154.254955539,69.4729323760001,0
                154.461083536,69.404467638,0
                154.693625971,69.3386728460001,0
                154.875955857,69.2913165150001,0
                155.031865662,69.2465736870001,0
                155.243246066,69.207173577,0
                155.40442239,69.1782867490001,0
                155.562945698,69.159964001,0
                155.766364236,69.154897862,0
                156.093946712,69.1473226410001,0
                156.424162448,69.147675421,0
                156.717391199,69.150630414,0
                156.984205514,69.1509154600001,0
                157.195543584,69.1511412390001,0
                157.364605574,69.1592470400001,0
                157.491414061,69.1540990550001,0
                157.689546325,69.1516689960001,0
                157.927298832,69.1545647230001,0
                158.16769871,69.1521798210001,0
                158.386967603,69.147130615,0
                158.548112882,69.147302772,0
                158.711905531,69.142194298,0
                158.807007663,69.142295899,0
                158.994601245,69.1134372930001,0
                159.15841365,69.089836738,0
                159.274672168,69.068827109,0
                159.438504328,69.0267344740001,0
                159.599694762,68.9846390150001,0
                159.747673745,68.9451711730001,0
                159.969626698,68.900498901,0
                160.141369925,68.871623361,0
                160.294615427,68.848011517,0
                160.498048075,68.8297367480001,0
                160.645990369,68.8246113420001,0
                160.793918552,68.8326945650001,0
                160.928626817,68.851330579,0
                161.047459325,68.8937251940001,0
                161.142507835,68.9440195870001,0
                161.219061441,68.996935949,0
                161.27712861,69.0445491040001,0
                161.44087046,69.086991697,0
                161.604632064,69.110942208,0
                161.734034299,69.1507063860001,0
                161.815922157,69.156077327,0
                161.83693743,69.267052392,0
                161.855299689,69.3885915390001,0
                161.855209377,69.4731267670001,0
                161.818134903,69.557622484,0
                161.781032207,69.6685354590001,0
                161.854963843,69.702956919,0
                161.93094985,69.7358172930001,0
                162.048164036,69.773396619,0
                162.137620046,69.7111840750001,0
                162.206372652,69.647856033,0
                162.19590735,69.552742612,0
                162.188089416,69.4523485610001,0
                162.222505231,69.3837003780001,0
                162.312349312,69.3600208,0
                162.396887362,69.357469386,0
                162.468188561,69.3813211200001,0
                162.560606633,69.421045786,0
                162.653016239,69.4686956300001,0
                162.737534533,69.4846362970001,0
                162.856412199,69.484763297,0
                163.020216137,69.46908792,0
                163.112727343,69.4216356320001,0
                163.247455363,69.421779567,0
                163.371627769,69.4113453080001,0
                163.527467018,69.4326456270001,0
                163.709746104,69.432840361,0
                163.855091828,69.385444518,0
                163.97933479,69.3089671120001,0
                164.100899336,69.266829321,0
                164.177531964,69.245777359,0
                164.262078482,69.2353007670001,0
                164.309629547,69.2353515680001,0
                164.457566198,69.235509613,0
                164.565876958,69.2356253240001,0
                164.687317327,69.309723472,0
                164.803519399,69.34154836,0
                164.909188434,69.3416612490001,0
                164.999029692,69.3206233990001,0
                165.115299498,69.289046866,0
                165.289687273,69.257532423,0
                165.363802354,69.1202417000001,0
                165.300440445,69.083189804,0
                165.210649987,69.0566765890001,0
                165.110303914,69.0195851820001,0
                165.102505737,68.9006990500001,0
                165.158001736,68.8822662360001,0
                165.226703543,68.866489259,0
                165.390490548,68.8666642370001,0
                165.622951137,68.8774794970001,0
                165.828977533,68.9041168900001,0
                166.013906811,68.89638927,0
                166.177719217,68.8727887150001,0
                166.278138667,68.8411952490001,0
                166.362713407,68.8043013980001,0
                166.484292064,68.748954977,0
                166.611176752,68.672480394,0
                166.677236832,68.6567005950001,0
                166.833104304,68.651583654,0
                166.983662924,68.6702366040001,0
                167.102534944,68.6756470550001,0
                167.25838266,68.689022197,0
                167.411611228,68.6812607090001,0
                167.527847167,68.681384887,0
                167.630905521,68.6524359700001,0
                167.736625357,68.6049977930001,0
                167.810644482,68.5575257500001,0
                167.781641941,68.5046601870001,0
                167.776395179,68.470312107,0
                167.789651787,68.425416877,0
                167.829314364,68.3911167750001,0
                167.911221977,68.377995635,0
                168.011613205,68.3728194270001,0
                168.090867804,68.370262369,0
                168.178036291,68.37828068,0
                168.281052313,68.3889576510001,0
                168.384057044,68.4102015240001,0
                168.492367805,68.4103172370001,0
                168.568980678,68.4077573550001,0
                168.627109937,68.3972525410001,0
                168.69846758,68.3682697560001,0
                168.722285447,68.3286692680001,0
                168.72232778,68.2890433800001,0
                168.685357729,68.275795239,0
                168.561222013,68.251887061,0
                168.471434377,68.222732121,0
                168.376368934,68.1882880840001,0
                168.291853462,68.169705691,0
                168.223210922,68.130006425,0
                168.191563833,68.0797797660001,0
                168.220699019,68.0084842110001,0
                168.292082062,67.9557258950001,0
                168.358178832,67.9056036590001,0
                168.424272779,67.8581231480001,0
                168.522087193,67.7921844240001,0
                168.619873384,67.7526629590001,0
                168.741420997,67.7263755230001,0
                168.847118255,67.7000711530001,0
                168.989788387,67.6843731980001,0
                169.127166599,67.676594777,0
                169.3041961,67.6450831560001,0
                169.481194557,67.6426305200001,0
                169.589530718,67.6189706980001,0
                169.689936058,67.6005858620001,0
                169.785063589,67.5769119300001,0
                169.848501699,67.5426372270001,0
                169.901415239,67.468725347,0
                169.925312129,67.3551565330001,0
                169.925410907,67.2626961270001,0
                170.020592061,67.1888294030001,0
                170.110495409,67.1096735830001,0
                170.152833579,67.0436755920001,0
                170.086841231,66.9960539690001,0
                169.999689678,66.9721853030001,0
                169.901976864,66.9430218950001,0
                169.814830954,66.9138697770001,0
                169.719765512,66.87942574,0
                169.616777714,66.8423315100001,0
                169.524365286,66.7973233920001,0
                169.418755517,66.7417342590001,0
                169.321104793,66.654452882,0
                169.286886535,66.538180255,0
                169.279046025,66.4589200120001,0
                169.220950633,66.437724115,0
                169.144354693,66.4244336410001,0
                169.067761576,66.4085014400001,0
                169.00170714,66.4189977880001,0
                168.925057578,66.4559001060001,0
                168.832577417,66.4742934080001,0
                168.716333011,66.4820944080001,0
                168.571043732,66.476655733,0
                168.449521519,66.479167637,0
                168.304237884,66.46844551,0
                168.164243345,66.4524455760001,0
                168.061238614,66.4312017020001,0
                167.921229965,66.428410398,0
                167.812871225,66.4732040260001,0
                167.738837988,66.5338846990001,0
                167.651590479,66.5998347130001,0
                167.58553322,66.6129727860001,0
                167.445533038,66.602256304,0
                167.331936002,66.604776674,0
                167.215719819,66.5861604140001,0
                167.099503635,66.5675441550001,0
                166.962176223,66.52777151,0
                166.872402699,66.4854079400001,0
                166.8169829,66.432514155,0
                166.79598456,66.305688735,0
                166.796072049,66.223795233,0
                166.775056776,66.112820168,0
                166.701133607,66.0704735310001,0
                166.61400086,66.0290012130001,0
                166.500455573,65.9830820870001,0
                166.423865278,65.9645081610001,0
                166.326169399,65.919494399,0
                166.262827244,65.8639504210001,0
                166.210049171,65.811059459,0
                166.14933181,65.7713686590001,0
                166.085947321,65.7554505700001,0
                165.977650672,65.7421262290001,0
                165.872023969,65.702387451,0
                165.774316801,65.667940592,0
                165.74797292,65.5992274970001,0
                165.734863069,65.50675298,0
                165.703247026,65.4274673370001,0
                165.631968404,65.382481796,0
                165.499901866,65.3638486030001,0
                165.373113135,65.350504506,0
                165.256891307,65.3371716990001,0
                165.114260687,65.3158854910001,0
                164.984861274,65.2734795870001,0
                164.900365557,65.236405113,0
                164.84232661,65.1623747,0
                164.800070286,65.1517626400001,0
                164.675934568,65.1278544620001,0
                164.538593045,65.1012904470001,0
                164.427584114,65.154006431,0
                164.321872744,65.19351943,0
                164.242592745,65.2198520220001,0
                164.152748665,65.2435315980001,0
                164.031201052,65.2698190350001,0
                163.91759555,65.280264582,0
                163.811943448,65.2643013380001,0
                163.698371813,65.243046174,0
                163.622211651,65.232397894,0
                163.555794815,65.1715671750001,0
                163.534703342,65.131918709,0
                163.598172497,65.068585021,0
                163.653693896,65.0263766740001,0
                163.701298584,64.976234683,0
                163.706658236,64.9049137270001,0
                163.693511697,64.8467816470001,0
                163.622657563,64.815005205,0
                163.535056121,64.801702973,0
                163.43732073,64.793673373,0
                163.326390821,64.7724210310001,0
                163.207524444,64.761727127,0
                163.078144788,64.7008291430001,0
                163.028002797,64.653224455,0
                163.028081819,64.579256129,0
                163.065108315,64.5396697530001,0
                163.098959215,64.50800517,0
                163.178778729,64.46846451,0
                163.255419823,64.4394873690001,0
                163.371678341,64.4184777410001,0
                163.443010584,64.4132704900001,0
                163.540754441,64.413374913,0
                163.646420655,64.4161295280001,0
                163.707194461,64.402985809,0
                163.746882438,64.3449101740001,0
                163.728452446,64.2867724490001,0
                163.673024181,64.2418038420001,0
                163.623306678,64.2074082510001,0
                163.517199043,64.207294893,0
                163.427380362,64.207198938,0
                163.319069602,64.2070832250001,0
                163.216039469,64.2096148840001,0
                163.081314272,64.206829224,0
                162.954573518,64.1485757880001,0
                162.88591969,64.119443425,0
                162.88597049,64.0718923590001,0
                162.92303932,63.992680094,0
                162.949532779,63.921381717,0
                162.96810805,63.843532338,0
                162.954948876,63.797226245,0
                162.923318721,63.7311492310001,0
                162.870546292,63.6729748170001,0
                162.796617479,63.635911632,0
                162.704196584,63.5988286910001,0
                162.606472482,63.580232187,0
                162.521945721,63.5722166990001,0
                162.447968929,63.5800628540001,0
                162.334369072,63.5852249490001,0
                162.239272584,63.5798398970001,0
                162.160009519,63.5903221340001,0
                162.064913031,63.5849370810001,0
                161.983027995,63.5769244140001,0
                161.877364604,63.5715280740001,0
                161.790173539,63.584643569,0
                161.742574495,63.6295021080001,0
                161.72401468,63.6928837740001,0
                161.726585851,63.7589297440001,0
                161.737087842,63.819700728,0
                161.747603946,63.8672630830001,0
                161.721121776,63.9279945550001,0
                161.678817473,63.9622918370001,0
                161.599548465,63.9783361670001,0
                161.509749838,63.9594694880001,0
                161.430517817,63.940892739,0
                161.348669471,63.8985376360001,0
                161.303820742,63.8417543300001,0
                161.303932286,63.737344379,0
                161.311961887,63.6396089880001,0
                161.317318716,63.5709297590001,0
                161.312162266,63.4520464510001,0
                161.230356252,63.370065459,0
                161.098303825,63.3382236360001,0
                160.923961205,63.327470465,0
                160.786594282,63.3246819830001,0
                160.659782973,63.332471694,0
                160.572580618,63.356154093,0
                160.456322101,63.377163721,0
                160.334799889,63.3796756240001,0
                160.210638772,63.3795429800001,0
                160.134102099,63.310776262,0
                160.046944901,63.2921910470001,0
                159.946573428,63.2788751730001,0
                159.851510808,63.2417894100001,0
                159.780237832,63.191520417,0
                159.756569543,63.091109433,0
                159.724945033,63.019748968,0
                159.624559449,63.0196417230001,0
                159.526821236,63.0142538490001,0
                159.437011022,63.0062327150001,0
                159.336664951,62.969141307,0
                159.268002655,62.947934123,0
                159.183526694,62.8923675670001,0
                159.141323991,62.8315627170001,0
                159.096409007,62.8367981900001,0
                159.011862489,62.8472747820001,0
                158.908832358,62.8498064410001,0
                158.805805048,62.8496963740001,0
                158.715997657,62.8390335140001,0
                158.644671058,62.8389573140001,0
                158.607734873,62.7940084630001,0
                158.623664251,62.720057071,0
                158.623757385,62.6328801170001,0
                158.597419149,62.55888357,0
                158.539360446,62.5033452370001,0
                158.486545684,62.4847967110001,0
                158.423147085,62.482087252,0
                158.361495526,62.492588303,0
                158.241737286,62.492460362,0
                158.104887849,62.5416264340001,0
                157.917587739,62.5836939980001,0
                157.804851524,62.604707391,0
                157.558240884,62.6508320870001,0
                157.396279639,62.5901816790001,0
                157.241351068,62.5407038920001,0
                157.234509668,62.350492102,0
                157.079567832,62.3134309320001,0
                156.903533771,62.2374247450001,0
                156.713419819,62.152686315,0
                156.642996374,62.1314772490001,0
                156.643158049,61.980143114,0
                156.615088899,61.8778414600001,0
                156.551732633,61.8355061120001,0
                156.439064152,61.7931180830001,0
                156.270061429,61.729536038,0
                156.270151739,61.6450008100001,0
                156.340695601,61.5534962390001,0
                156.406138816,61.501439438,0
                156.491084347,61.43386952,0
                156.589331122,61.2896748370001,0
                156.72578059,61.089410882,0
                156.881389582,60.861026902,0
                157.030505655,60.6421724410001,0
                157.132842309,60.4919751300001,0
                157.258205395,60.307982419,0
                157.349591036,60.173857674,0
                157.44412552,60.0351114410001,0
                157.528947241,59.91062042,0
                157.637475712,59.7513354920001,0
                157.531858219,59.671543274,0
                157.502365902,59.6492624520001,0
                157.462613954,59.619230815,0
                157.291064985,59.4896301590001,0
                157.038126427,59.298540202,0
                156.809909287,59.126127271,0
                156.663867485,59.0157961400001,0
                156.546820948,58.927370421,0
                156.519003609,58.9063547980001,0
                156.441169889,58.8475529610001,0
                156.346906165,58.7763391180001,0
                156.259551897,58.7103456410001,0
                156.024348183,58.6097183570001,0
                155.759848034,58.4965574170001,0
                155.472394565,58.373576934,0
                155.278447619,58.290600291,0
                155.151462626,58.2362723200001,0
                155.075154745,58.232413084,0
                154.906951925,58.22390678,0
                154.717223057,58.214310358,0
                154.661974881,58.2115161180001,0
                154.315292119,58.193982272,0
                154.272841089,58.1918353040001,0
                153.977648166,58.176906354,0
                153.704213844,58.163076684,0
                153.243815287,58.1775244410001,0
                152.786380617,58.1918791590001,0
                152.666643142,58.1956365730001,0
                152.321453974,58.2064689200001,0
                152.189692442,58.2106038250001,0
                151.863563233,58.2208387210001,0
                151.665620393,58.2270497980001,0
                151.406358352,58.235185476,0
                150.884903319,58.251549337,0
                150.539384212,58.2623923200001,0
                150.405596747,58.266590765,0
                150.208395689,58.2727793490001,0
                149.982513252,58.2798680230001,0
                149.769434673,58.2865542500001,0
                149.686712289,58.2891501180001,0
                149.60727621,58.291642966,0
                149.25084865,58.3028287980001,0
                149.038354493,58.3094967430001,0
                148.919656746,58.3132212420001,0
                148.686482905,58.3205382580001,0
                148.457615886,58.3277206060001,0
                148.327573747,58.3318018900001,0
                148.201230391,58.335766273,0
                147.982054113,58.342644034,0
                147.481939428,58.35833839,0
                146.967749876,58.3744742110001,0
                146.849226202,58.3781936930001,0
                146.644255855,58.3846262850001,0
                146.312126661,58.3950489280001,0
                146.171666847,58.3994562710001,0
                145.960254553,58.406090406,0
                145.706524533,58.4140529640001,0
                145.586585409,58.417817105,0
                145.428199277,58.4227871250001,0
                145.234941991,58.4288516280001,0
                144.944956326,58.4379517300001,0
                144.734538184,58.4269820280001,0
                144.368473882,58.4078985770001,0
                144.122567056,58.3950788490001,0
                143.917381165,58.384382122,0
                143.620499634,58.3689051680001,0
                143.61521144,58.366974967,0
                143.487145178,58.3202306650001,0
                143.33901909,58.266164298,0
                143.262905711,58.2383820200001,0
                143.222210336,58.2235279440001,0
                143.145979839,58.1772967590001,0
                143.084452243,58.139982552,0
                142.959424322,58.0641569730001,0
                142.956123714,58.062155256,0
                142.83032569,57.9858627250001,0
                142.771493918,57.95018335,0
                142.68491184,57.897674877,0
                142.630812512,57.9688957990001,0
                142.611170535,57.994754335,0
                142.58366735,58.0309623140001,0
                142.543858326,58.0833712080001,0
                142.468932514,58.1820110620001,0
                142.421172963,58.2448863700001,0
                142.266065754,58.449085041,0
                142.18423934,58.556809195,0
                142.10478406,58.6614112490001,0
                142.080289281,58.6936585110001,0
                142.050137121,58.7333538410001,0
                142.01555335,58.778883546,0
                141.936298814,58.8832223750001,0
                141.88359403,58.9526075000001,0
                141.82604085,59.0283759280001,0
                141.775227485,58.945518844,0
                141.764349994,58.9315026840001,0
                141.725983006,58.8820654150001,0
                141.664830693,58.8396318650001,0
                141.634470883,58.8185654170001,0
                141.590430758,58.805110583,0
                141.472497667,58.7690810500001,0
                141.277200915,58.7139277730001,0
                141.247138192,58.705437922,0
                141.113350916,58.64893814,0
                140.958399807,58.6205938940001,0
                140.850608746,58.5845358220001,0
                140.810515922,58.571124249,0
                140.682887895,58.519033807,0
                140.628489042,58.538309939,0
                140.563965061,58.5611740850001,0
                140.482060311,58.571653456,0
                140.434459736,58.5805260600001,0
                140.355232108,58.5952942690001,0
                140.296539254,58.5987878600001,0
                140.268049468,58.600483867,0
                140.207613452,58.6144708130001,0
                140.154427124,58.62678011,0
                140.072522242,58.637259397,0
                139.953647323,58.6344911320001,0
                139.91941776,58.5287849580001,0
                139.903056624,58.5209723240001,0
                139.863969801,58.50230817,0
                139.787735732,58.464089405,0
                139.779479844,58.459950473,0
                139.767673005,58.4551675970001,0
                139.642169279,58.4043272060001,0
                139.539192752,58.356665977,0
                139.494351182,58.2932168310001,0
                139.441587217,58.227117074,0
                139.388786563,58.195360045,0
                139.377451431,58.188056121,0
                139.351827859,58.1715456000001,0
                139.281236641,58.159010021,0
                139.262026061,58.155598706,0
                139.180140995,58.1475859270001,0
                139.136241449,58.12447896,0
                139.074531203,58.091997582,0
                138.979491228,58.0337778510001,0
                138.929032754,57.9929333420001,0
                138.842239965,57.9226778780001,0
                138.773310613,57.8593572400001,0
                138.715561303,57.806307352,0
                138.652517979,57.7532353540001,0
                138.583593575,57.695212923,0
                138.473306952,57.6415952460001,0
                138.409329975,57.6104920280001,0
                138.266057135,57.528418286,0
                138.224522062,57.5046250240001,0
                138.066131317,57.398786505,0
                137.860200985,57.282330325,0
                137.649015301,57.139451632,0
                137.474785554,57.023029319,0
                137.295306242,56.8749007770001,0
                137.1105435,56.7267665900001,0
                137.058391796,56.6858010170001,0
                136.915219357,56.573338506,0
                136.808400845,56.4912621230001,0
                136.756845729,56.4516488740001,0
                136.603760992,56.3246822770001,0
                136.507344481,56.245310461,0
                136.455954102,56.203005101,0
                136.420149525,56.1759086980001,0
                136.283500728,56.0724952690001,0
                136.222721072,56.044052542,0
                136.177884413,56.0230709050001,0
                136.089425408,55.997450975,0
                135.99478112,55.9700399970001,0
                135.91389281,55.9519742950001,0
                135.868008601,55.9417266630001,0
                135.670793536,55.909815607,0
                135.40314763,55.8637396820001,0
                135.266009041,55.853306242,0
                135.12138586,55.8423038710001,0
                134.941097051,55.818845201,0
                134.903033395,55.8138925690001,0
                134.781587549,55.7988462930001,0
                134.702288472,55.78902177,0
                134.677381179,55.785881363,0
                134.476891217,55.7606033650001,0
                134.335626931,55.7328820860001,0
                134.188122913,55.7039369130001,0
                134.073408057,55.685005613,0
                133.973300165,55.6684853830001,0
                133.80426765,55.633081599,0
                133.617649037,55.5730026140001,0
                133.445117127,55.5164615140001,0
                133.283124795,55.484588086,0
                133.128272967,55.472131113,0
                133.061238633,55.466738761,0
                132.895716814,55.4419057010001,0
                132.66327417,55.4143595720001,0
                132.462502948,55.4141450820001,0
                132.296954787,55.4139682220001,0
                132.145495679,55.4138064140001,0
                131.976425326,55.4136257910001,0
                131.852264277,55.4134931460001,0
                131.848844583,55.396299625,0
                131.845694806,55.380464025,0
                131.819344185,55.3183566340001,0
                131.794409411,55.2808669010001,0
                131.769231921,55.24301282,0
                131.723059389,55.18880791,0
                131.72595236,55.160188852,0
                131.728399563,55.135979391,0
                131.773329561,55.1166548850001,0
                131.821761057,55.116706627,0
                131.930952434,55.1168232790001,0
                132.059516294,55.1169606280001,0
                132.168707671,55.11707728,0
                132.274403197,55.092533969,0
                132.335835116,55.060095071,0
                132.364272551,55.045078705,0
                132.386007916,55.010384856,0
                132.399555873,54.9887596080001,0
                132.397699025,54.9801271540001,0
                132.385535927,54.923582492,0
                132.336276718,54.874217065,0
                132.269368123,54.860056231,0
                132.181310469,54.859962157,0
                132.087969671,54.8598624380001,0
                131.973494863,54.859740141,0
                131.853736625,54.8596122000001,0
                131.76744021,54.8595200070001,0
                131.665293503,54.859410881,0
                131.552579648,54.8592904650001,0
                131.434592056,54.850358783,0
                131.365935394,54.8238679660001,0
                131.295536309,54.7797640220001,0
                131.195214811,54.719777515,0
                131.098449372,54.628094187,0
                130.998154215,54.5434520530001,0
                130.933083715,54.4570857360001,0
                130.876800309,54.388340644,0
                130.822274379,54.323119911,0
                130.798667024,54.283320238,0
                130.783598274,54.257916234,0
                130.78366977,54.190992742,0
                130.801341559,54.1346539830001,0
                130.846028667,54.0974960520001,0
                130.864799588,54.0818876380001,0
                130.945867136,54.0309008340001,0
                131.032203124,53.994008701,0
                131.09915493,53.9676630690001,0
                131.169644328,53.9272318370001,0
                131.23663947,53.8603796880001,0
                131.284245195,53.809357134,0
                131.349439587,53.7794871180001,0
                131.403855786,53.7596983600001,0
                131.479815272,53.7320751340001,0
                131.532825422,53.719901808,0
                131.617219122,53.700521359,0
                131.690529835,53.6722329680001,0
                131.726455566,53.6583702470001,0
                131.747121681,53.651506157,0
                131.789879686,53.6373042910001,0
                131.946622225,53.637471744,0
                132.013386818,53.621734287,0
                132.080503324,53.6059136850001,0
                132.231962746,53.606075493,0
                132.341183455,53.578013792,0
                132.43633891,53.528803505,0
                132.485692112,53.4901111120001,0
                132.502086206,53.430249088,0
                132.570722887,53.3933397000001,0
                132.688565405,53.3299698640001,0
                132.830903128,53.2534277280001,0
                132.961614891,53.1831374540001,0
                133.077080128,53.1210460030001,0
                133.189278744,53.060711177,0
                133.267979618,53.0183897680001,0
                133.377323736,53.033163689,0
                133.461896387,52.998030789,0
                133.525367458,52.933024802,0
                133.631079316,52.8925429220001,0
                133.72267426,52.8785510170001,0
                133.814246625,52.8856937260001,0
                133.933954534,52.9334613080001,0
                133.912705817,53.040780533,0
                133.931167129,53.0698593810001,0
                133.968145628,53.075182259,0
                134.007779922,53.0672989700001,0
                134.042139314,53.051485557,0
                134.113505428,53.0145770410001,0
                134.158434376,52.996133807,0
                134.219214,52.9777063610001,0
                134.293176642,52.98306875,0
                134.346005242,52.9884085620001,0
                134.419942483,53.0175466760001,0
                134.49649883,53.0678210820001,0
                134.559829825,53.1339326230001,0
                134.564980547,53.2580991140001,0
                134.504156341,53.318793499,0
                134.435355711,53.4270308660001,0
                134.4405657,53.4957214290001,0
                134.495956961,53.575032348,0
                134.575130164,53.6490853010001,0
                134.630529891,53.7204717430001,0
                134.62247784,53.8393407560001,0
                134.52998333,53.87094218,0
                134.469150657,53.9395621880001,0
                134.498132975,54.0109204070001,0
                134.579928106,54.1034685400001,0
                134.635316546,54.1854205700001,0
                134.632618419,54.23825142,0
                134.566487692,54.320075919,0
                134.5268026,54.3755083680001,0
                134.539946678,54.4362840650001,0
                134.661468665,54.4337704860001,0
                134.806774842,54.423358975,0
                134.925660788,54.4155603520001,0
                135.036596855,54.4315301330001,0
                135.189780103,54.4660374270001,0
                135.332405087,54.4926055180001,0
                135.427504018,54.4953505190001,0
                135.541101527,54.4928284750001,0
                135.583394436,54.4690990510001,0
                135.591378754,54.413630444,0
                135.535981847,54.3396040370001,0
                135.448832794,54.3130929220001,0
                135.319433163,54.270687695,0
                135.18211752,54.220348378,0
                135.105538023,54.19120744,0
                135.089741545,54.140996801,0
                135.08979799,54.0881619850001,0
                135.126835755,54.0380089340001,0
                135.140142952,53.9455624030001,0
                135.087373618,53.884746663,0
                135.03988483,53.826577678,0
                134.992403936,53.7604842150001,0
                135.024175268,53.6944742750001,0
                135.090294703,53.6232188010001,0
                135.153766811,53.5572427270001,0
                135.214557149,53.528249691,0
                135.309732855,53.4596663730001,0
                135.389046597,53.401632856,0
                135.449854443,53.3567885740001,0
                135.455216832,53.282825933,0
                135.399766304,53.258990941,0
                135.336407087,53.219297381,0
                135.278334059,53.1769672080001,0
                135.212347269,53.1240618350001,0
                135.196533856,53.0897024430001,0
                135.262633535,53.0369393280001,0
                135.323447026,52.986810533,0
                135.352542234,52.9524991170001,0
                135.349965462,52.8917370010001,0
                135.342127901,52.8098346250001,0
                135.310483569,52.756967086,0
                135.18377135,52.672296599,0
                135.057050093,52.595550589,0
                135.00955566,52.5426649720001,0
                135.067797449,52.4264918380001,0
                135.102233044,52.339351251,0
                135.060013511,52.2943969020001,0
                135.060342055,52.1979927030001,0
                135.060706721,52.090989591,0
                135.061162868,51.9571430400001,0
                135.06151095,51.8550060540001,0
                135.061806946,51.7681524180001,0
                135.062111174,51.678883678,0
                135.051929389,51.6189859830001,0
                135.044975098,51.534443228,0
                134.999215287,51.5062159010001,0
                134.948805973,51.518625576,0
                134.851286385,51.4990130740001,0
                134.773821878,51.474274359,0
                134.657604754,51.456538675,0
                134.509739601,51.3894569080001,0
                134.316039514,51.364465995,0
                134.182233325,51.3257055290001,0
                134.090691124,51.29038468,0
                133.91459488,51.2725850250001,0
                133.784277262,51.2654011920001,0
                133.618766737,51.230001321,0
                133.541283637,51.2228739330001,0
                133.481378176,51.24746607,0
                133.477791904,51.307341427,0
                133.509432543,51.3636042730001,0
                133.600982134,51.39200836,0
                133.671394291,51.42378433,0
                133.79108856,51.4837913920001,0
                133.935405071,51.575525504,0
                134.100859152,51.6637598940001,0
                134.301543771,51.7449873100001,0
                134.424800431,51.767472323,0
                134.632594926,51.787608645,0
                134.755896742,51.7678260430001,0
                134.910877994,51.767991614,0
                134.910728778,51.9076639040001,0
                134.910612125,52.016855139,0
                134.910502999,52.1190023300001,0
                134.910408484,52.2074720140001,0
                134.76596071,52.23860619,0
                134.632117028,52.2349408950001,0
                134.498309544,52.1973927220001,0
                134.382073605,52.1972685430001,0
                134.318602118,52.2627843990001,0
                134.318534385,52.32618582,0
                134.251554218,52.3789488410001,0
                134.114210813,52.354145977,0
                133.931092544,52.3152049890001,0
                133.839551595,52.2787123750001,0
                133.730411688,52.23045527,0
                133.617723951,52.2060910000001,0
                133.48737667,52.226673325,0
                133.42742229,52.297055377,0
                133.466081055,52.3781096970001,0
                133.585775324,52.438116758,0
                133.67026916,52.4769523830001,0
                133.733610374,52.533376935,0
                133.701841929,52.5967444890001,0
                133.571486682,52.6247836690001,0
                133.381203396,52.698548793,0
                133.250799229,52.7723778870001,0
                133.218985629,52.878013056,0
                133.127131917,52.9287265890001,0
                133.018470951,52.9887196070001,0
                132.902208248,53.052909636,0
                132.737452081,53.143873485,0
                132.600549362,53.2194591140001,0
                132.501609206,53.2740851570001,0
                132.432862332,53.3120411290001,0
                132.390838556,53.2575370810001,0
                132.32046389,53.1905382510001,0
                132.241469713,53.1468044360001,0
                132.23759975,53.144661898,0
                132.170527917,53.1075287510001,0
                132.084608557,53.0599610200001,0
                132.028260611,53.0366468660001,0
                131.978986503,53.0162596230001,0
                131.978853391,53.1408610760001,0
                131.91404832,53.2182825570001,0
                131.853261814,53.2433140410001,0
                131.799086678,53.261748267,0
                131.75283813,53.278870096,0
                131.692055857,53.299938991,0
                131.612778681,53.3236298570001,0
                131.542756011,53.3394054240001,0
                131.484626752,53.3499102380001,0
                131.42385859,53.3577705050001,0
                131.367054429,53.3643141410001,0
                131.3062905,53.3682118190001,0
                131.244204297,53.373428948,0
                131.16626915,53.3773082800001,0
                131.110792907,53.377249013,0
                131.0539958,53.3771883360001,0
                130.990590145,53.3810831910001,0
                130.916617588,53.384966757,0
                130.851885425,53.3941436530001,0
                130.789794989,53.4033233710001,0
                130.709204005,53.4204085110001,0
                130.649741184,53.4427996810001,0
                130.569141733,53.4678099990001,0
                130.491185419,53.4915022760001,0
                130.410584558,53.5178334570001,0
                130.335260091,53.5507745960001,0
                130.26786786,53.577119888,0
                130.189910134,53.602133028,0
                130.121209739,53.6165891430001,0
                130.056462054,53.640295531,0
                129.998321507,53.6613672490001,0
                129.941508879,53.6758360630001,0
                129.858281813,53.6876349290001,0
                129.773733885,53.699432384,0
                129.699761327,53.70331595,0
                129.633713946,53.707207983,0
                129.591446332,53.707162827,0
                129.534649226,53.707102149,0
                129.458039175,53.7070203050001,0
                129.377462302,53.7108968150001,0
                129.308771785,53.7161068890001,0
                129.2242295,53.7226208920001,0
                129.148934669,53.727823911,0
                129.052504618,53.734325213,0
                128.981170964,53.7408533280001,0
                128.903203361,53.7751125080001,0
                128.829187058,53.819942826,0
                128.773676948,53.8515842690001,0
                128.704952564,53.888495053,0
                128.641505986,53.9306949350001,0
                128.58422814,53.968498524,0
                128.499621416,54.0353319340001,0
                128.415018453,54.098643044,0
                128.346288425,54.1408372810001,0
                128.277556515,54.1847926670001,0
                128.233044658,54.224811335,0
                128.194709999,54.2525085340001,0
                128.156395096,54.2617136530001,0
                128.114117605,54.2709145380001,0
                128.062587016,54.28670986,0
                128.025609909,54.2800660340001,0
                128.008468325,54.2523095670001,0
                128.008510658,54.2126836790001,0
                127.999311185,54.169085324,0
                127.963654941,54.162442909,0
                127.904214697,54.163700272,0
                127.848739865,54.1623201420001,0
                127.806494828,54.141141179,0
                127.77482234,54.1146900530001,0
                127.747106796,54.0935266130001,0
                127.711451963,54.0855633350001,0
                127.631321492,54.083716576,0
                127.536211835,54.090659578,0
                127.472810414,54.0905918450001,0
                127.381181665,54.1362839230001,0
                127.282512076,54.178446174,0
                127.187364788,54.2206121880001,0
                127.085176661,54.259248374,0
                126.997058924,54.3155111190001,0
                126.933593532,54.3753225040001,0
                126.852512871,54.4386373770001,0
                126.785555282,54.470266591,0
                126.718631559,54.4701950950001,0
                126.648196825,54.4595529320001,0
                126.549598732,54.43479146,0
                126.436900147,54.4205818400001,0
                126.341805541,54.4134356370001,0
                126.253763063,54.3992523580001,0
                126.119938196,54.3779755570001,0
                126.028362129,54.374355419,0
                125.933259997,54.3742538180001,0
                125.859269094,54.395308603,0
                125.764114281,54.444519219,0
                125.661937442,54.4725885020001,0
                125.577357058,54.5147658050001,0
                125.485747124,54.542846377,0
                125.39413719,54.5709269490001,0
                125.28494209,54.5743325980001,0
                125.161654023,54.5812454960001,0
                125.041876967,54.598729061,0
                124.9185889,54.6056419590001,0
                124.819964467,54.605536595,0
                124.731906938,54.605442521,0
                124.619182011,54.6158890090001,0
                124.520557578,54.6157836450001,0
                124.365565037,54.626184978,0
                124.242265681,54.6436647800001,0
                124.133066818,54.650592729,0
                124.027390257,54.6575244420001,0
                123.893523997,54.6749929550001,0
                123.752605609,54.6994985440001,0
                123.632847369,54.699370603,0
                123.51661143,54.6992464240001,0
                123.386312628,54.674451086,0
                123.248984274,54.635559017,0
                123.150374893,54.6213644490001,0
                123.030635468,54.6036250010001,0
                122.928503786,54.5894266710001,0
                122.833416706,54.5752358650001,0
                122.710147453,54.564537257,0
                122.636186654,54.5574136320001,0
                122.526991555,54.5608192810001,0
                122.375498737,54.592358183,0
                122.234557771,54.63799758,0
                122.153537318,54.644955634,0
                122.040786051,54.68005823,0
                121.921008996,54.6975417950001,0
                121.81181766,54.697425143,0
                121.688537118,54.6972934390001,0
                121.586412961,54.676050505,0
                121.498400587,54.6336888160001,0
                121.417451631,54.5737231480001,0
                121.329458072,54.5137499530001,0
                121.237927161,54.4678622010001,0
                121.156978204,54.4078965320001,0
                121.05840269,54.362001252,0
                120.966852963,54.3337250060001,0
                120.861221558,54.2983891050001,0
                120.780253786,54.256034942,0
                120.709860444,54.206647466,0
                120.639485917,54.1396484840001,0
                120.572626165,54.079697868,0
                120.477603056,54.005627942,0
                120.44241391,53.973889602,0
                120.428403728,53.8999062250001,0
                120.428486515,53.8224155990001,0
                120.428558011,53.7554918770001,0
                120.423376159,53.6603841,0
                120.378537375,53.594292975,0
                120.333692946,53.533485302,0
                120.29410657,53.4964588060001,0
                120.233386386,53.459409732,0
                120.164741024,53.4223521920001,0
                120.098737388,53.385297473,0
                120.0353783,53.3456038520001,0
                119.990531049,53.2874379040001,0
                119.958906539,53.2160774380001,0
                119.953690821,53.152670372,0
                119.964328281,53.0866385140001,0
                119.985535466,53.01797622,0
                120.022584539,52.957256036,0
                120.072828131,52.9097585920001,0
                120.117757227,52.891314488,0
                120.186459034,52.8755375110001,0
                120.284191603,52.8862088380001,0
                120.363417979,52.9100690380001,0
                120.403012823,52.939170356,0
                120.445277614,52.9418572370001,0
                120.495484518,52.928702231,0
                120.508772169,52.8547480170001,0
                120.503525407,52.8203999360001,0
                120.452307186,52.7787808800001,0
                120.405866216,52.741043737,0
                120.347779291,52.7119226630001,0
                120.292339736,52.677520959,0
                120.170921946,52.5822890050001,0
                120.065303711,52.5346250490001,0
                119.970269313,52.4711220280001,0
                119.869928885,52.4287471690001,0
                119.785444457,52.381105791,0
                119.700971317,52.3228975100001,0
                119.62712529,52.2083437000001,0
                119.577877044,52.1484118970001,0
                119.479357974,52.049682101,0
                119.338533661,51.9861301600001,0
                119.187112339,51.9507453410001,0
                119.032157429,51.9259236610001,0
                118.894802734,51.9116877010001,0
                118.75391445,51.9080148800001,0
                118.64469301,51.936076637,0
                118.517875115,51.9500303740001,0
                118.391072273,51.949894908,0
                118.2396359,51.928599293,0
                118.109397305,51.847447135,0
                117.950976538,51.769787175,0
                117.824245192,51.7027279850001,0
                117.686882971,51.695536626,0
                117.567102154,51.716542492,0
                117.436746906,51.744581672,0
                117.324029505,51.7479835570001,0
                117.243024104,51.740852407,0
                117.144489982,51.6562118150001,0
                117.045948335,51.578615825,0
                116.929765078,51.529179431,0
                116.838192773,51.522036991,0
                116.760694621,51.5289988070001,0
                116.69018839,51.5852803670001,0
                116.612626267,51.652121304,0
                116.55268694,51.708414152,0
                116.478696037,51.729468936,0
                116.411757263,51.7434866450001,0
                116.274368702,51.7609513940001,0
                116.203967834,51.71860852,0
                116.094851757,51.6480458450001,0
                115.989175195,51.6549775570001,0
                115.936303048,51.6901441250001,0
                115.915124086,51.7323891610001,0
                115.932652806,51.809898602,0
                115.992467955,51.8698416930001,0
                116.083946185,51.965041662,0
                116.193028395,52.067305048,0
                116.333800028,52.180169205,0
                116.453464193,52.2683546760001,0
                116.622417997,52.377726635,0
                116.742067111,52.4800013110001,0
                116.85116061,52.571697794,0
                116.970824776,52.6598832650001,0
                117.118671114,52.744576538,0
                117.220727536,52.8292208930001,0
                117.357999445,52.9209474800001,0
                117.357886556,53.0266165150001,0
                117.276854813,53.0441414730001,0
                117.188797284,53.044047398,0
                117.079605948,53.0439307460001,0
                116.973936912,53.043817856,0
                116.868260351,53.0507495700001,0
                116.759023858,53.092900532,0
                116.695573519,53.1386227140001,0
                116.660297825,53.1878973,0
                116.660211277,53.268910227,0
                116.631983948,53.3146700390001,0
                116.550925866,53.356851104,0
                116.462868336,53.35675703,0
                116.371288506,53.3566591920001,0
                116.286821011,53.2931674600001,0
                116.174171343,53.233167924,0
                116.089700085,53.173198492,0
                116.012337401,53.0533574670001,0
                115.934970953,52.9370387430001,0
                115.850563666,52.8171901910001,0
                115.755604528,52.6832411450001,0
                115.674681913,52.5986193690001,0
                115.558558863,52.492826155,0
                115.435342292,52.43281533,0
                115.319155272,52.3869012370001,0
                115.181830681,52.3444868670001,0
                115.02687577,52.3196651870001,0
                114.903617807,52.298399676,0
                114.790911695,52.2912346590001,0
                114.688764961,52.2911255320001,0
                114.540835837,52.283922884,0
                114.480994347,52.248635902,0
                114.400060442,52.174581028,0
                114.319164168,52.0653031430001,0
                114.326314133,51.966686237,0
                114.347568355,51.8539951770001,0
                114.34770006,51.730714635,0
                114.347884447,51.5581218780001,0
                114.330378304,51.459478629,0
                114.27407793,51.4065839040001,0
                114.203699639,51.3431072240001,0
                114.119209567,51.300749297,0
                114.034693154,51.2830474800001,0
                113.978347624,51.272420369,0
                113.911431427,51.2653042700001,0
                113.830422263,51.2616954200001,0
                113.749413099,51.258086571,0
                113.668434039,51.226299311,0
                113.598033171,51.1839564380001,0
                113.52412129,51.131042898,0
                113.474865519,51.078155698,0
                113.43972153,51.004149743,0
                113.379932721,50.919550545,0
                113.316599034,50.8560813890001,0
                113.253235242,50.8207906440001,0
                113.140547945,50.7960141200001,0
                113.052509231,50.7783085400001,0
                112.943344235,50.7535357790001,0
                112.848264681,50.7323003720001,0
                112.788426953,50.6934910890001,0
                112.746219546,50.637089114,0
                112.746287281,50.5736876930001,0
                112.728807479,50.4503883360001,0
                112.700711855,50.372867607,0
                112.623337882,50.2635934840001,0
                112.56001172,50.1930797270001,0
                112.457932719,50.12956918,0
                112.352301313,50.094233279,0
                112.274840792,50.0659720840001,0
                112.190346956,50.0271364590001,0
                112.11992351,50.005927392,0
                112.049518879,49.96710682,0
                111.979155642,49.8895409340001,0
                111.92640391,49.811993864,0
                111.922968157,49.730977174,0
                111.912546128,49.595357289,0
                112.324655366,49.5957975580001,0
                112.36686089,49.653960682,0
                112.430190815,49.7209521390001,0
                112.518195663,49.77035843,0
                112.651997953,49.8127690370001,0
                112.750611096,49.823441304,0
                112.873902926,49.8130061050001,0
                112.979571962,49.8131189950001,0
                113.032421532,49.7990862340001,0
                113.064174924,49.7498078850001,0
                113.004352248,49.6969093960001,0
                112.937500023,49.629914177,0
                112.86711797,49.5699597970001,0
                112.800250692,49.5170537830001,0
                112.705246397,49.4253723520001,0
                112.603167397,49.361861805,0
                112.501103448,49.284262052,0
                112.451840151,49.238419455,0
                112.399103471,49.1467831800001,0
                112.328710128,49.0973957040001,0
                112.237175453,49.0550302520001,0
                112.145595623,49.0549324150001,0
                112.092738528,49.0760097770001,0
                112.06800716,49.146429459,0
                112.071473015,49.19926774,0
                112.106650872,49.2415729840001,0
                112.15941013,49.312075453,0
                112.201636351,49.350865922,0
                112.25439561,49.4213683890001,0
                112.277241649,49.467182764,0
                111.857069218,49.4691724950001,0
                111.807971216,49.395354748,0
                111.736743396,49.302818142,0
                111.649676508,49.1996976990001,0
                111.554681622,49.099210515,0
                111.454383527,49.017209768,0
                111.380418025,49.0144890190001,0
                111.290610634,49.0038261600001,0
                111.243093435,48.972074649,0
                111.169158977,48.940294915,0
                111.10843597,48.905887568,0
                111.037131949,48.8846775600001,0
                110.963163625,48.884598537,0
                110.926162529,48.9004093820001,0
                110.915556114,48.937382255,0
                110.928711121,48.987589158,0
                110.963008402,49.029893461,0
                110.997322616,49.0563474090001,0
                111.044836992,49.090740646,0
                111.113482355,49.1277981870001,0
                111.097555798,49.1991078520001,0
                111.044630969,49.2835866360001,0
                110.946839134,49.3283915530001,0
                110.84906141,49.35998784,0
                110.746005878,49.3862950330001,0
                110.627131035,49.3835263060001,0
                110.526748274,49.3807773350001,0
                110.442232801,49.362194942,0
                110.312819277,49.3329976690001,0
                110.24153219,49.295937306,0
                110.143793976,49.290549432,0
                110.054059963,49.2112016990001,0
                110.003949016,49.134538025,0
                109.996125439,49.0394274270001,0
                109.967165232,48.9469359770001,0
                109.906495849,48.8623358360001,0
                109.856413124,48.759254905,0
                109.777234726,48.690485365,0
                109.700712164,48.6085100180001,0
                109.616250314,48.5397348330001,0
                109.537091671,48.452473212,0
                109.428823243,48.4127316120001,0
                109.346929741,48.4126441220001,0
                109.278219468,48.436346277,0
                109.238534312,48.4917801880001,0
                109.217335594,48.552517305,0
                109.193500794,48.6079681480001,0
                109.135337669,48.650173673,0
                109.045518989,48.650077718,0
                108.974226257,48.618300806,0
                108.902922236,48.5970907990001,0
                108.794634052,48.5758412810001,0
                108.678443269,48.533449488,0
                108.570188952,48.4804992580001,0
                108.490965398,48.4539973330001,0
                108.395919711,48.401061215,0
                108.300862735,48.3586920000001,0
                108.195247322,48.3083863190001,0
                108.086978894,48.2686447190001,0
                108.015643828,48.276493696,0
                107.899396601,48.2869364220001,0
                107.796335424,48.3185270650001,0
                107.688004908,48.3369034340001,0
                107.608767242,48.323610138,0
                107.537468866,48.2971166790001,0
                107.431822408,48.2758699820001,0
                107.339362002,48.2757712040001,0
                107.233653456,48.312642478,0
                107.135855975,48.3627308470001,0
                107.06979025,48.3837940980001,0
                107.040669176,48.4418810230001,0
                107.067018701,48.5053106660001,0
                107.093379516,48.558173406,0
                107.085364027,48.642700168,0
                107.058876212,48.708715092,0
                106.984896598,48.719202974,0
                106.895069451,48.727032195,0
                106.821064438,48.7612956090001,0
                106.79720706,48.8378802600001,0
                106.773383549,48.8827641990001,0
                106.76804083,48.938234799,0
                106.770609178,49.006922494,0
                106.773146481,49.104669174,0
                106.709682971,49.1627194100001,0
                106.627772534,49.1784822760001,0
                106.551154018,49.1863256080001,0
                106.474527033,49.202094119,0
                106.395235746,49.238993614,0
                106.318589005,49.273254206,0
                106.276279058,49.312834939,0
                106.292064502,49.3736115680001,0
                106.34220085,49.4264997080001,0
                106.347427856,49.47933987,0
                106.342073848,49.5453773720001,0
                106.371067922,49.6061681130001,0
                106.418551254,49.6696203340001,0
                106.508316312,49.719909081,0
                106.608665206,49.7543587640001,0
                106.727537227,49.7597692150001,0
                106.8437647,49.7678185710001,0
                106.946763786,49.794345897,0
                107.03919597,49.820861935,0
                107.115763687,49.860569668,0
                107.231957293,49.900319734,0
                107.369327038,49.90046649,0
                107.533111221,49.903283195,0
                107.6942565,49.903455351,0
                107.865943282,49.927414329,0
                107.97685908,49.9618753,0
                108.053415509,50.0121499360001,0
                108.095606922,50.0835216900001,0
                108.10872524,50.1680710300001,0
                108.111285122,50.2446839040001,0
                108.074236048,50.305404088,0
                108.047770811,50.350285205,0
                107.955245494,50.410946122,0
                107.836317029,50.4583701870001,0
                107.720041579,50.495230172,0
                107.632819468,50.5374046520001,0
                107.529766759,50.561070118,0
                107.455778679,50.579483177,0
                107.373882354,50.5820374130001,0
                107.302513421,50.621587101,0
                107.262836733,50.669095833,0
                107.320872858,50.7457679730001,0
                107.371009205,50.798656114,0
                107.468707907,50.8410281500001,0
                107.582245675,50.8939840240001,0
                107.714278347,50.944317928,0
                107.864811567,50.986746409,0
                108.010041579,51.0476613270001,0
                108.123590636,51.0900502980001,0
                108.229194761,51.150922882,0
                108.242352589,51.1984880590001,0
                108.213234337,51.2539332580001,0
                108.157724227,51.2855747020001,0
                108.091672613,51.293429324,0
                108.015062562,51.293347479,0
                107.901488106,51.274734042,0
                107.811680714,51.2640711820001,0
                107.721912834,51.2164241610001,0
                107.603071858,51.181954723,0
                107.500069949,51.1580691230001,0
                107.418165158,51.168548537,0
                107.354763736,51.1684808040001,0
                107.293987108,51.184266248,0
                107.280719211,51.23972838,0
                107.293877041,51.2872935570001,0
                107.370444758,51.3270012900001,0
                107.476065816,51.37202352,0
                107.605462406,51.41707115,0
                107.729578366,51.4594714090001,0
                107.895942185,51.5204089050001,0
                108.033261132,51.568106727,0
                108.175838129,51.6395857260001,0
                108.146700122,51.713523007,0
                108.030467005,51.7107571020001,0
                107.908950436,51.7079855540001,0
                107.811198112,51.7158063090001,0
                107.673822722,51.720943005,0
                107.568150864,51.723471841,0
                107.446631474,51.723342018,0
                107.362079312,51.739102061,0
                107.385770178,51.8183792390001,0
                107.427981347,51.871258912,0
                107.496632353,51.9030330000001,0
                107.631298284,51.9612949040001,0
                107.765969859,52.014273356,0
                107.905936176,52.0566905480001,0
                108.037966025,52.1096661780001,0
                108.159431794,52.1599887930001,0
                108.296745095,52.2129700660001,0
                108.465770395,52.255418304,0
                108.605745178,52.2899103180001,0
                108.751014702,52.313841074,0
                108.901536633,52.3668364600001,0
                109.015102623,52.3933750750001,0
                109.152458259,52.4067304590001,0
                109.273980471,52.404218557,0
                109.414020165,52.3779508760001,0
                109.511795068,52.348996314,0
                109.588455919,52.3015270930001,0
                109.659819207,52.2672608570001,0
                109.762866272,52.2488788430001,0
                109.887024566,52.251653214,0
                110.00324075,52.270269473,0
                110.111514822,52.304727622,0
                110.225063879,52.3471165920001,0
                110.38085515,52.4133262510001,0
                110.481178645,52.4715514650001,0
                110.570932414,52.5324071160001,0
                110.621094161,52.5615197230001,0
                110.750468174,52.6277011600001,0
                110.813810327,52.683245137,0
                110.752968788,52.759790277,0
                110.702725196,52.80728772,0
                110.623453664,52.8256951340001,0
                110.488736933,52.8149842970001,0
                110.398938007,52.7963962600001,0
                110.256298921,52.7830352290001,0
                110.132137804,52.782902585,0
                110.050235835,52.7907402720001,0
                109.973574984,52.8382094940001,0
                109.907503615,52.8645561970001,0
                109.815012164,52.8935164040001,0
                109.68292587,52.893375292,0
                109.521780591,52.8932031360001,0
                109.387052571,52.893059201,0
                109.236474196,52.8928983340001,0
                109.101746176,52.8927544000001,0
                108.943259556,52.876734711,0
                108.729316449,52.8421636730001,0
                108.581416487,52.8076631910001,0
                108.454661623,52.7626183840001,0
                108.346370618,52.7440105920001,0
                108.230165723,52.714827428,0
                108.119238636,52.6909333620001,0
                107.944935528,52.643196028,0
                107.773291079,52.579611162,0
                107.638647726,52.500215451,0
                107.504021306,52.4049693850001,0
                107.366736227,52.325570853,0
                107.210970356,52.2355856610001,0
                107.078977195,52.148267595,0
                106.925869984,52.0424348700001,0
                106.799182852,51.933988642,0
                106.675134626,51.828186961,0
                106.548453139,51.71445728,0
                106.450777015,51.6509514360001,0
                106.363653683,51.600665511,0
                106.265957803,51.555651749,0
                106.170881072,51.5317746150001,0
                106.091663162,51.4999892380001,0
                105.959630491,51.4496553340001,0
                105.861928966,51.409925023,0
                105.748396843,51.3516856970001,0
                105.634867541,51.290804646,0
                105.537191416,51.2272988020001,0
                105.43687921,51.158506684,0
                105.362970153,51.102951418,0
                105.299675976,51.0024981010001,0
                105.225800785,50.915242124,0
                105.20735386,50.872954754,0
                105.188966202,50.7751911400001,0
                105.173203336,50.6932807050001,0
                105.141592936,50.6087116100001,0
                105.102953928,50.5091652090001,0
                105.011298837,50.579513395,0
                104.898517466,50.6427944000001,0
                104.736446456,50.6848889180001,0
                104.574420602,50.6847158210001,0
                104.377171735,50.684505093,0
                104.222190483,50.6843395230001,0
                103.975595535,50.715776825,0
                103.771302066,50.7155585720001,0
                103.630353574,50.768242571,0
                103.595010147,50.8809185790001,0
                103.785109047,50.9797462120001,0
                104.003386357,51.0786039500001,0
                104.306251576,51.128239783,0
                104.630220499,51.206076603,0
                104.98239041,51.2628097190001,0
                105.285218,51.3476685640001,0
                105.623170764,51.5241448690001,0
                105.918931174,51.6301299950001,0
                106.179461046,51.7431220930001,0
                106.390641072,51.891284521,0
                106.468056438,51.96181333,0
                106.573424435,52.2437103140001,0
                106.636554921,52.497383733,0
                106.537862755,52.560679791,0
                106.368814876,52.5393653610001,0
                106.220953486,52.4687612920001,0
                106.221126583,52.306735438,0
                106.164882654,52.201006195,0
                106.108631199,52.1023215540001,0
                105.953823044,51.9401301280001,0
                105.756672015,51.8483395710001,0
                105.5453791,51.8058461780001,0
                105.327034057,51.7703898620001,0
                105.066421399,51.73488839,0
                104.911462725,51.7135890110001,0
                104.629761416,51.6357973470001,0
                104.340962824,51.6073103730001,0
                104.059141099,51.6422323460001,0
                103.847750346,51.691318784,0
                103.685732018,51.6841010850001,0
                103.502609986,51.6486823980001,0
                103.305368646,51.641427069,0
                103.150312135,51.7117075210001,0
                103.171333053,51.8173991350001,0
                103.234651689,51.894957495,0
                103.361371745,51.9725835880001,0
                103.502181007,52.0502247330001,0
                103.846914965,52.4732696460001,0
                104.107459889,52.5721725400001,0
                104.36099784,52.635844896,0
                104.515873729,52.7346349000001,0
                104.755262268,52.854649023,0
                105.008755064,52.9605889920001,0
                105.191899673,52.974873872,0
                105.311612757,53.017269427,0
                105.367834108,53.1441324780001,0
                105.304349902,53.22155537,0
                105.205710417,53.235539212,0
                105.092940335,53.288253313,0
                105.057540463,53.453763839,0
                104.923685492,53.460665448,0
                104.585544579,53.460304202,0
                104.261507922,53.445868804,0
                104.085392863,53.445680655,0
                103.930419137,53.4384704810001,0
                103.82679124,53.505988029,0
                103.894977873,53.6427263200001,0
                104.000609278,53.6780622210001,0
                104.155530322,53.7345846110001,0
                104.399604111,53.78767994,0
                104.410084466,53.868704156,0
                104.38536815,53.925034634,0
                104.197542054,53.9741462470001,0
                104.042485543,54.0444267,0
                103.83105716,54.1287361490001,0
                103.668903364,54.2483212920001,0
                103.542130626,54.2200074150001,0
                103.401163319,54.29030292,0
                103.245993918,54.4662524080001,0
                103.12618676,54.511914382,0
                102.985343631,54.4659739470001,0
                102.858646152,54.3672140470001,0
                102.767201789,54.2403133670001,0
                102.689786422,54.1697845580001,0
                102.443255443,54.14134274,0
                102.344608433,54.1623711840001,0
                102.239786227,54.165417124,0
                102.178894706,54.3171755760001,0
                102.302084936,54.4018425080001,0
                102.203317509,54.53558459,0
                102.062289995,54.6622369130001,0
                101.865018551,54.6831599930001,0
                101.562248259,54.544667098,0
                101.378879371,54.546614608,0
                101.103920748,54.6225536860001,0
                101.017539853,54.6447471270001,0
                100.684987448,54.738256214,0
                100.518411685,54.8216773090001,0
                100.447959872,54.947502596,0
                100.663593995,54.9812724180001,0
                100.748087831,55.0201080420001,0
                100.762113065,55.080002214,0
                100.698613806,55.1715143110001,0
                100.575321976,55.18194951,0
                100.508443409,55.139610399,0
                100.346432607,55.1253480980001,0
                100.212585163,55.125205104,0
                100.075219179,55.1215360470001,0
                99.9378494330001,55.1213892910001,0
                99.804001988,55.1212462980001,0
                99.655997605,55.1844896740001,0
                99.4881597410001,55.2559107230001,0
                99.3283219950001,55.2792418490001,0
                99.205067795,55.254454036,0
                99.1311408620001,55.2156297000001,0
                99.106548725,55.1557242390001,0
                99.138332221,55.0782674800001,0
                99.2052898100001,55.046638267,0
                99.342678371,55.0291735170001,0
                99.4906564140001,54.9905862480001,0
                99.5470132330001,54.990646456,0
                99.69501009,54.934447683,0
                99.885349821,54.8078480410001,0
                99.9981688220001,54.709344023,0
                100.195455318,54.6743317390001,0
                100.378614979,54.6745274130001,0
                100.554760142,54.6465371530001,0
                100.783781215,54.579858024,0
                100.948496903,54.5345736950001,0
                101.17463119,54.4724039060001,0
                101.358085642,54.4219678370001,0
                101.520194282,54.344650308,0
                101.738704896,54.225125372,0
                101.907812982,54.1900829840001,0
                102.013489543,54.1831512700001,0
                102.073610539,54.1901408950001,0
                102.112223102,54.081109901,0
                102.04894586,53.9648062270001,0
                102.063110324,53.8943752550001,0
                102.091363993,53.823959336,0
                102.295740248,53.7466869630001,0
                102.549368511,53.7258240900001,0
                102.690335817,53.6555285860001,0
                102.782081218,53.500645171,0
                102.732899766,53.378192524,0
                102.648474605,53.275074902,0
                102.690840056,53.183540227,0
                102.902253387,53.1133199830001,0
                103.071399103,53.0430545820001,0
                103.075038057,52.933867008,0
                103.071598541,52.8563726190001,0
                103.096360012,52.757774527,0
                103.170350915,52.736719743,0
                103.318291328,52.733355487,0
                103.515638031,52.6419863830001,0
                103.614330198,52.5786903250001,0
                103.705966474,52.5259536450001,0
                103.413999299,52.1663665980001,0
                103.227238314,52.2401354840001,0
                103.065235038,52.21882858,0
                102.882113007,52.183409893,0
                102.67057926,52.3663437760001,0
                102.430867106,52.5492475550001,0
                102.205304362,52.6758095660001,0
                102.000913057,52.767171144,0
                101.73312033,52.858464989,0
                101.458230318,52.9990635240001,0
                101.281949688,53.153856627,0
                101.211353145,53.294673414,0
                101.084475043,53.36498397,0
                100.971663568,53.456443386,0
                100.851792439,53.56198448,0
                100.696705823,53.6604433420001,0
                100.506441352,53.7165969590001,0
                100.302065098,53.793869333,0
                100.07658514,53.8429407190001,0
                99.8017675670001,53.9157349560001,0
                99.61855052,53.9692543740001,0
                99.4775756870001,54.0465944810001,0
                99.2662300910001,54.0534133040001,0
                99.054869442,54.0743213330001,0
                98.8998355080001,54.1234679780001,0
                98.7869939300001,54.243105803,0
                98.7022705510001,54.4191305510001,0
                98.6457105320001,54.609274606,0
                98.569823011,54.757130352,0
                98.4851918270001,54.8468587200001,0
                98.4164448650001,54.904903312,0
                98.3423862290001,54.9893595170001,0
                98.2049148820001,55.0843148930001,0
                98.04634924,55.142263529,0
                97.8824888570001,55.210773423,0
                97.6869954970001,55.2158480300001,0
                97.5337584630001,55.231534696,0
                97.4017060350001,55.1996928730001,0
                97.285605564,55.072765852,0
                97.1589494770001,54.935260639,0
                97.0691872410001,54.882330166,0
                96.8948728440001,54.845159736,0
                96.6835799290001,54.8026663430001,0
                96.5092316660001,54.797196623,0
                96.3137721720001,54.770570519,0
                96.150007745,54.7492617330001,0
                96.0602116430001,54.7280319700001,0
                95.880670239,54.6380213780001,0
                95.685227679,54.595544918,0
                95.521457608,54.5795195850001,0
                95.4157659940001,54.6005405020001,0
                95.315374766,54.605716709,0
                95.1727328570001,54.5949974050001,0
                95.2258044430001,54.373148875,0
                95.252407969,54.1988231890001,0
                95.1732916600001,54.0719356800001,0
                95.0730528330001,53.9344586890001,0
                94.9040444650001,53.876160096,0
                94.7139022900001,53.8178389270001,0
                94.566005153,53.7806967180001,0
                94.349423141,53.743481133,0
                94.206944922,53.579541727,0
                94.1066496490001,53.4948992540001,0
                93.974608511,53.452490529,0
                93.8267113730001,53.4153483210001,0
                93.6523687530001,53.40459515,0
                93.520372771,53.3199188090001,0
                93.3619990400001,53.198230085,0
                93.2088297390001,53.1505153300001,0
                93.045048379,53.1450568990001,0
                92.9604567060001,53.1978011050001,0
                92.976177238,53.319337429,0
                92.9179746020001,53.3985271170001,0
                92.8650384840001,53.4935728040001,0
                92.9441886600001,53.588759603,0
                93.0286561550001,53.6522513360001,0
                93.0602665540001,53.7368204310001,0
                93.028458598,53.837172148,0
                92.996681687,53.9084648800001,0
                93.007132879,54.0167869300001,0
                93.012235708,54.1858630310001,0
                92.9381601380001,54.2861695920001,0
                92.8746345390001,54.4023377980001,0
                92.8480592340001,54.550246224,0
                92.7686889240001,54.661114045,0
                92.6893524800001,54.740281155,0
                92.5783153260001,54.8194143970001,0
                92.499001461,54.8774476990001,0
                92.3879925290001,54.930163683,0
                92.308571418,55.088582569,0
                92.1499888420001,55.16238156,0
                91.970328904,55.183323455,0
                91.8593369060001,55.220189083,0
                91.8117011730001,55.2993900600001,0
                91.8591845050001,55.362842281,0
                91.9489298070001,55.43162311,0
                91.9964187840001,55.48979188,0
                92.0597919830001,55.516276873,0
                92.149559863,55.563923894,0
                92.197009328,55.659076826,0
                92.265643401,55.706701271,0
                92.3289150000001,55.8282883950001,0
                92.3182239180001,55.9445130450001,0
                92.5136156770001,56.034540571,0
                92.6509289780001,56.087521844,0
                92.8093930200001,56.1246753410001,0
                92.978457833,56.130139415,0
                93.152817385,56.1250422320001,0
                93.2796540950001,56.0934769880001,0
                93.4541096040001,55.998561124,0
                93.6550162380001,55.8719727710001,0
                93.7818981030001,55.7981399130001,0
                93.956314101,55.740208211,0
                94.1888706460001,55.661204791,0
                94.4266937090001,55.598057371,0
                94.638054357,55.577149343,0
                94.8388593910001,55.5456631230001,0
                95.0766090770001,55.5512005750001,0
                95.2932193110001,55.561998902,0
                95.430589056,55.5621456580001,0
                95.599710314,55.514775215,0
                95.7794323400001,55.4357153500001,0
                95.9221024720001,55.420017396,0
                95.9907817010001,55.425374226,0
                96.1122051350001,55.515322729,0
                96.122687371,55.5945857940001,0
                96.1384248370001,55.700271763,0
                96.1171386300001,55.8429023830001,0
                96.2174056800001,55.9539621150001,0
                96.238398374,56.086070987,0
                96.1802013830001,56.1599772230001,0
                96.1483990710001,56.2550454880001,0
                96.2011376340001,56.3449206130001,0
                96.3331279720001,56.4348804040001,0
                96.4492453770001,56.5459570690001,0
                96.449132488,56.651626105,0
                96.380402459,56.693820341,0
                96.285277749,56.7148525480001,0
                96.1161903590001,56.7305222800001,0
                96.0685828490001,56.7833059980001,0
                96.0684981810001,56.862557774,0
                96.015528196,56.9893041720001,0
                95.9573481370001,57.047360052,0
                95.8463617840001,57.0789422290001,0
                95.7459762000001,57.0788349840001,0
                95.6139181280001,57.0522766130001,0
                95.5452784110001,57.0099356210001,0
                95.508418427,56.8936601710001,0
                95.5084918050001,56.824975298,0
                95.4451468280001,56.772073047,0
                95.3447838230001,56.7508319950001,0
                95.2285196610001,56.7771250750001,0
                95.1544892470001,56.8351640230001,0
                95.085742285,56.8932086140001,0
                95.0539794860001,56.9512927170001,0
                95.00636633,57.009359885,0
                94.921757724,57.0779544470001,0
                94.8107657250001,57.1148200760001,0
                94.720947046,57.1147241200001,0
                94.6840475500001,57.035432832,0
                94.684199951,56.8927796340001,0
                94.7212970020001,56.78715011,0
                94.7214832700001,56.612796202,0
                94.7216413150001,56.4648595520001,0
                94.6583245610001,56.3855400420001,0
                94.499860519,56.348386545,0
                94.3571790990001,56.3746514040001,0
                94.1511188360001,56.379714721,0
                94.029543,56.4324194160001,0
                93.9132280380001,56.5062635630001,0
                93.8391524690001,56.606570123,0
                93.839022646,56.728089514,0
                93.8388758900001,56.8654592600001,0
                93.817600971,56.997522976,0
                93.7382532390001,57.0872569900001,0
                93.6219890770001,57.11355007,0
                93.468768976,57.1133863800001,0
                93.36309994,57.113273491,0
                93.246892223,57.086732054,0
                93.1571243440001,57.0390850320001,0
                93.0779741680001,56.9438982340001,0
                92.9777409850001,56.801137791,0
                92.9038799050001,56.700673184,0
                92.7824451810001,56.6212915850001,0
                92.650404043,56.578882859,0
                92.4708118390001,56.5364233330001,0
                92.3598649960001,56.531021347,0
                92.2172456650001,56.4991682360001,0
                92.1010379480001,56.4726267980001,0
                92.0377437720001,56.3721734820001,0
                91.9691379220001,56.2981317790001,0
                91.8741091680001,56.229345305,0
                91.6732702670001,56.292532237,0
                91.5041433650001,56.345186131,0
                91.187057236,56.4188157880001,0
                90.827703494,56.492400289,0
                90.6057533640001,56.5344308360001,0
                90.1724200070001,56.6185032170001,0
                89.8764563970001,56.702722355,0
                89.71767062,56.9667256100001,0
                89.4640310680001,56.9981553860001,0
                89.199824613,57.0295738730001,0
                88.851116796,57.0292013380001,0
                88.4600736310001,57.092185069,0
                88.1219214290001,57.1023907260001,0
                87.8683947660001,57.028151467,0
                87.551477972,56.9432775700001,0
                87.3190964060001,56.8584939850001,0
                87.0021118780001,56.8370215100001,0
                86.790751228,56.8579295380001,0
                86.4736651000001,56.931559195,0
                86.1459104680001,57.100279695,0
                85.966160217,57.205756819,0
                85.7017279830001,57.4485133760001,0
                85.3951410240001,57.585555743,0
                85.1202999320001,57.680364362,0
                84.771546959,57.7222594420001,0
                84.4651067570001,57.7219320630001,0
                84.0953328670001,57.6581355280001,0
                83.7572935540001,57.5626721500001,0
                83.3769753380001,57.4777305200001,0
                82.9861466630001,57.339943084,0
                82.584852685,57.107042226,0
                82.141212071,56.948064538,0
                81.708081915,56.841932656,0
                81.0953595550001,56.6933412480001,0
                80.6938397980001,56.671778461,0
                80.3979213430001,56.713729985,0
                80.1126036590001,56.723992088,0
                79.6687259760001,56.786919373,0
                79.3833970030001,56.807748379,0
                79.0876027260001,56.7334639640001,0
                78.6965482730001,56.8070145980001,0
                78.4112305880001,56.8172767,0
                78.1788038660001,56.774760729,0
                77.9991439280001,56.795702625,0
                77.5975677270001,56.8269743550001,0
                77.0903676460001,56.8158655830001,0
                76.466954204,56.783498825,0
                76.0126563740001,56.7090450750001,0
                75.5687448250001,56.803673072,0
                75.1988354680001,56.8666793800001,0
                74.9028605680001,56.9614654220001,0
                74.638597668,57.0457184270001,0
                74.353189672,57.140515758,0
                74.0255817950001,57.1718665110001,0
                73.6346628090001,57.1186143030001,0
                73.2331430520001,57.0970515160001,0
                72.8633240070001,57.075522596,0
                72.430137406,57.022225232,0
                71.9546267470001,57.021717229,0
                71.58481899,56.9896214070001,0
                71.109251885,57.0419479220001,0
                70.602006648,57.073106764,0
                70.1475169070001,57.1782903750001,0
                69.7141496840001,57.2940634670001,0
                69.2491269050001,57.3675350780001,0
                68.826383031,57.4304849420001,0
                68.3614392740001,57.4299882290001,0
                67.9493187470001,57.4401148640001,0
                67.5054410650001,57.5030421500001,0
                67.1461776340001,57.492091422,0
                66.5966422050001,57.5443389150001,0
                66.0471632210001,57.5437518900001,0
                65.6245661020001,57.469332008,0
                65.3606305810001,57.2471448110001,0
                65.0860039780001,57.1411822630001,0
                64.8113322200001,57.0774873290001,0
                64.4310140040001,56.9925456990001,0
                64.008416885,56.918125817,0
                63.5435634410001,56.833093875,0
                63.0786874190001,56.76919574,0
                62.7828141200001,56.76887965,0
                62.465919903,56.6628719460001,0
                62.1278805900001,56.5674085680001,0
                61.842687083,56.461434732,0
                61.5260299350001,56.1335220540001,0
                61.304395895,55.8796793010001,0
                61.0476592580001,55.513085281,0
                60.8927871330001,55.410772976,0
                60.7625356990001,55.341638888,0
                60.604135296,55.2449162560001,0
                60.4140627370001,55.121432514,0
                60.2450901170001,55.029672061,0
                60.100758554,54.952027152,0
                59.9669976590001,54.8708712320001,0
                59.7909465700001,54.8108039630001,0
                59.611376943,54.74721063,0
                59.4388331050001,54.701236328,0
                59.2909754770001,54.6271099590001,0
                59.179220496,54.5539027350001,0
                59.1000072910001,54.517714481,0
                59.0313224170001,54.517641102,0
                58.935339711,54.517538561,0
                59.023269299,54.637390876,0
                59.1240172560001,54.7144962150001,0
                59.216837818,54.785534489,0
                59.4138684320001,54.9900386840001,0
                59.554655116,55.088813637,0
                59.6743079930001,55.1875660110001,0
                59.7586927020001,55.3285483700001,0
                59.9347174490001,55.4132717470001,0
                60.0402886470001,55.504964467,0
                60.0965250510001,55.617738312,0
                60.1807818180001,55.8784789110001,0
                60.2298532040001,56.1039588680001,0
                60.2718950400001,56.3153420950001,0
                60.2716993650001,56.4985017560001,0
                60.27150369,56.681661418,0
                60.271353171,56.8225534650001,0
                60.2149135670001,56.8999838830001,0
                60.151399256,57.005585185,0
                60.0808553950001,57.0970897560001,0
                60.0771058190001,57.258077201,0
                60.073472124,57.4140893360001,0
                60.0521576940001,57.5831372150001,0
                60.0329038830001,57.7585278550001,0
                60.0165884880001,57.9071512940001,0
                59.9529311850001,58.1466000400001,0
                59.9034082410001,58.3437962250001,0
                59.846780487,58.5973417020001,0
                59.8042344130001,58.857946833,0
                59.7195787690001,58.9705701600001,0
                59.6490198560001,59.0761639360001,0
                59.515029418,59.209868387,0
                59.4726865440001,59.2802692550001,0
                59.416186732,59.414056493,0
                59.4090518190001,59.498584195,0
                59.3173590980001,59.604155393,0
                59.2749785950001,59.709779272,0
                59.2747377640001,59.9352065480001,0
                59.2885936640001,60.153604273,0
                59.217914336,60.3719116870001,0
                59.2177412390001,60.5339375400001,0
                59.238739578,60.660762961,0
                59.3443484060001,60.7172326690001,0
                59.4218014030001,60.7525384670001,0
                59.534462359,60.8019710980001,0
                59.640071187,60.858440806,0
                59.6962624340001,61.013482266,0
                59.6749705820001,61.161396338,0
                59.653671204,61.316355012,0
                59.674631913,61.478403444,0
                59.709681828,61.6404669280001,0
                59.815207871,61.7744272620001,0
                59.82917666,61.8871559520001,0
                59.751543041,62.0209206120001,0
                59.5965091080001,62.0700672560001,0
                59.540024347,62.1897652900001,0
                59.518702391,62.36585777,0
                59.5607291740001,62.5913302020001,0
                59.623957498,62.7534237900001,0
                59.623724194,62.9718064630001,0
                59.5531201250001,63.1196678530001,0
                59.5530373400001,63.1971584780001,0
                59.545819641,63.359176807,0
                59.4963719570001,63.4859269680001,0
                59.4610435810001,63.584513771,0
                59.5032284100001,63.662049553,0
                59.6791929500001,63.803129749,0
                59.869318191,63.877301274,0
                59.9854412400001,63.9830944880001,0
                60.0805433720001,63.983196089,0
                60.2635675660001,64.1101946060001,0
                60.263443388,64.226430545,0
                60.185783428,64.3848513130001,0
                60.1222352510001,64.522153325,0
                60.206601145,64.68074719,0
                60.35447006,64.744306656,0
                60.512973614,64.7444759900001,0
                60.724210084,64.8398039,0
                60.9038474440001,64.839995813,0
                61.0940065520001,64.882466628,0
                61.337045334,64.8827262730001,0
                61.537703611,64.988609798,0
                61.6854370600001,65.178972107,0
                61.7380909550001,65.3480990080001,0
                61.825297591,65.452974587,0
                61.896391307,65.538472606,0
                62.044203779,65.654866591,0
                62.230855637,65.683244438,0
                62.308346263,65.683327223,0
                62.2952032090001,65.7486793640001,0
                62.29397756,65.7547737470001,0
                62.382231802,65.760896872,0
                62.482606097,65.7715710210001,0
                62.5935360070001,65.792823361,0
                62.695656399,65.8175885960001,0
                62.787217416,65.83529794,0
                62.8998821340001,65.8812082700001,0
                63.01605034,65.9447338700001,0
                63.1322034930001,66.0223486740001,0
                63.2448381090001,66.096437414,0
                63.346887005,66.1881263720001,0
                63.438376524,66.272759437,0
                63.5580557420001,66.3468557030001,0
                63.6777387220001,66.4174296680001,0
                63.8009477670001,66.484485094,0
                63.9347350050001,66.5409849060001,0
                64.065011229,66.5869140520001,0
                64.205843068,66.6434213900001,0
                64.364301466,66.685858339,0
                64.494600269,66.710653677,0
                64.6178431800001,66.7460083930001,0
                64.741089855,66.7778408080001,0
                64.860810465,66.813191761,0
                64.9735052880001,66.830923682,0
                65.0967707780001,66.8451445910001,0
                65.209469363,66.859354212,0
                65.322190527,66.8524300240001,0
                65.3046542810001,66.781965186,0
                65.280092247,66.693881316,0
                65.3399901820001,66.67633378,0
                65.4139585070001,66.6764128030001,0
                65.4949601450001,66.687066255,0
                65.639344389,66.715398947,0
                65.7626174050001,66.7225752530001,0
                65.9492880780001,66.7333415950001,0
                66.125399375,66.737052045,0
                66.262757832,66.7477657040001,0
                66.4247799230001,66.7514611020001,0
                66.630791957,66.7622481070001,0
                66.777002515,66.7588820030001,0
                66.8862013780001,66.7519540530001,0
                67.013004219,66.7520895210001,0
                67.1433368900001,66.7451841480001,0
                67.3018404420001,66.745353482,0
                67.502607847,66.749090273,0
                67.6928121110001,66.7492934740001,0
                67.886549965,66.7389335340001,0
                68.038054071,66.6968277290001,0
                68.1789724590001,66.6723221390001,0
                68.3410284170001,66.6443168270001,0
                68.5242181820001,66.616334092,0
                68.6193165510001,66.6199579940001,0
                68.8060060400001,66.61311283,0
                68.929294107,66.606199932,0
                69.091342539,66.5852392210001,0
                69.2075897670001,66.574796496,0
                69.330881597,66.5643612960001,0
                69.4893851510001,66.5645306310001,0
                69.619695242,66.578759066,0
                69.7464905590001,66.585939136,0
                69.855674369,66.5931003910001,0
                69.9895443920001,66.5721095760001,0
                70.113725265,66.55375014,0
                70.1903663590001,66.524773001,0
                70.269643536,66.501082135,0
                70.375312572,66.5011950240001,0
                70.512682317,66.5013417800001,0
                70.6289182560001,66.501465958,0
                70.7504376470001,66.501595781,0
                70.8719485710001,66.5096507820001,0
                70.9696952510001,66.5071134790001,0
                71.0885785610001,66.5019570270001,0
                71.1731250780001,66.491480435,0
                71.265585484,66.4915792140001,0
                71.3554041630001,66.4916751690001,0
                71.447858925,66.497057399,0
                71.5165691990001,66.4733552450001,0
                71.595860486,66.4364557490001,0
                71.649114824,66.388961522,0
                71.709513966,66.381100861,0
                71.7570622100001,66.3837933870001,0
                71.8098939050001,66.386491558,0
                71.8548117120001,66.378614359,0
                71.910307711,66.3601815440001,0
                71.952583792,66.3523015220001,0
                72.015965458,66.3708613370001,0
                72.0608522200001,66.3920431220001,0
                72.11366416,66.4132333740001,0
                72.192907469,66.421243218,0
                72.277479387,66.3869910940001,0
                72.38847703,66.3448420140001,0
                72.5232586720001,66.294793155,0
                72.6051803970001,66.2684633850001,0
                72.7373118470001,66.226336884,0
                72.832445023,66.1973794990001,0
                72.946075926,66.1631584190001,0
                73.083488005,66.1236792860001,0
                73.2526036180001,66.0815922950001,0
                73.408521889,66.028924289,0
                73.5617956140001,65.978895187,0
                73.712444544,65.9130129070001,0
                73.826083913,65.87086665,0
                73.968793556,65.8181845330001,0
                74.1062197470001,65.7654967710001,0
                74.2145615530001,65.736553498,0
                74.317622729,65.7049628550001,0
                74.410088779,65.6997781810001,0
                74.5236829930001,65.6998995370001,0
                74.6293576720001,65.694728975,0
                74.748238159,65.6922142490001,0
                74.85127958,65.679115687,0
                74.941109549,65.6686447390001,0
                74.988652148,65.676620717,0
                75.086356494,65.713709302,0
                75.2052087590001,65.737611836,0
                75.3161414910001,65.756222451,0
                75.4455550150001,65.7854197250001,0
                75.567063116,65.796116451,0
                75.6964681730001,65.8332389030001,0
                75.823259727,65.843941274,0
                75.9526760730001,65.8704968230001,0
                76.0767851790001,65.8917632430001,0
                76.1956612320001,65.92094926,0
                76.2933928510001,65.932509016,0
                76.3700029020001,65.9325908600001,0
                76.4545381300001,65.9326811720001,0
                76.5258647300001,65.9327573730001,0
                76.6183251350001,65.9328561510001,0
                76.697576912,65.932940817,0
                76.8190605630001,65.966524647,0
                76.916773376,65.9956880540001,0
                77.019763997,66.030140558,0
                77.1544525050001,66.0672686550001,0
                77.2864964660001,66.1070356550001,0
                77.43438796,66.1494613140001,0
                77.5717210170001,66.183950506,0
                77.687928733,66.2104919430001,0
                77.8094170790001,66.2396807520001,0
                77.9229746030001,66.2741445440001,0
                78.0233234980001,66.308594225,0
                78.1025526970001,66.3298126990001,0
                78.2398829320001,66.3669436180001,0
                78.342904596,66.372337137,0
                78.4697328400001,66.3486970710001,0
                78.567499275,66.327667687,0
                78.6916857910001,66.304024799,0
                78.8132334040001,66.277737363,0
                78.9294834550001,66.264652912,0
                79.0827346010001,66.235757617,0
                79.2227799390001,66.2042064840001,0
                79.3390441010001,66.177913404,0
                79.4579471660001,66.1542648710001,0
                79.5900503930001,66.1385556280001,0
                79.695744829,66.114892985,0
                79.8305010710001,66.0886196600001,0
                79.922967122,66.0834349850001,0
                80.002213253,66.0888031040001,0
                80.1025988380001,66.0889103490001,0
                80.197703791,66.0863702240001,0
                80.271672116,66.0864492470001,0
                80.3377152630001,66.0865198020001,0
                80.4301474470001,66.1130358400001,0
                80.564824667,66.1607308390001,0
                80.670457013,66.195186166,0
                80.7813643440001,66.237572314,0
                80.8870079800001,66.2614607350001,0
                81.0375468440001,66.298605766,0
                81.1352568350001,66.3304108990001,0
                81.243525263,66.370152498,0
                81.3834944010001,66.4099279660001,0
                81.5131716080001,66.433842064,0
                81.6713889010001,66.460428381,0
                81.7876050830001,66.47904464,0
                81.917024252,66.502958462,0
                81.9962647400001,66.5136100330001,0
                82.1468374710001,66.5190543520001,0
                82.2881924600001,66.5244888240001,0
                82.4189211250001,66.5325536720001,0
                82.551007419,66.5326947840001,0
                82.7253641500001,66.5302393250001,0
                82.844241815,66.530366326,0
                82.9525553980001,66.527840311,0
                83.0872918860001,66.520059067,0
                83.1850357440001,66.5201634900001,0
                83.2933493260001,66.5176374760001,0
                83.4095852660001,66.5177616550001,0
                83.5099764940001,66.512585448,0
                83.5998290410001,66.480980693,0
                83.7002456690001,66.4520289530001,0
                83.7742365720001,66.4309741690001,0
                83.8772836370001,66.4125921550001,0
                83.959208184,66.383620659,0
                84.0490409750001,66.3705079860001,0
                84.1414985590001,66.37324849,0
                84.2498036750001,66.378647653,0
                84.376586763,66.3972752010001,0
                84.5112950270001,66.415911217,0
                84.6222136480001,66.447730461,0
                84.72782906,66.498036143,0
                84.801763518,66.529815876,0
                84.8545669920001,66.558931305,0
                84.880939094,66.601227141,0
                84.8967132490001,66.672570674,0
                84.904567871,66.738622288,0
                84.904519893,66.783531628,0
                84.88594879,66.857480197,0
                84.870064567,66.889163974,0
                84.9545687510001,66.9183132700001,0
                85.049665238,66.9236983230001,0
                85.1394613400001,66.9449280860001,0
                85.1896400210001,66.9581903380001,0
                85.263582946,66.9820448930001,0
                85.308461241,67.0111518560001,0
                85.3638979740001,67.0481952850001,0
                85.371752595,67.1142468990001,0
                85.332075907,67.1617556310001,0
                85.2369370860001,67.195996467,0
                85.1153781840001,67.232850807,0
                85.0202534750001,67.2538830130001,0
                84.896041558,67.301301435,0
                84.7956023520001,67.3513869820001,0
                84.7110247900001,67.3909225580001,0
                84.6290889540001,67.430460957,0
                84.6501239820001,67.5229439410001,0
                84.6738120260001,67.6048628440001,0
                84.6948583440001,67.6867789240001,0
                84.781990142,67.729139672,0
                84.8955476660001,67.763603464,0
                85.0302474640001,67.790164657,0
                85.162291425,67.8299316580001,0
                85.2969884,67.859134576,0
                85.3550894370001,67.8750470200001,0
                85.465937501,67.972909412,0
                85.563596692,68.052265612,0
                85.6401305420001,68.123674055,0
                85.70345294,68.197710113,0
                85.7562027920001,68.277018334,0
                85.8565347530001,68.327318372,0
                85.9463195660001,68.359115037,0
                86.05458235,68.4041400890001,0
                86.1575701470001,68.441234319,0
                86.2447160570001,68.4703864370001,0
                86.3424175810001,68.5101167490001,0
                86.4477730720001,68.5075875740001,0
                86.5696088290001,68.507717734,0
                86.6700028800001,68.4998998020001,0
                86.7994530930001,68.4947546390001,0
                86.8945665140001,68.4842893370001,0
                86.9896855790001,68.4685405820001,0
                87.0980302070001,68.436955583,0
                87.1905216580001,68.407995376,0
                87.275085108,68.3816684290001,0
                87.349070366,68.3658970960001,0
                87.4389116240001,68.3448592450001,0
                87.5287415930001,68.334388297,0
                87.642341451,68.329226201,0
                87.7400711980001,68.342539254,0
                87.8510095730001,68.3558664170001,0
                87.9328522760001,68.4035049720001,0
                88.004142185,68.4379236090001,0
                88.0701260660001,68.4934704080001,0
                88.130812383,68.562220193,0
                88.2099738480001,68.6468400890001,0
                88.2600847950001,68.7235037610001,0
                88.3208078010001,68.7579111100001,0
                88.4000116000001,68.802905116,0
                88.4686597840001,68.8373209310001,0
                88.5558198050001,68.8532644200001,0
                88.653538262,68.877144376,0
                88.7723989940001,68.8931217310001,0
                88.888646222,68.882679006,0
                89.0022545460001,68.869591733,0
                89.1132267890001,68.851218186,0
                89.1687199660001,68.835427097,0
                89.2585076010001,68.864582038,0
                89.3403587700001,68.9042954160001,0
                89.409018243,68.928144327,0
                89.485628293,68.9282261710001,0
                89.567530263,68.9203884830001,0
                89.6679271350001,68.9099288250001,0
                89.789466282,68.8915665660001,0
                89.929500332,68.8705823380001,0
                90.0484005750001,68.849575531,0
                90.151430706,68.847043872,0
                90.251838868,68.8260173100001,0
                90.3495855480001,68.8234800060001,0
                90.4737551310001,68.8156874740001,0
                90.6111305210001,68.810550778,0
                90.7537865410001,68.8080614530001,0
                90.8753087540001,68.8055495500001,0
                90.983619515,68.8056652610001,0
                91.1368396170001,68.8058289520001,0
                91.2689230890001,68.8086117890001,0
                91.3719419320001,68.8166470340001,0
                91.5093088550001,68.8194355160001,0
                91.62025852,68.8221957760001,0
                91.733852733,68.8223171320001,0
                91.847446946,68.822438488,0
                91.976894337,68.8199350520001,0
                92.1142640830001,68.8200818080001,0
                92.2437142960001,68.814936645,0
                92.3599615240001,68.8044939200001,0
                92.494695188,68.7993544020001,0
                92.5924588020001,68.7809667440001,0
                92.7113618670001,68.757318211,0
                92.782725155,68.723051975,0
                92.8514580060001,68.6782160130001,0
                92.8515031620001,68.635948399,0
                92.793410592,68.6121107770001,0
                92.6956893120001,68.5908725470001,0
                92.5609866920001,68.5669530800001,0
                92.4474065910001,68.553623095,0
                92.347018184,68.556157576,0
                92.2598412300001,68.556064442,0
                92.137228151,68.545366535,0
                92.0062496570001,68.5425848780001,0
                91.866246651,68.534510122,0
                91.7288712610001,68.5396468170001,0
                91.602062774,68.5447948020001,0
                91.4937576570001,68.539395638,0
                91.3907134140001,68.555135926,0
                91.2955943490001,68.5708846810001,0
                91.1714304100001,68.5733937630001,0
                91.0657670190001,68.567997421,0
                90.9389952210001,68.5388029690001,0
                90.8042756680001,68.5307338580001,0
                90.714473921,68.5147875470001,0
                90.6325945300001,68.5014914270001,0
                90.5665908940001,68.46443671,0
                90.5481665470001,68.4010155330001,0
                90.5587588500001,68.3772512880001,0
                90.614246382,68.3667436520001,0
                90.7067152550001,68.3589172520001,0
                90.8229483710001,68.3616831570001,0
                90.9603237620001,68.3565464610001,0
                91.0765568790001,68.359312366,0
                91.208637529,68.3647369290001,0
                91.367135438,68.370189714,0
                91.491290909,68.3756058110001,0
                91.62601893,68.3757497450001,0
                91.7686636610001,68.383827324,0
                91.9509427470001,68.384022058,0
                92.0618952340001,68.3841405920001,0
                92.225682239,68.3843155700001,0
                92.3736188890001,68.384473616,0
                92.529475071,68.3899235800001,0
                92.6668476400001,68.387428609,0
                92.8332791930001,68.3849646840001,0
                92.9442316800001,68.385083218,0
                93.0314086340001,68.385176352,0
                93.102735232,68.3852525520001,0
                93.155564106,68.3905924480001,0
                93.2031292830001,68.37743462,0
                93.2243138900001,68.329906131,0
                93.213783676,68.2955524060001,0
                93.1372074920001,68.2637698500001,0
                93.0395003240001,68.2293229910001,0
                92.9048033480001,68.2001200730001,0
                92.8123683420001,68.1762457610001,0
                92.706724707,68.15235734,0
                92.6248368490001,68.1469863990001,0
                92.5482521980001,68.1231290200001,0
                92.5033880140001,68.0808134280001,0
                92.46382986,68.0173696730001,0
                92.3661565570001,67.9512221040001,0
                92.244693612,67.8982577630001,0
                92.1655067460001,67.837413401,0
                92.120656673,67.7818891800001,0
                92.0652142970001,67.750129202,0
                92.0150581930001,67.715733142,0
                91.914706477,67.6839251870001,0
                91.8090543740001,67.667961942,0
                91.6611431250001,67.6440283650001,0
                91.5343685060001,67.617475638,0
                91.410227144,67.598850912,0
                91.309852849,67.5881767640001,0
                91.193628199,67.577485682,0
                91.0826813570001,67.572083696,0
                90.9849374990001,67.5719792730001,0
                90.850217946,67.5639101620001,0
                90.7366180880001,67.5690722570001,0
                90.7049653550001,67.524129051,0
                90.6495116890001,67.5029359760001,0
                90.5941342240001,67.410416303,0
                90.514927604,67.3680640220001,0
                90.4330623230001,67.3415592750001,0
                90.4199101390001,67.288710645,0
                90.401474503,67.235856373,0
                90.451675761,67.227984817,0
                90.496590745,67.222749343,0
                90.631290543,67.2493105360001,0
                90.7369370010001,67.270557233,0
                90.8716255090001,67.307685329,0
                90.9825413070001,67.342146299,0
                91.104032476,67.3686933810001,0
                91.2651325990001,67.4111331510001,0
                91.39455459,67.4324052480001,0
                91.5028371290001,67.4589382180001,0
                91.6111253120001,67.4801877370001,0
                91.7695921760001,67.514699508,0
                91.8963667960001,67.5412522340001,0
                92.0046606240001,67.5572183,0
                92.1103070820001,67.5784649970001,0
                92.2106898430001,67.581213968,0
                92.316339123,67.5998189380001,0
                92.4035188990001,67.5972703460001,0
                92.495987771,67.5894439470001,0
                92.5937542080001,67.568414562,0
                92.614921881,67.5367364300001,0
                92.5964749560001,67.4944490600001,0
                92.5595303050001,67.4574253870001,0
                92.5093657350001,67.430954505,0
                92.398416071,67.428194246,0
                92.2874776940001,67.4148670820001,0
                92.2108761110001,67.4068600590001,0
                92.1713151330001,67.346058031,0
                92.1385658900001,67.2931884660001,0
                92.1386392680001,67.2245035930001,0
                92.208454519,67.2008026190001,0
                92.2744948440001,67.2035149000001,0
                92.4013146200001,67.1878000120001,0
                92.4911220110001,67.1984628710001,0
                92.6416975640001,67.2012654650001,0
                92.752647229,67.2040257240001,0
                92.8371739900001,67.2120412130001,0
                93.0035867290001,67.227188794,0
                93.158567981,67.227354366,0
                93.3628915530001,67.199394209,0
                93.463282781,67.1942180020001,0
                93.463370474,67.112134102,0
                93.4634581660001,67.030050202,0
                93.3260884200001,67.0299034450001,0
                93.1675848670001,67.029734111,0
                92.9932309590001,67.029547844,0
                92.8875220050001,67.0667999120001,0
                92.734318837,67.0507858670001,0
                92.559987913,67.029084997,0
                92.385634006,67.028898729,0
                92.1795793860001,67.028678595,0
                92.1003276100001,67.0285939280001,0
                91.9682413150001,67.0284528170001,0
                91.89427299,67.0283737940001,0
                91.7991708580001,67.0282721930001,0
                91.7358085420001,66.991601093,0
                91.6777300840001,66.9545548420001,0
                91.6778034610001,66.8858699680001,0
                91.7940958460001,66.8331596300001,0
                91.9315107470001,66.791038772,0
                92.0002181980001,66.769978343,0
                92.1270323300001,66.7595469060001,0
                92.237984817,66.75966544,0
                92.338359111,66.7703395890001,0
                92.4651563090001,66.7757585080001,0
                92.6236542180001,66.7812112930001,0
                92.7451736080001,66.7813411160001,0
                92.8878380950001,66.770926613,0
                92.988229324,66.765750407,0
                93.1044652630001,66.7658745840001,0
                93.1731557800001,66.7606645110001,0
                93.2365910680001,66.7290315340001,0
                93.3264605480001,66.6815764240001,0
                93.4163243850001,66.639404766,0
                93.48810883,66.591930335,0
                93.4640391400001,66.4862354640001,0
                93.4641407400001,66.391133333,0
                93.4642705630001,66.269613942,0
                93.4643608750001,66.185078714,0
                93.5595420290001,66.1112119890001,0
                93.628288991,66.053167398,0
                93.7076197900001,65.97928374,0
                93.7975344260001,65.8895610170001,0
                93.7923356420001,65.810303596,0
                93.7835995030001,65.745131616,0
                93.7801336470001,65.692293335,0
                93.7713918650001,65.632404808,0
                93.7326992330001,65.5830511990001,0
                93.7010342720001,65.5495554710001,0
                93.6482524360001,65.5001868090001,0
                93.6253913450001,65.46846164,0
                93.6518443510001,65.435028001,0
                93.6941288990001,65.419222801,0
                93.7751606410001,65.4016978430001,0
                93.859712803,65.3859378000001,0
                93.949535246,65.3825114540001,0
                94.0446449030001,65.375568452,0
                94.1327099590001,65.3686179250001,0
                94.189068659,65.366916981,0
                94.2736001250001,65.3705295950001,0
                94.3739857090001,65.370636839,0
                94.454998635,65.370723388,0
                94.5166351430001,65.3743115410001,0
                94.5747399420001,65.3867016840001,0
                94.6398761730001,65.4114274080001,0
                94.7296421710001,65.46083558,0
                94.798264955,65.5190269280001,0
                94.7594500270001,65.584148107,0
                94.6695673770001,65.643931272,0
                94.6131672830001,65.684377527,0
                94.5426873930001,65.7160029780001,0
                94.5003859130001,65.747658533,0
                94.475669597,65.8039890110001,0
                94.452727602,65.847993316,0
                94.4315260610001,65.91137216,0
                94.4402640800001,65.9747829890001,0
                94.471883887,66.05054633,0
                94.4929574860001,66.106925727,0
                94.4858263350001,66.187931129,0
                94.4505374710001,66.24953377,0
                94.367690016,66.3181302130001,0
                94.2355134100001,66.4025243290001,0
                94.11917587,66.4975022830001,0
                94.039816849,66.5978031990001,0
                93.9869033080001,66.6717150800001,0
                93.9022043910001,66.8248448690001,0
                93.8070401700001,66.882861238,0
                93.6537410460001,66.9566658730001,0
                93.608027,67.0174824710001,0
                93.6059604380001,67.1714754450001,0
                93.69049943,67.168043455,0
                93.7856072060001,67.1628616040001,0
                93.886004078,67.1524019450001,0
                94.018107306,67.1366927020001,0
                94.144935752,67.112862238,0
                94.277047242,67.0894182150001,0
                94.328131898,67.078905874,0
                94.3756923720001,67.070150922,0
                94.4144602630001,67.049058507,0
                94.4849457980001,67.012149605,0
                94.541345891,66.9717033490001,0
                94.581882459,66.943568214,0
                94.6435509520001,66.917216807,0
                94.6999247040001,66.901426659,0
                94.7510676860001,66.8363186500001,0
                94.7828417750001,66.7676676450001,0
                94.8058364510001,66.6743511230001,0
                94.8305922790001,66.5810364820001,0
                94.8641143470001,66.524715412,0
                94.9223151020001,66.447286874,0
                94.9893178470001,66.373390047,0
                95.056309303,66.310060122,0
                95.1004189720001,66.234377684,0
                95.1110517280001,66.172748702,0
                95.1304939990001,66.107606827,0
                95.1605144640001,66.0319093370001,0
                95.179992483,65.9333056,0
                95.1923976790001,65.8611115960001,0
                95.2135992190001,65.7977327520001,0
                95.2691225,65.7537632550001,0
                95.3352023370001,65.7194913750001,0
                95.3907096250001,65.6904916570001,0
                95.4647343940001,65.6377361610001,0
                95.5387563410001,65.5876223920001,0
                95.5995499030001,65.5559865930001,0
                95.681485739,65.5164481940001,0
                95.7687050270001,65.47691544,0
                95.842701575,65.4505772030001,0
                95.974818913,65.4216593300001,0
                96.072619215,65.3689292350001,0
                96.1730414880001,65.3346940430001,0
                96.26557245,65.268749675,0
                96.347519575,65.218644372,0
                96.421530234,65.1790975070001,0
                96.5140442620001,65.129003493,0
                96.5907107570001,65.07625082,0
                96.701688645,65.0525938210001,0
                96.786266207,65.013058244,0
                96.9210309160001,64.9788597420001,0
                96.995033107,64.947238053,0
                97.0822411060001,64.9182722020001,0
                97.1905885560001,64.884045477,0
                97.3437719680001,64.9185516040001,0
                97.317289798,64.979283077,0
                97.2194782070001,65.042580075,0
                97.1533729700001,65.100627489,0
                97.0925342520001,65.1745309020001,0
                97.0792578890001,65.2379182120001,0
                97.0527390300001,65.3329921220001,0
                96.97341952,65.396308875,0
                96.841268314,65.456927459,0
                96.7170535750001,65.5069876060001,0
                96.616625658,65.5465062490001,0
                96.4897691930001,65.5965635740001,0
                96.3946219060001,65.638729588,0
                96.2651378260001,65.6755754610001,0
                96.1065919390001,65.7150320150001,0
                95.9955773630001,65.7730314510001,0
                95.8977742380001,65.8284032720001,0
                95.7550674180001,65.878443663,0
                95.609704761,65.941689861,0
                95.5198183470001,66.004995326,0
                95.4536820660001,66.0921017250001,0
                95.3928094810001,66.1977058480001,0
                95.3899984220001,66.35620658,0
                95.413573576,66.543794517,0
                95.4398525460001,66.673267309,0
                95.442358804,66.8000729720001,0
                95.442268492,66.884608202,0
                95.3866934700001,66.9770093400001,0
                95.3285021230001,67.0456321240001,0
                95.249177172,67.1140419330001,0
                95.1170172960001,67.1827760910001,0
                95.003375105,67.2275640760001,0
                94.889730091,67.274993785,0
                94.791935433,67.322440428,0
                94.643931051,67.3856838040001,0
                94.5276866450001,67.3934848040001,0
                94.3612579140001,67.3933070030001,0
                94.2397328790001,67.3984606320001,0
                94.1472555400001,67.4142122100001,0
                94.0838258960001,67.440561734,0
                94.0467881110001,67.490715015,0
                94.0467232,67.55147471,0
                94.0889456580001,67.593787481,0
                94.1734470200001,67.6255785020001,0
                94.3161058620001,67.6204474510001,0
                94.4006410900001,67.6205377630001,0
                94.5406412730001,67.631254245,0
                94.638399242,67.6181500380001,0
                94.7890001960001,67.597177098,0
                94.9290398900001,67.5709094170001,0
                95.0796380200001,67.552578204,0
                95.2487536340001,67.5104912130001,0
                95.431069409,67.476343511,0
                95.60017091,67.447465149,0
                95.705885101,67.405310424,0
                95.7957404700001,67.3710639440001,0
                95.890882113,67.3341813820001,0
                95.9252697050001,67.291950457,0
                95.9253967060001,67.173072791,0
                95.9096963360001,67.0326635900001,0
                95.8860558630001,66.906216144,0
                95.8914663150001,66.7873441230001,0
                95.9179964640001,66.68170331,0
                95.9445181450001,66.5839876740001,0
                95.9868506700001,66.5232731360001,0
                96.0899118470001,66.4916824920001,0
                96.195594994,66.4785867520001,0
                96.282794526,66.4575460790001,0
                96.3356431550001,66.444393894,0
                96.388556695,66.3704820130001,0
                96.4203223170001,66.3097561850001,0
                96.425690435,66.230510053,0
                96.425820259,66.1089906620001,0
                96.49191985,66.0562267000001,0
                96.5844310570001,66.0087744130001,0
                96.695471033,65.926999444,0
                96.787979417,65.8821888830001,0
                96.880470867,65.8532286760001,0
                97.015249688,65.8058215440001,0
                97.1209441230001,65.7821589000001,0
                97.2239883660001,65.7664186120001,0
                97.345521868,65.7533398050001,0
                97.4643995330001,65.7534668060001,0
                97.601786212,65.7377632060001,0
                97.6942494410001,65.7352202590001,0
                97.8052019280001,65.735338793,0
                97.9399553480001,65.711707194,0
                98.008657154,65.6959302170001,0
                98.119623753,65.6828401220001,0
                98.2121123810001,65.656521641,0
                98.357449638,65.617050975,0
                98.434062511,65.6144910940001,0
                98.545014999,65.614609628,0
                98.6322004190001,65.606777584,0
                98.703527019,65.6068537840001,0
                98.7457776990001,65.6227492960001,0
                98.7642218020001,65.667678391,0
                98.7482896020001,65.7442715080001,0
                98.6954071060001,65.7891244040001,0
                98.6029213,65.8128011590001,0
                98.4575981550001,65.8390631940001,0
                98.3201973640001,65.8679754230001,0
                98.0982557,65.902080792,0
                97.9291400880001,65.9441677830001,0
                97.7679665860001,65.970412885,0
                97.6199932480001,66.0045972770001,0
                97.46672799,66.0467012020001,0
                97.2976490680001,66.0544457560001,0
                97.181396195,66.070171933,0
                97.0915436480001,66.101776687,0
                96.977898635,66.149206398,0
                96.864253622,66.1966361070001,0
                96.7796591270001,66.2520220390001,0
                96.7320770160001,66.2810302240001,0
                96.68709712,66.3470253930001,0
                96.6553258540001,66.4130346740001,0
                96.73452683,66.4606704060001,0
                96.8269674800001,66.479261266,0
                96.914141612,66.4819961250001,0
                97.027735825,66.482117481,0
                97.120230098,66.450515549,0
                97.2074522080001,66.4083410690001,0
                97.2867096290001,66.4031422840001,0
                97.38178636,66.4270194170001,0
                97.5032605960001,66.469416854,0
                97.5798678250001,66.4721404250001,0
                97.6855340370001,66.47489504,0
                97.754249955,66.4459094330001,0
                97.812421547,66.3957787310001,0
                97.9023079600001,66.3324732660001,0
                97.9235236120001,66.2558857930001,0
                97.9341526050001,66.1977791130001,0
                98.0002578410001,66.139731698,0
                98.1139000320001,66.0949437150001,0
                98.235433534,66.081864909,0
                98.325252215,66.0819608640001,0
                98.4282851680001,66.0767874790001,0
                98.5075397670001,66.074230421,0
                98.5682994630001,66.0742953320001,0
                98.5946602760001,66.127158072,0
                98.6394567280001,66.232875085,0
                98.5574954910001,66.2961890170001,0
                98.454411737,66.348913468,0
                98.3433661160001,66.435971889,0
                98.250846444,66.4913493540001,0
                98.0790693500001,66.5519256040001,0
                97.931079078,66.6019603500001,0
                97.7883440350001,66.6784180000001,0
                97.621819348,66.7680588800001,0
                97.5002265790001,66.8366139300001,0
                97.4050115580001,66.9421813650001,0
                97.3256751150001,67.0213484750001,0
                97.2701085590001,67.105824436,0
                97.2356363000001,67.2273071380001,0
                97.3307186760001,67.24590082,0
                97.4337488080001,67.243369161,0
                97.5473373770001,67.2487739680001,0
                97.6424395080001,67.2488755680001,0
                97.7296390400001,67.227834896,0
                97.819471832,67.214722222,0
                97.8881679940001,67.2042286970001,0
                97.9384454520001,67.125030543,0
                98.0204462,67.0247324480001,0
                98.0891959840001,66.964046131,0
                98.1711233540001,66.93243291,0
                98.2451594120001,66.869110511,0
                98.3086342120001,66.8004933710001,0
                98.4144133130001,66.6975789510001,0
                98.5253658010001,66.697697485,0
                98.6944306130001,66.7031615600001,0
                98.826508441,66.7112278490001,0
                98.9665283790001,66.7034522500001,0
                99.0854116890001,66.6982957990001,0
                99.185802917,66.6931195920001,0
                99.2862082560001,66.6747347560001,0
                99.394530306,66.6642835640001,0
                99.4632292900001,66.6511483130001,0
                99.555748964,66.595770847,0
                99.6614885550001,66.5298405890001,0
                99.7593142570001,66.453334962,0
                99.8571173810001,66.3979631400001,0
                99.904719248,66.3504628740001,0
                99.9048039150001,66.2712110990001,0
                99.9312973740001,66.1999127220001,0
                99.9947693510001,66.133937308,0
                100.063519136,66.0732509910001,0
                100.134865491,66.0548351100001,0
                100.229978911,66.0443698070001,0
                100.362068028,66.0418691930001,0
                100.48359024,66.0393572890001,0
                100.58661755,66.039467357,0
                100.713400637,66.0580949050001,0
                100.805852576,66.0661188610001,0
                100.885078952,66.0899790610001,0
                100.988069573,66.1244315650001,0
                101.077831808,66.1773620390001,0
                101.083033415,66.253977734,0
                101.077642719,66.354357673,0
                101.019451371,66.4229804570001,0
                100.961251556,66.4995284180001,0
                100.895151965,66.55229238,0
                100.821130018,66.602406149,0
                100.736594789,66.602315838,0
                100.670520598,66.631304266,0
                100.620291117,66.6655930810001,0
                100.551510288,66.755338383,0
                100.480101844,66.8318722330001,0
                100.38224792,66.93479512,0
                100.279172632,66.9795943930001,0
                99.9832767550001,67.0004121090001,0
                99.7085033960001,67.031819307,0
                99.4918310730001,67.0791389510001,0
                99.259319684,67.115874756,0
                99.0426586500001,67.152627495,0
                98.8154476460001,67.1735185900001,0
                98.6727662260001,67.1997834480001,0
                98.4613942880001,67.23125838,0
                98.318712868,67.2575232390001,0
                98.239387714,67.3261234440001,0
                98.1759242040001,67.384173681,0
                98.1952328890001,67.444073497,0
                98.2304107450001,67.4863787410001,0
                98.3255053510001,67.4935249430001,0
                98.4522969050001,67.504227315,0
                98.6213974650001,67.476229528,0
                98.7376747960001,67.4376083930001,0
                98.8327995070001,67.416576186,0
                98.934942478,67.420207614,0
                99.0441413400001,67.4132796640001,0
                99.1286163610001,67.469726795,0
                99.0122600070001,67.582316254,0
                98.8184318410001,67.677211422,0
                98.6352006830001,67.7439394690001,0
                98.543590749,67.7720200410001,0
                98.4906659200001,67.8564988250001,0
                98.3919135460001,67.976151702,0
                98.310825359,68.0465111770001,0
                98.2297258830001,68.127437555,0
                98.1521374200001,68.2189346000001,0
                97.9830556740001,68.229320881,0
                97.806929326,68.2396996360001,0
                97.697666493,68.3065067060001,0
                97.5848851220001,68.3697877110001,0
                97.4861628510001,68.4612621790001,0
                97.4121343180001,68.517539975,0
                97.3451165220001,68.6055260080001,0
                97.2886957320001,68.6653449200001,0
                97.1336429830001,68.732103072,0
                96.8764547900001,68.7881851930001,0
                96.7249431580001,68.8373356010001,0
                96.598076344,68.8970792550001,0
                96.520510459,68.967442492,0
                96.5344980630001,69.062559676,0
                96.5731342500001,69.1647478040001,0
                96.6998994620001,69.200106282,0
                96.9429382430001,69.2003659280001,0
                97.175353677,69.253448802,0
                97.407825555,69.2536971590001,0
                97.6403200110001,69.232811708,0
                97.820013815,69.1801691030001,0
                97.9997640650001,69.0746919790001,0
                98.1689361210001,68.9797704710001,0
                98.2642301660001,68.800234711,0
                98.3699857490001,68.719334673,0
                98.5286021920001,68.6138349710001,0
                98.6484808470001,68.5012492750001,0
                98.8000263470001,68.420398156,0
                98.9163450710001,68.3430317090001,0
                99.060827153,68.2797845690001,0
                99.1877090180001,68.2059517120001,0
                99.303993876,68.1602859750001,0
                99.4167564320001,68.114616475,0
                99.5506377440001,68.0830587570001,0
                99.6387028,68.07610823,0
                99.7126899390001,68.058575746,0
                99.818351449,68.0657332380001,0
                99.892319774,68.0658122610001,0
                99.9803773030001,68.0659063350001,0
                100.06139023,68.065992883,0
                100.12827256,68.104809693,0
                100.114081754,68.199896773,0
                100.057664728,68.256193384,0
                99.994176758,68.3371385780001,0
                99.97652386,68.3758650760001,0
                100.02579092,68.418185372,0
                100.096180499,68.4710951490001,0
                100.184215451,68.4923230310001,0
                100.272265454,68.4994617070001,0
                100.342711478,68.499536967,0
                100.402594362,68.496078637,0
                100.465995782,68.4961463700001,0
                100.536407939,68.5279223410001,0
                100.522239711,68.6018756130001,0
                100.458796897,68.6405531930001,0
                100.395365373,68.6686638680001,0
                100.335448623,68.70382291,0
                100.282561424,68.753078681,0
                100.264908525,68.7918051790001,0
                100.236681196,68.8375649910001,0
                100.130978294,68.869152812,0
                100.007660123,68.9042441190001,0
                99.8773161650001,68.921716395,0
                99.7187862710001,68.9462031690001,0
                99.620127971,68.9777985160001,0
                99.4897501460001,69.0269715030001,0
                99.412203075,69.0797232350001,0
                99.2959069290001,69.135955875,0
                99.1760922430001,69.1886624520001,0
                99.0703705270001,69.2378617790001,0
                98.9611265080001,69.2870573430001,0
                98.887109265,69.332768236,0
                98.7884170980001,69.396064294,0
                98.693247232,69.459364115,0
                98.6192337520001,69.501552706,0
                98.52405636,69.5718971300001,0
                98.516906395,69.670514036,0
                98.5167822170001,69.7867499750001,0
                98.5977650400001,69.815014933,0
                98.696363132,69.8397764050001,0
                98.7632680400001,69.8574594080001,0
                98.847773164,69.885728129,0
                98.9393379430001,69.89991517,0
                99.0062654280001,69.896464366,0
                99.0872858810001,69.8895063130001,0
                99.164795322,69.8719775920001,0
                99.25990498,69.8650345900001,0
                99.355033453,69.8404800820001,0
                99.464247367,69.8194629270001,0
                99.552319949,69.8054677970001,0
                99.6615263370001,69.7914952450001,0
                99.7425505530001,69.7810148900001,0
                99.830634424,69.7564528560001,0
                99.9222293060001,69.742461489,0
                100.042006361,69.724977924,0
                100.172335268,69.7215948530001,0
                100.306182712,69.721737847,0
                100.436511619,69.7183547760001,0
                100.542154313,69.743123773,0
                100.630144109,69.8066192690001,0
                100.70758958,69.848969669,0
                100.795613242,69.880764454,0
                100.901289804,69.8738327410001,0
                100.982317783,69.8598300840001,0
                101.059830986,69.8387790630001,0
                101.126732131,69.859984367,0
                101.172499469,69.881167093,0
                101.218240465,69.927005927,0
                101.23929525,70.0009968300001,0
                101.23921999,70.0714428530001,0
                101.228585353,70.1348329850001,0
                101.200354262,70.1841150980001,0
                101.136903922,70.2298372800001,0
                101.062871626,70.2896373770001,0
                100.992376684,70.335352033,0
                100.900744172,70.3845664120001,0
                100.805619462,70.4055986180001,0
                100.678812857,70.4089854530001,0
                100.530864918,70.4193943110001,0
                100.400532248,70.4262996830001,0
                100.273729406,70.4261642160001,0
                100.150448865,70.4260325110001,0
                100.013079118,70.4258857550001,0
                99.8898023400001,70.42223175,0
                99.787651843,70.425644925,0
                99.6784717960001,70.4149613690001,0
                99.597458868,70.4148748210001,0
                99.5093599460001,70.4535260590001,0
                99.4388762930001,70.4886738110001,0
                99.3719149410001,70.5238253260001,0
                99.3965070780001,70.583730787,0
                99.4880417530001,70.626096239,0
                99.572543114,70.6578872600001,0
                99.6711374440001,70.686171034,0
                99.7732728890001,70.6968470630001,0
                99.8648376670001,70.7110341060001,0
                99.9634432860001,70.7287509750001,0
                100.033878021,70.7393931380001,0
                100.132487402,70.7535877070001,0
                100.209951687,70.7783266000001,0
                100.280352555,70.8206694740001,0
                100.336649166,70.8770865010001,0
                100.389431002,70.9264551620001,0
                100.421086557,70.9687566420001,0
                100.456245598,71.0286733930001,0
                100.463211177,71.102649243,0
                100.484269725,71.173117845,0
                100.565245023,71.2084274050001,0
                100.628631392,71.2225843430001,0
                100.699047312,71.250838012,0
                100.677838245,71.3212614590001,0
                100.621406167,71.391647274,0
                100.67771783,71.433975096,0
                100.769286372,71.4446398370001,0
                100.811553985,71.4446849930001,0
                100.874966695,71.4341858220001,0
                100.941908535,71.4172992220001,0
                100.998265354,71.417359429,0
                101.082763651,71.4520193440001,0
                101.177902714,71.417551341,0
                101.237838977,71.3641273860001,0
                101.294237188,71.3254422810001,0
                101.3506354,71.286757175,0
                101.410559676,71.2445535320001,0
                101.477547369,71.1847459080001,0
                101.565665106,71.128483164,0
                101.625615723,71.0616234120001,0
                101.675003199,70.9912300710001,0
                101.738498694,70.903240274,0
                101.780845332,70.829317105,0
                101.780946932,70.7342149730001,0
                101.756403713,70.6285195980001,0
                101.742397293,70.5510139190001,0
                101.73543924,70.4699934670001,0
                101.746130322,70.3537688170001,0
                101.749716594,70.2938934590001,0
                101.8237376,70.2446602650001,0
                101.894228779,70.202467911,0
                101.985865055,70.149731231,0
                102.052822644,70.1181020170001,0
                102.102164964,70.089976289,0
                102.042447652,69.9384533670001,0
                102.014359555,69.8538880350001,0
                102.046150576,69.769386674,0
                102.091981885,69.73069028,0
                102.18361816,69.6779536000001,0
                102.254079236,69.663939654,0
                102.342170632,69.6323330180001,0
                102.447858483,69.6148344010001,0
                102.560568357,69.618477118,0
                102.645096059,69.625612032,0
                102.733138537,69.6397953110001,0
                102.810602822,69.6645342050001,0
                102.866937063,69.68572822,0
                102.930312144,69.7104520610001,0
                102.993698513,69.724609,0
                102.99361949,69.7985773250001,0
                102.947776893,69.847840622,0
                102.880830593,69.8689029330001,0
                102.817387779,69.907580512,0
                102.771522604,69.9779776170001,0
                102.813733773,70.03085729,0
                102.852445219,70.0625993940001,0
                102.83472835,70.161205012,0
                102.912166294,70.2106000140001,0
                103.00722327,70.252969229,0
                103.119906805,70.2812680530001,0
                103.250194318,70.316630296,0
                103.334710732,70.3343321130001,0
                103.415708607,70.348507866,0
                103.486139579,70.3626723310001,0
                103.56010414,70.3662736540001,0
                103.538876259,70.454308606,0
                103.489511361,70.5035681410001,0
                103.411994394,70.528141464,0
                103.299239364,70.5667663610001,0
                103.221711108,70.601906587,0
                103.175845933,70.6723036920001,0
                103.235679897,70.7146352770001,0
                103.284935669,70.7675224760001,0
                103.189780855,70.816733092,0
                103.091133845,70.8377615360001,0
                103.017142942,70.8588163210001,0
                102.950151486,70.9221462460001,0
                102.858488869,70.9995390340001,0
                102.795049818,71.0346943110001,0
                102.703421069,71.0803863900001,0
                102.618867026,71.097907584,0
                102.566002404,71.1260295490001,0
                102.481444598,71.1470730450001,0
                102.396883029,71.1716388410001,0
                102.30528062,71.19267481,0
                102.280541727,71.270139096,0
                102.335062136,71.3406434460001,0
                102.484812617,71.2914911560001,0
                102.562318295,71.2774847370001,0
                102.660987883,71.235322486,0
                102.756116356,71.210767978,0
                102.823051368,71.2002725710001,0
                102.897034744,71.186262389,0
                102.999192768,71.175804612,0
                103.083727996,71.175894923,0
                103.171781762,71.1795112990001,0
                103.270349751,71.2324511800001,0
                103.376043245,71.209669112,0
                103.555697539,71.1940106690001,0
                103.693095508,71.167740166,0
                103.809337091,71.1625808920001,0
                103.904439223,71.162682493,0
                104.057670614,71.1522792790001,0
                104.173917841,71.1418365530001,0
                104.358855587,71.1261837550001,0
                104.549076784,71.1105366,0
                104.691735626,71.1054055500001,0
                104.839694853,71.0844297880001,0
                105.003487502,71.0793213150001,0
                105.140857249,71.0794680700001,0
                105.288793898,71.0796261150001,0
                105.452580903,71.0798010940001,0
                105.574100293,71.0799309160001,0
                105.75372072,71.0959731840001,0
                105.965087014,71.069781704,0
                106.144741307,71.05412326,0
                106.371957956,71.027948714,0
                106.588596411,71.0123297820001,0
                106.747116898,70.99664876,0
                106.921482095,70.986268124,0
                107.095841648,70.9811709400001,0
                107.323052653,70.9602798450001,0
                107.476278398,70.9551600830001,0
                107.613648144,70.95530684,0
                107.756290053,70.9660261430001,0
                107.92534922,70.9767736700001,0
                108.099703129,70.976959938,0
                108.215961646,70.9559503090001,0
                108.353370903,70.919112903,0
                108.459051228,70.908658888,0
                108.575309744,70.8876492590001,0
                108.633455936,70.8612940900001,0
                108.649419181,70.755641988,0
                108.527928013,70.7290949060001,0
                108.385308682,70.6972417950001,0
                108.189843544,70.675899142,0
                108.08945796,70.6757918980001,0
                107.962660762,70.670372979,0
                107.724905432,70.6701189770001,0
                107.50298917,70.6804488130001,0
                107.328635261,70.6802625460001,0
                107.1965659,70.6642710790001,0
                106.995794733,70.664056589,0
                106.821446469,70.6585868700001,0
                106.673509819,70.658428825,0
                106.515034489,70.6318422320001,0
                106.335397129,70.6316503190001,0
                106.16099242,70.679015119,0
                105.970759934,70.705229176,0
                105.852738385,70.7279980740001,0
                105.722371848,70.7666041570001,0
                105.620172432,70.8158072470001,0
                105.521517896,70.843880293,0
                105.426389423,70.868434801,0
                105.320701573,70.885933417,0
                105.229121742,70.88583558,0
                105.109359739,70.8892299400001,0
                105.02130221,70.8891358660001,0
                104.88753755,70.811502246,0
                104.954547821,70.730560816,0
                104.85950966,70.670580095,0
                104.767948644,70.6528707520001,0
                104.65876107,70.6492317980001,0
                104.591856163,70.6315487960001,0
                104.507335987,70.61736928,0
                104.440427316,70.6032085780001,0
                104.36297432,70.567902781,0
                104.338419812,70.4727743080001,0
                104.398351614,70.4235260620001,0
                104.482943287,70.3707818560001,0
                104.535811671,70.3391375900001,0
                104.550028817,70.219394402,0
                104.388029304,70.194565196,0
                104.243652585,70.159187902,0
                104.067526237,70.1695666570001,0
                103.933671266,70.1764682670001,0
                103.806827031,70.2150781120001,0
                103.711706084,70.2325880170001,0
                103.623644792,70.236016245,0
                103.549676467,70.2359372220001,0
                103.465152528,70.225280007,0
                103.352484046,70.1828919770001,0
                103.394808104,70.1301026150001,0
                103.454754959,70.066765165,0
                103.504101042,70.0351171360001,0
                103.560476676,70.0175658370001,0
                103.599225751,70.014084929,0
                103.669694353,69.993026381,0
                103.750726095,69.9755014240001,0
                103.852895407,69.954476744,0
                103.933919623,69.9439963880001,0
                104.022056175,69.8701221380001,0
                104.124289458,69.7892183370001,0
                104.208884894,69.73295183,0
                104.314602848,69.6872748040001,0
                104.378045662,69.6485972240001,0
                104.469693226,69.5852936410001,0
                104.575354736,69.5924511330001,0
                104.733858289,69.5926204670001,0
                104.87474281,69.5998155880001,0
                105.026201761,69.599977397,0
                105.174130885,69.6071800440001,0
                105.25162151,69.607262829,0
                105.339622595,69.6601914220001,0
                105.413545764,69.7025380590001,0
                105.487446355,69.7660185020001,0
                105.434525289,69.846974985,0
                105.374559621,69.9279239410001,0
                105.318131305,69.994787456,0
                105.24406138,70.089810566,0
                105.166450339,70.202441418,0
                105.113502932,70.3080540080001,0
                105.212059631,70.3715607930001,0
                105.328216548,70.445653296,0
                105.426765721,70.5162046830001,0
                105.557109679,70.498732407,0
                105.673368196,70.477722778,0
                105.750885163,70.4531494560001,0
                105.853054475,70.432124775,0
                105.958749851,70.4075815560001,0
                105.994040597,70.3442177650001,0
                106.043450651,70.2526906160001,0
                106.082244882,70.2069420930001,0
                106.149213761,70.1647459750001,0
                106.22323853,70.11199048,0
                106.304311665,70.0557202100001,0
                106.297368663,69.960610552,0
                106.24112097,69.85840361,0
                106.188388053,69.7632450340001,0
                106.163810967,69.689250368,0
                106.163908805,69.597670538,0
                106.230877683,69.5554744200001,0
                106.290798196,69.516793078,0
                106.385896565,69.5204169790001,0
                106.435205019,69.5239919620001,0
                106.4458453,69.4553183780001,0
                106.424766056,69.404222433,0
                106.440661567,69.361971753,0
                106.502333823,69.3320980440001,0
                106.560483778,69.302220574,0
                106.608053658,69.2846598680001,0
                106.697894916,69.263622017,0
                106.778928541,69.244335909,0
                106.861702618,69.244424338,0
                106.940960039,69.239225554,0
                107.037832729,69.2305232830001,0
                107.145257271,69.2359215060001,0
                107.257969026,69.2378030720001,0
                107.312560932,69.241383699,0
                107.363630536,69.2449605640001,0
                107.421742861,69.2503061040001,0
                107.525645102,69.2557005640001,0
                107.608398483,69.2751616510001,0
                107.719326511,69.298175142,0
                107.793268495,69.322910273,0
                107.867208597,69.349406554,0
                107.949929993,69.3988072010001,0
                107.988611336,69.458727713,0
                107.977993632,69.5062674910001,0
                107.928641904,69.543198971,0
                107.858175184,69.562496368,0
                107.75425601,69.572952264,0
                107.655618406,69.5851749540001,0
                107.518229845,69.6026397040001,0
                107.435455768,69.6025512750001,0
                107.343872174,69.605975738,0
                107.266402244,69.5865202960001,0
                107.199465352,69.5987768530001,0
                107.202936853,69.646331683,0
                107.234584882,69.6956777660001,0
                107.297941148,69.7380131140001,0
                107.364829121,69.7715464710001,0
                107.440496507,69.829745345,0
                107.537286412,69.8985337,0
                107.577759009,69.9302776850001,0
                107.632309521,69.972603625,0
                107.679824839,70.0061162860001,0
                107.750210655,70.0625483650001,0
                107.811809532,70.1013595300001,0
                107.861095409,70.1260683200001,0
                107.929750178,70.154320108,0
                107.980823545,70.15437467,0
                108.046008695,70.133310479,0
                108.135857478,70.1052280260001,0
                108.204568692,70.0806452950001,0
                108.278570884,70.049023607,0
                108.394844452,70.013924774,0
                108.51991813,69.9841188,0
                108.664370107,69.9490500700001,0
                108.741875786,69.9350436510001,0
                108.872204692,69.931660579,0
                109.0451888,69.5655256430001,0
                109.010041047,69.4950419900001,0
                108.999587034,69.3893616650001,0
                109.478631283,69.379306527,0
                109.594844644,69.4005645120001,0
                109.749807081,69.4183415890001,0
                109.855487405,69.4078875750001,0
                110.028091452,69.397505058,0
                110.232381158,69.401245611,0
                110.422585422,69.4014488120001,0
                110.605730031,69.4157336920001,0
                110.767688151,69.4793082100001,0
                110.855674184,69.5463260070001,0
                110.771063696,69.616681719,0
                110.598399442,69.683421056,0
                110.425750239,69.7360711870001,0
                110.246079013,69.767579986,0
                110.041823174,69.7321387210001,0
                109.841074585,69.7107904250001,0
                109.583965413,69.692904222,0
                109.418428547,69.6821604570001,0
                109.242358643,69.639704695,0
                109.186028165,69.6149883790001,0
                109.03422302,69.9388782790001,0
                109.139805508,70.020004096,0
                109.270013999,70.1293346620001,0
                109.354519123,70.157603383,0
                109.498940998,70.1507130630001,0
                109.752569261,70.1298501910001,0
                109.9709858,70.0983827850001,0
                110.182323871,70.0986085630001,0
                110.358412589,70.1234528200001,0
                110.474633476,70.1376662040001,0
                110.622532496,70.1730472610001,0
                110.707045147,70.194271379,0
                110.94680622,69.965577685,0
                111.052584382,69.86354384,0
                111.183018652,69.7615363360001,0
                111.359227786,69.673666956,0
                111.44387214,69.5716105330001,0
                111.570742717,69.508344579,0
                111.676438093,69.48380136,0
                111.838452659,69.49454136,0
                111.929991097,69.5333845110001,0
                111.940467688,69.617931029,0
                111.92623549,69.7517634210001,0
                111.830975313,69.8995984700001,0
                111.707623275,69.9663904880001,0
                111.513836503,70.022540344,0
                111.33415775,70.0610937450001,0
                111.140442474,70.050319878,0
                111.062955611,70.0467147900001,0
                110.794974735,70.3141236930001,0
                110.703323408,70.3809495790001,0
                110.572938056,70.437167168,0
                110.386177071,70.5109360540001,0
                110.238142584,70.6023578400001,0
                110.118320373,70.6621090190001,0
                109.987912444,70.7394604140001,0
                109.91740245,70.7992642740001,0
                109.973695298,70.859203602,0
                110.044130033,70.8698457660001,0
                110.153313844,70.8770070200001,0
                110.280124212,70.8700978850001,0
                110.456307005,70.8068846130001,0
                110.653627367,70.740171618,0
                110.798090634,70.6945359850001,0
                110.924901002,70.6876268490001,0
                111.055226146,70.687766079,0
                111.213707121,70.7090692200001,0
                111.382732423,70.751517457,0
                111.516530949,70.7974503660001,0
                111.597506246,70.832759927,0
                111.667831854,70.9455488240001,0
                111.695916189,71.0336364570001,0
                111.613113889,71.0599652860001,0
                111.481027595,71.0598241740001,0
                111.325185524,71.041165581,0
                111.137645563,71.019831396,0
                110.952724751,71.0196338390001,0
                110.762509198,71.029997542,0
                110.627761423,71.048345689,0
                110.532633891,71.0720196220001,0
                110.500828757,71.1697296120001,0
                110.593227075,71.22794636,0
                110.775449716,71.2809756120001,0
                110.925997047,71.3101954640001,0
                111.073899829,71.3420542200001,0
                111.245535812,71.4135642640001,0
                111.369637662,71.4691731520001,0
                111.514870495,71.527446345,0
                111.633793317,71.485305731,0
                111.779116462,71.459043695,0
                111.932353497,71.4433570290001,0
                112.064455086,71.4291817700001,0
                112.191257929,71.4293172370001,0
                112.320702497,71.4294555260001,0
                112.463371444,71.4148653140001,0
                112.553192947,71.4123195440001,0
                112.690562693,71.4124663000001,0
                112.901882191,71.4300764180001,0
                113.144897211,71.4525776130001,0
                113.342978675,71.497698621,0
                113.559557864,71.537555932,0
                113.699541113,71.5641227690001,0
                113.897645155,71.5881099700001,0
                114.108980404,71.5909774740001,0
                114.235777602,71.5963963930001,0
                114.249090653,71.4986666470001,0
                114.233312037,71.4314988240001,0
                114.172585026,71.4008409450001,0
                114.130345634,71.3743785300001,0
                114.133052271,71.3136216570001,0
                114.175390441,71.247623665,0
                114.230894907,71.2212656740001,0
                114.328641587,71.2187283700001,0
                114.41580443,71.2320301330001,0
                114.502964451,71.2479736220001,0
                114.640303152,71.2771793640001,0
                114.751227417,71.3037151560001,0
                114.870071215,71.3355428670001,0
                114.94138088,71.3514694230001,0
                115.060303701,71.3093288090001,0
                115.179237811,71.2566212930001,0
                115.306066053,71.232981227,0
                115.414385281,71.2251717600001,0
                115.504206783,71.22262599,0
                115.559697138,71.2094766280001,0
                115.565079368,71.1170218670001,0
                115.517581924,71.066778275,0
                115.411941111,71.0402481260001,0
                115.340656846,71.000546037,0
                115.290526144,70.942374446,0
                115.298499299,70.8974735720001,0
                115.348731602,70.8605430330001,0
                115.43857286,70.839505181,0
                115.557473103,70.8184983740001,0
                115.684275946,70.8186338420001,0
                115.800509062,70.821399747,0
                115.932601001,70.816257406,0
                116.085815458,70.8217045470001,0
                116.180914767,70.824447874,0
                116.291844677,70.8457002150001,0
                116.355212231,70.877468659,0
                116.386879075,70.9092032360001,0
                116.376258549,70.959384739,0
                116.32600649,71.0148073600001,0
                116.217644929,71.0622427150001,0
                116.05384099,71.0779180920001,0
                115.871550616,71.0882902600001,0
                115.71039687,71.096043283,0
                115.707630965,71.2122763990001,0
                115.802724631,71.2203031770001,0
                115.929527474,71.2204386450001,0
                116.037821301,71.236404711,0
                116.177813017,71.255046371,0
                116.323082541,71.278977126,0
                116.447201324,71.3187356600001,0
                116.52380573,71.3241009560001,0
                116.629491699,71.3083634910001,0
                116.714049506,71.2873199950001,0
                116.87261797,71.226729634,0
                117.036489641,71.1476528360001,0
                117.18981981,71.0447892160001,0
                117.263816357,71.0184509800001,0
                117.369485393,71.018563869,0
                117.535914124,71.0187416690001,0
                117.67593124,71.013607796,0
                117.760466468,71.013698108,0
                117.900455362,71.0349814940001,0
                118.040466834,71.0351310720001,0
                118.138207869,71.03787722,0
                118.267658083,71.0327320580001,0
                118.35485197,71.016974836,0
                118.449954102,71.0170764370001,0
                118.523908315,71.030364089,0
                118.677122773,71.03581123,0
                118.822417696,71.0359664530001,0
                118.988843605,71.0387859790001,0
                119.123594203,71.017796107,0
                119.216102586,70.972985545,0
                119.345583844,70.9387813980001,0
                119.435447679,70.89660974,0
                119.538517323,70.8570939190001,0
                119.617814255,70.8149109720001,0
                119.741375138,70.5526312380001,0
                119.713271988,70.4821551100001,0
                119.783823375,70.3836059370001,0
                119.960013694,70.313348062,0
                120.136143805,70.2994470070001,0
                120.220611299,70.3629387390001,0
                120.417875218,70.349060261,0
                120.615146662,70.328137181,0
                120.805350925,70.3283403820001,0
                120.946280602,70.293267889,0
                121.09423983,70.2722921280001,0
                121.221042672,70.2724275940001,0
                121.376001346,70.293726973,0
                121.516833186,70.3502343110001,0
                121.657695129,70.3785632400001,0
                121.798557072,70.4068921680001,0
                121.904150848,70.4774510810001,0
                121.981611371,70.5057122760001,0
                121.903985277,70.6324323330001,0
                121.798316242,70.6323194440001,0
                121.594022774,70.6321011910001,0
                121.410900742,70.596682505,0
                121.220764212,70.533077882,0
                121.115132806,70.497741981,0
                120.974300966,70.441234643,0
                120.82017489,70.464845546,0
                120.290921856,70.489816841,0
                120.12181377,70.5248592300001,0
                119.987943747,70.5458500440001,0
                119.89635639,70.552796809,0
                119.783371818,70.806282078,0
                119.959479351,70.81351483,0
                120.163765293,70.8207776850001,0
                120.410296272,70.849219503,0
                120.579329099,70.8846231380001,0
                120.762436079,70.9341310290001,0
                120.945588214,70.9413713070001,0
                121.163865524,71.0402290440001,0
                121.346927348,71.13200455,0
                121.572181526,71.2942712350001,0
                121.776320015,71.4395572440001,0
                121.917212062,71.4397077630001,0
                122.093256322,71.5061662270001,0
                122.203324471,71.5098061210001,0
                122.348619394,71.509961344,0
                122.496556044,71.5101193890001,0
                122.607514176,71.5049544710001,0
                122.718472307,71.499789553,0
                122.813577261,71.497249427,0
                122.932474682,71.4788843470001,0
                122.995878926,71.4763103550001,0
                123.064563799,71.476383733,0
                123.180791271,71.484433089,0
                123.201995634,71.4184125190001,0
                123.207375042,71.3285994840001,0
                123.207456886,71.2519894330001,0
                123.146736702,71.2149403600001,0
                123.067541371,71.1620211750001,0
                122.98833475,71.119668894,0
                122.980499883,71.0351251980001,0
                122.991142987,70.9638098890001,0
                123.088929179,70.9242884230001,0
                123.207826599,70.9059233420001,0
                123.302934376,70.9007414910001,0
                123.392747411,70.906120899,0
                123.516888772,70.9247456250001,0
                123.678011473,70.946051588,0
                123.839156752,70.9462237440001,0
                123.952748143,70.9489868270001,0
                124.082192712,70.9491251170001,0
                124.216923554,70.9466273240001,0
                124.349009848,70.9467684360001,0
                124.512819431,70.9258096070001,0
                124.642311977,70.8810385570001,0
                124.721611731,70.8362138840001,0
                124.827334389,70.7861339820001,0
                124.933006247,70.7836051450001,0
                125.073023363,70.7784712710001,0
                125.18132848,70.783870435,0
                125.247357516,70.7971496200001,0
                125.350342492,70.836885576,0
                125.432196483,70.8739572280001,0
                125.540431044,70.9453995370001,0
                125.59055328,71.0114963070001,0
                125.70413056,71.0274680190001,0
                125.796585321,71.032850249,0
                125.920729505,71.048833249,0
                126.034368874,71.006686991,0
                126.153300161,70.9566212,0
                126.264283692,70.927680749,0
                126.404323387,70.9014130680001,0
                126.512634148,70.90152878,0
                126.61565299,70.9095640250001,0
                126.739799996,70.9229053000001,0
                126.842810372,70.9388657220001,0
                126.958995511,70.9865409660001,0
                127.067221605,71.0659084540001,0
                127.201932692,71.081902744,0
                127.352499778,71.0926305150001,0
                127.508361606,71.092797026,0
                127.643092448,71.090299234,0
                127.76462595,71.077220427,0
                127.854450274,71.0720329320001,0
                127.925779696,71.0694674060001,0
                127.957373161,71.1698868570001,0
                127.95730825,71.2306465520001,0
                127.95724616,71.2887645210001,0
                127.957161494,71.368016298,0
                127.883125435,71.4313386960001,0
                127.764163103,71.5104634730001,0
                127.668965015,71.600180552,0
                127.563233891,71.6581856330001,0
                127.431074219,71.7267293930001,0
                127.359710931,71.7609956300001,0
                127.362287745,71.8217581480001,0
                127.356905515,71.9142129090001,0
                127.46785518,71.9169731690001,0
                127.602580378,71.919758829,0
                127.753158754,71.9199196960001,0
                127.885270447,71.8962852750001,0
                128.046418549,71.8938157050001,0
                128.152121452,71.862227884,0
                128.276330546,71.8174511890001,0
                128.397931781,71.7409709610001,0
                128.453436247,71.7146129700001,0
                128.453568893,71.590451853,0
                128.453673315,71.492707995,0
                128.543520218,71.4663866920001,0
                128.654493644,71.4469054030001,0
              </coordinates>
            </LinearRing>
          </outerBoundaryIs>
        </Polygon>
      </Placemark>
    </Document>
  </Document>
</kml>
