<?xml version="1.0" encoding="UTF-8"?>
<kml xmlns="http://www.opengis.net/kml/2.2">
  <Document id="root_doc">
    <Schema id="Bioregions_PA8.schema">
      <SimpleField name="OBJECTID" type="float"/>
      <SimpleField name="Shape_Leng" type="float"/>
      <SimpleField name="Shape_Area" type="float"/>
      <SimpleField name="Bioregions" type="string"/>
    </Schema>
    <Document id="Bioregions_PA8">
      <name>Bioregions_PA8</name>
      <Placemark id="Bioregions_PA8.1">
        <ExtendedData>
          <SchemaData schemaUrl="#Bioregions_PA8.schema">
            <SimpleData name="OBJECTID">178</SimpleData>
            <SimpleData name="Shape_Leng">271.17329275500</SimpleData>
            <SimpleData name="Shape_Area">444.94447813200</SimpleData>
            <SimpleData name="Bioregions">PA8</SimpleData>
          </SchemaData>
        </ExtendedData>
        <Polygon>
          <outerBoundaryIs>
            <LinearRing>
              <coordinates>
                28.1620750390001,69.9581493090001,0
                28.183325499,69.8489805510001,0
                28.2151014680001,69.778568394,0
                28.313782346,69.725839239,0
                28.419447619,69.72947443,0
                28.525067736,69.7753772350001,0
                28.602516968,69.8142053330001,0
                28.697630389,69.80374003,0
                28.8244670990001,69.772174787,0
                28.9336810130001,69.7511576320001,0
                29.028783145,69.751259233,0
                29.1239266690001,69.71261552,0
                29.1240132180001,69.6316025930001,0
                29.124099766,69.5505896650001,0
                29.2156833600001,69.547165202,0
                29.3882761180001,69.547349588,0
                29.5220934590001,69.575670991,0
                29.6559108000001,69.6039923930001,0
                29.786220891,69.6182208280001,0
                29.937668554,69.6289495390001,0
                29.9904278120001,69.699452008,0
                30.0114713070001,69.784009815,0
                30.1119923580001,69.6573142170001,0
                30.1120883140001,69.5674955370001,0
                30.0329099150001,69.4987259970001,0
                29.9537202290001,69.44052336,0
                29.885108734,69.3717651090001,0
                29.8481923050001,69.308324176,0
                29.7689969730001,69.2554049920001,0
                29.64750016,69.2341413620001,0
                29.647562249,69.176023393,0
                29.7268930490001,69.102139735,0
                29.843179788,69.0547128470001,0
                30.0016268960001,69.107716699,0
                30.0649549390001,69.1764693060001,0
                30.2762930100001,69.1766950840001,0
                30.5351821470001,69.1769716630001,0
                30.683118796,69.1771297080001,0
                30.926157577,69.1773893540001,0
                31.1691963590001,69.177648999,0
                31.380602163,69.1144733570001,0
                31.5443891680001,69.1146483360001,0
                31.745205492,69.0725952120001,0
                31.8562426450001,68.9934619690001,0
                32.0147518430001,68.9883478510001,0
                32.130987782,68.988472029,0
                32.310630786,68.9833804900001,0
                32.50609028,69.0100065930001,0
                32.6910110910001,69.01020415,0
                32.801941001,69.031456491,0
                32.9551667470001,69.026336729,0
                33.1453202100001,69.0740909960001,0
                33.1242880040001,68.9789662860001,0
                33.071549442,68.8890911610001,0
                33.071713131,68.7358710600001,0
                33.1773821670001,68.7359839490001,0
                33.3464074670001,68.778432186,0
                33.441509599,68.7785337860001,0
                33.5842756870001,68.6730171520001,0
                33.726951462,68.652035745,0
                33.848470853,68.652165568,0
                33.901401327,68.5624033330001,0
                33.9016045280001,68.372199069,0
                33.965005949,68.3722668030001,0
                34.0179194900001,68.298354923,0
                34.018038023,68.1874024360001,0
                34.139596925,68.1505480960001,0
                34.171371014,68.0818970890001,0
                34.1397493260001,68.0078948980001,0
                34.2455143170001,67.918189108,0
                34.372362315,67.8760569610001,0
                34.493881706,67.876186783,0
                34.6258106830001,67.891850752,0
                34.76330388,67.9081753620001,0
                34.8636951080001,67.902999155,0
                34.9270852400001,67.913633793,0
                34.9534178320001,67.992913791,0
                35.080203741,68.008899614,0
                35.1594272950001,68.0354015400001,0
                35.1593256940001,68.130503672,0
                35.132857636,68.1780265150001,0
                35.132727812,68.299545906,0
                35.291231366,68.2997152400001,0
                35.35471181,68.225814649,0
                35.354802121,68.14127942,0
                35.407738239,68.0462337330001,0
                35.560924474,68.0780981340001,0
                35.6560266060001,68.0781997340001,0
                35.751179538,68.0307502690001,0
                35.782998782,67.9198316480001,0
                35.8622731360001,67.8987825080001,0
                36.010187208,67.9200743600001,0
                36.142352525,67.846247147,0
                36.2903230420001,67.8147044820001,0
                36.348520034,67.7407982460001,0
                36.4964566830001,67.740956291,0
                36.607409171,67.7410748250001,0
                36.607499481,67.6565395960001,0
                36.6973463840001,67.630218294,0
                36.824149226,67.630353761,0
                36.9985031350001,67.630540029,0
                37.130561207,67.6570983990001,0
                37.294348212,67.6572733770001,0
                37.3894898550001,67.6203908150001,0
                37.521643883,67.5571305060001,0
                37.606212978,67.525520107,0
                37.7541496280001,67.5256781520001,0
                37.8598186630001,67.525791042,0
                37.960255046,67.47834722,0
                38.0185028390001,67.3568899190001,0
                38.0872215790001,67.3252625860001,0
                38.19817971,67.3200976680001,0
                38.3408498410001,67.3043997140001,0
                38.515175528,67.33100324,0
                38.5469778390001,67.2359349750001,0
                38.642181571,67.140934443,0
                38.7637291840001,67.114647007,0
                38.8377087980001,67.1041591270001,0
                39.0173461580001,67.1043510390001,0
                39.2339733260001,67.09929901,0
                39.3818873970001,67.120590862,0
                39.4454073520001,67.009706109,0
                39.635634194,66.9887755020001,0
                39.693684429,67.0522390130001,0
                39.9154990920001,67.1370113090001,0
                39.9578287960001,67.078938496,0
                40.0213092390001,67.0050379040001,0
                40.0636389430001,66.946965091,0
                40.121835935,66.8730588550001,0
                40.032068054,66.825411832,0
                39.9158490500001,66.8094372990001,0
                39.95854274,66.7090972120001,0
                40.0322712550001,66.635207569,0
                40.0852017290001,66.545445333,0
                40.0746969150001,66.4873160750001,0
                39.990184264,66.4660919560001,0
                39.9588808290001,66.3926327550001,0
                40.053798789,66.344643299,0
                40.131916249,66.3051479870001,0
                40.308897449,66.215668276,0
                40.4159936450001,66.161521641,0
                40.553580298,66.0919593720001,0
                40.692561203,66.093563729,0
                40.8330821100001,66.1108674430001,0
                40.955877946,66.1259884950001,0
                41.081718751,66.151759052,0
                41.206029422,66.1772162570001,0
                41.374412362,66.2261594350001,0
                41.5268197280001,66.270459058,0
                41.6645214970001,66.341793652,0
                41.797347389,66.4106023630001,0
                41.918638516,66.47343564,0
                41.9768524410001,66.3836790490001,0
                42.029754693,66.320334072,0
                42.1830763940001,66.22539563,0
                42.336352941,66.1727248020001,0
                42.5688643300001,66.135988996,0
                42.743319839,66.0410731320001,0
                42.8384219700001,66.0411747320001,0
                43.0761773,66.0414287340001,0
                43.277004913,65.988808706,0
                43.456670494,65.9625833590001,0
                43.6627025350001,65.9839373,0
                43.8317447700001,66.0105351810001,0
                44.0113369750001,66.052994708,0
                44.0482308250001,66.1375694480001,0
                43.9899604560001,66.2801605560001,0
                43.9898645000001,66.3699792360001,0
                44.0795477130001,66.4968780340001,0
                44.195698984,66.5762539900001,0
                44.296084567,66.576361235,0
                44.3858806700001,66.597590998,0
                44.544361645,66.618894138,0
                44.7715274930001,66.640270657,0
                44.9564595940001,66.6299013110001,0
                45.062202008,66.5613293270001,0
                45.146737236,66.5614196380001,0
                45.3105693970001,66.5193270030001,0
                45.437394817,66.4983286630001,0
                45.680388442,66.540855923,0
                45.902276484,66.5569433460001,0
                46.108302881,66.5835807390001,0
                46.2561548630001,66.6629905600001,0
                46.3724039640001,66.679337994,0
                46.483309423,66.6949339830001,0
                46.583734517,66.6580570660001,0
                46.647203672,66.5947233780001,0
                46.70013979,66.499677691,0
                46.779470589,66.425794033,0
                46.911556884,66.425935145,0
                46.9431898600001,66.489370433,0
                46.9748002590001,66.573939529,0
                47.1543981090001,66.611115603,0
                47.3234516320001,66.627146581,0
                47.481972118,66.6114655590001,0
                47.6457986350001,66.5746563750001,0
                47.753259541,66.6362149920001,0
                47.867568142,66.7016962860001,0
                48.094705768,66.749490064,0
                48.3746327550001,66.8396079010001,0
                48.6281932840001,66.8821464500001,0
                48.8711473980001,66.961657872,0
                49.0269981810001,67.008321052,0
                49.1722081940001,67.0517982870001,0
                49.378138634,67.16825436,0
                49.5154237130001,67.2476528920001,0
                49.652849904,67.1949651310001,0
                49.811359102,67.1898510140001,0
                49.9698513660001,67.2005872510001,0
                50.122981156,67.2852861690001,0
                50.307873746,67.3119009850001,0
                50.492738113,67.3649330590001,0
                50.6829988210001,67.3123017410001,0
                50.8415926850001,67.2279358470001,0
                50.841716864,67.111699908,0
                50.9474536320001,67.048411376,0
                51.0848572460001,67.016857422,0
                51.2393063760001,67.0348456950001,0
                51.359562871,67.0488516450001,0
                51.5391889420001,67.05961046,0
                51.8350622410001,67.0599265500001,0
                51.9513997810001,66.964948597,0
                51.951523959,66.8487126590001,0
                52.00255451,66.7266069300001,0
                52.0574639290001,66.5952198620001,0
                52.057667457,66.404709192,0
                52.057847753,66.235945142,0
                52.131951545,66.109221323,0
                52.343289616,66.1094471010001,0
                52.428833846,66.1681116350001,0
                52.543914026,66.2470313370001,0
                52.596556633,66.4267251420001,0
                52.744561015,66.3634817660001,0
                52.8253834940001,66.332791087,0
                52.9665563020001,66.2791836060001,0
                53.167429069,66.1842959630001,0
                53.3999235250001,66.163410512,0
                53.39976548,66.3113471620001,0
                53.399596145,66.4698507150001,0
                53.536796558,66.628501025,0
                53.5578174760001,66.7341926380001,0
                53.4731242020001,66.882038976,0
                53.589281118,66.9561314790001,0
                53.7899619740001,67.040881197,0
                53.9059947120001,67.23120964,0
                54.1384101450001,67.2842925140001,0
                54.3707014,67.453611327,0
                54.582039471,67.453837106,0
                54.8145113480001,67.4540854620001,0
                54.814748417,67.232180488,0
                54.709271293,67.0524302380001,0
                54.7093841820001,66.9467612030001,0
                54.8151435300001,66.862338864,0
                54.751877575,66.735468288,0
                54.6145868520001,66.661353207,0
                54.496863165,66.6340537040001,0
                54.339915094,66.597658273,0
                54.086309408,66.5973873390001,0
                53.8327827460001,66.5231480790001,0
                53.7061040820001,66.4067766740001,0
                53.8646640790001,66.35411149,0
                54.023561391,66.324151618,0
                54.1711663720001,66.2963208990001,0
                54.3111778430001,66.2964704780001,0
                54.406217886,66.3546900480001,0
                54.459007248,66.3970141070001,0
                54.559384365,66.4050465290001,0
                54.6782479180001,66.418382159,0
                54.8235400200001,66.421179108,0
                54.945017078,66.460934819,0
                55.1351479630001,66.5298228930001,0
                55.1659206300001,66.469463009,0
                55.2145662510001,66.3740457330001,0
                55.172349438,66.3264495110001,0
                55.1354301870001,66.2656503040001,0
                55.206801941,66.2234588900001,0
                55.3098292500001,66.223568958,0
                55.4181174340001,66.2448184770001,0
                55.531691891,66.263431913,0
                55.6690362370001,66.2873542030001,0
                55.769382309,66.3244456100001,0
                55.8644279970001,66.377381728,0
                55.9489660470001,66.3748303140001,0
                56.020329336,66.3405640780001,0
                56.09434846,66.293092035,0
                56.141950326,66.245591769,0
                56.2397534510001,66.1902199470001,0
                56.319050384,66.148037,0
                56.3772558420001,66.0662055880001,0
                56.385339065,65.9182774050001,0
                56.451528969,65.7809782140001,0
                56.5441474190001,65.633140343,0
                56.6129621150001,65.5116943300001,0
                56.6130919380001,65.3901749400001,0
                56.6475472640001,65.2845425930001,0
                56.7215917890001,65.2132950170001,0
                56.803553025,65.149981085,0
                56.909233349,65.139527071,0
                57.01489674,65.1449234120001,0
                57.099423501,65.152938901,0
                57.1442566420001,65.2243134780001,0
                57.1151186340001,65.2982507580001,0
                57.0595915900001,65.3457425570001,0
                56.959107229,65.438095719,0
                56.9405361250001,65.5120442880001,0
                56.937736354,65.6599781150001,0
                56.9164840130001,65.7709080240001,0
                56.855693273,65.7999020980001,0
                56.7499536820001,65.8658323550001,0
                56.7102459480001,65.942400073,0
                56.7313120220001,66.0058240710001,0
                56.7681974070001,66.0983239890001,0
                56.736431784,66.159049818,0
                56.694104904,66.2144809050001,0
                56.6279827330001,66.2883786740001,0
                56.514320787,66.3516587390001,0
                56.416520485,66.404388834,0
                56.3451515520001,66.4439385220001,0
                56.152218073,66.525626001,0
                55.964641424,66.5386342520001,0
                55.861631048,66.52267383,0
                55.7401031900001,66.5304691850001,0
                55.5842582970001,66.5144523180001,0
                55.4205079810001,66.4799349020001,0
                55.3386144790001,66.4798474140001,0
                55.275108635,66.577523537,0
                55.243328901,66.651457995,0
                55.2670282340001,66.722809994,0
                55.354162855,66.762529016,0
                55.354109233,66.812721808,0
                55.3487354690001,66.897251392,0
                55.311677929,66.965896754,0
                55.3829734830001,66.9950319380001,0
                55.493906214,67.0136425540001,0
                55.6576988640001,67.0085340810001,0
                55.784524284,66.987535741,0
                55.8796659270001,66.950653179,0
                56.0779223690001,66.831987182,0
                56.223290671,66.763457531,0
                56.4320180610001,66.734621503,0
                56.582576681,66.753274452,0
                56.7860262620001,66.7191493270001,0
                56.947171542,66.719321483,0
                57.116230709,66.7300690110001,0
                57.115168689,66.614613772,0
                57.055614948,66.595276079,0
                56.91036518,66.552853241,0
                56.799452204,66.515750546,0
                56.7520224940001,66.4021055320001,0
                56.81285839,66.3308438450001,0
                56.9132496180001,66.325667638,0
                57.048000216,66.3046777650001,0
                57.2038140650001,66.349753617,0
                57.3120599150001,66.4106290240001,0
                57.4229841800001,66.4371648160001,0
                57.59731551,66.4584848910001,0
                57.80068607,66.4983280910001,0
                57.945978171,66.50112504,0
                58.0912420500001,66.530339247,0
                58.138889072,66.4405713680001,0
                58.022709578,66.3876126710001,0
                57.880110003,66.337267479,0
                57.8352994410001,66.2447590950001,0
                57.917218344,66.2210710520001,0
                58.0651549930001,66.221229097,0
                58.186665917,66.2292840970001,0
                58.376802447,66.2928887200001,0
                58.5070419830001,66.373160302,0
                58.648855058,66.3354470240001,0
                58.905308491,66.1428747900001,0
                58.9371164470001,66.042523074,0
                59.1625964040001,65.9934516880001,0
                59.409059649,66.0852949270001,0
                59.5578034960001,66.154138786,0
                59.7500166250001,66.2886309680001,0
                59.9160076100001,66.332397879,0
                60.006682407,66.355389733,0
                60.217299455,66.4453377570001,0
                60.4159636520001,66.5301810880001,0
                60.408761004,66.678110212,0
                60.243324783,66.641161095,0
                60.0284427880001,66.593168582,0
                59.892345203,66.5187447690001,0
                59.7186609080001,66.4237669820001,0
                59.6501107830001,66.3839099800001,0
                59.48371946,66.2623705240001,0
                59.3666490420001,66.2190972160001,0
                59.2106979010001,66.214598498,0
                59.055932639,66.210133989,0
                58.8839799500001,66.3251312990001,0
                58.7650063290001,66.4148229780001,0
                58.7112075100001,66.4931367940001,0
                58.6054782670001,66.5493807230001,0
                58.421443675,66.5439006560001,0
                58.4503897700001,66.6496007360001,0
                58.450331444,66.7041964050001,0
                58.36578869,66.7111506960001,0
                58.267134153,66.739223741,0
                58.1403313100001,66.739088275,0
                57.9361055750001,66.6754686,0
                57.6755079700001,66.6258779230001,0
                57.562809384,66.611668303,0
                57.4148802600001,66.6044656560001,0
                57.2616328780001,66.6298386490001,0
                57.2757045650001,66.7382250410001,0
                57.344246088,66.7805054550001,0
                57.555062482,66.8183836870001,0
                57.7386685610001,66.8513729330001,0
                57.931347745,66.8791086080001,0
                58.1331060850001,66.9081512050001,0
                58.3655779630001,66.9083995610001,0
                58.583960636,66.9086328660001,0
                58.7813299170001,66.7961299550001,0
                58.9714815,66.8456453730001,0
                59.18278194,66.8810941630001,0
                59.359568295,66.881283029,0
                59.492744444,66.881425306,0
                59.7991771210001,66.888797287,0
                59.9505984420001,66.924182107,0
                60.1195484840001,67.0370763670001,0
                60.196918694,67.1498727910001,0
                60.3165640440001,67.255669767,0
                60.37992031,67.2980051150001,0
                60.457410936,67.298087901,0
                60.591258381,67.298230894,0
                60.711016622,67.298358836,0
                60.7674788030001,67.1997946100001,0
                60.8099044630001,67.0519031170001,0
                60.9579540010001,66.946392126,0
                61.0778025530001,66.8619848390001,0
                60.9862829300001,66.805530183,0
                60.866539742,66.7913130370001,0
                60.6341657020001,66.699484849,0
                60.6977025900001,66.5727497410001,0
                60.8350497580001,66.5940303040001,0
                60.9547703690001,66.629381257,0
                61.092128825,66.6400949160001,0
                61.2153679740001,66.6789719340001,0
                61.3245254440001,66.7107892970001,0
                61.486506143,66.7532300080001,0
                61.690724351,66.8238942840001,0
                61.8843794200001,66.891024971,0
                62.060464375,66.9193915290001,0
                62.222460126,66.9477430360001,0
                62.363389802,66.912670543,0
                62.423359234,66.828199286,0
                62.3071684510001,66.785807493,0
                62.1663328480001,66.7328224560001,0
                62.000814797,66.704467186,0
                61.8141817530001,66.6584778330001,0
                61.662794299,66.5913923030001,0
                61.687582111,66.4681381020001,0
                61.694773469,66.3307758820001,0
                61.6068175400001,66.235579676,0
                61.550505877,66.193251854,0
                61.399088319,66.1543447330001,0
                61.212474091,66.0907438740001,0
                61.0469635650001,66.0553440020001,0
                60.8920349950001,66.005866214,0
                60.7159989580001,65.9317097410001,0
                60.5539731040001,65.9315366440001,0
                60.3779220160001,65.8714693750001,0
                60.279365317,65.80796259,0
                60.268911302,65.7022822650001,0
                60.3042660180001,65.579039354,0
                60.290252073,65.5085782780001,0
                60.1951311270001,65.5260881840001,0
                59.9838043450001,65.5152955020001,0
                59.7935775030001,65.5362261080001,0
                59.691406548,65.5930069760001,0
                59.546869664,65.6733324460001,0
                59.455301122,65.6626677040001,0
                59.3250023200001,65.6378723650001,0
                59.2088378770001,65.570824465,0
                59.078587993,65.5002392110001,0
                58.9905944340001,65.4402660170001,0
                58.881572432,65.281645811,0
                58.7725127990001,65.1582486170001,0
                58.6739485740001,65.1017864350001,0
                58.610596071,65.055928786,0
                58.6141973960001,64.9819642250001,0
                58.66006257,64.91156712,0
                58.709483913,64.8094730670001,0
                58.7623824020001,64.749650391,0
                58.8258778970001,64.661660596,0
                58.7977898,64.577095264,0
                58.7450305410001,64.5065927960001,0
                58.6993271750001,64.4255309500001,0
                58.681809743,64.3374546050001,0
                58.727674918,64.2670575000001,0
                58.840414896,64.2425218070001,0
                58.9460575910001,64.2672908050001,0
                59.0129286320001,64.3166745180001,0
                59.0128420830001,64.3976874460001,0
                59.0867502,64.4541232870001,0
                59.1817958880001,64.5070594040001,0
                59.2944568440001,64.5564920360001,0
                59.3754133260001,64.6094131030001,0
                59.4246578090001,64.672867206,0
                59.4034562680001,64.736246049,0
                59.3505728310001,64.78197952,0
                59.3223003480001,64.870006946,0
                59.343373947,64.926386343,0
                59.396163309,64.9687104010001,0
                59.4947425870001,65.0110833790001,0
                59.5862810240001,65.0499265290001,0
                59.6919011410001,65.095829334,0
                59.850389642,65.1100878730001,0
                59.963155962,65.0608960710001,0
                60.0829405430001,65.036367904,0
                60.2026724420001,65.0611519540001,0
                60.308311373,65.0894432530001,0
                60.4456623040001,65.107201515,0
                60.649955773,65.1074197680001,0
                60.900035394,65.1112092400001,0
                61.083183766,65.1219718190001,0
                61.206411626,65.17141574,0
                61.3014686020001,65.2137849540001,0
                61.333075238,65.301876351,0
                61.3153357910001,65.4216157760001,0
                61.315249243,65.5026287040001,0
                61.3539192960001,65.5731161190001,0
                61.406697369,65.6260070820001,0
                61.5686705410001,65.675492395,0
                61.720061759,65.739055625,0
                61.8538903890001,65.7568101240001,0
                61.963044096,65.7921497880001,0
                62.1109694560001,65.8028747370001,0
                62.2800173350001,65.824189167,0
                62.29397756,65.7547737470001,0
                62.2952032090001,65.7486793640001,0
                62.308346263,65.683327223,0
                62.230855637,65.683244438,0
                62.044203779,65.654866591,0
                61.896391307,65.538472606,0
                61.825297591,65.452974587,0
                61.7380909550001,65.3480990080001,0
                61.6854370600001,65.178972107,0
                61.537703611,64.988609798,0
                61.337045334,64.8827262730001,0
                61.0940065520001,64.882466628,0
                60.9038474440001,64.839995813,0
                60.724210084,64.8398039,0
                60.512973614,64.7444759900001,0
                60.35447006,64.744306656,0
                60.206601145,64.68074719,0
                60.1222352510001,64.522153325,0
                60.185783428,64.3848513130001,0
                60.263443388,64.226430545,0
                60.2635675660001,64.1101946060001,0
                60.0805433720001,63.983196089,0
                59.9854412400001,63.9830944880001,0
                59.869318191,63.877301274,0
                59.6791929500001,63.803129749,0
                59.5032284100001,63.662049553,0
                59.4610435810001,63.584513771,0
                59.4963719570001,63.4859269680001,0
                59.545819641,63.359176807,0
                59.5530373400001,63.1971584780001,0
                59.5531201250001,63.1196678530001,0
                59.623724194,62.9718064630001,0
                59.623957498,62.7534237900001,0
                59.5607291740001,62.5913302020001,0
                59.518702391,62.36585777,0
                59.540024347,62.1897652900001,0
                59.5965091080001,62.0700672560001,0
                59.751543041,62.0209206120001,0
                59.82917666,61.8871559520001,0
                59.815207871,61.7744272620001,0
                59.709681828,61.6404669280001,0
                59.674631913,61.478403444,0
                59.653671204,61.316355012,0
                59.6749705820001,61.161396338,0
                59.6962624340001,61.013482266,0
                59.640071187,60.858440806,0
                59.534462359,60.8019710980001,0
                59.4218014030001,60.7525384670001,0
                59.3443484060001,60.7172326690001,0
                59.238739578,60.660762961,0
                59.2177412390001,60.5339375400001,0
                59.217914336,60.3719116870001,0
                59.2885936640001,60.153604273,0
                59.2747377640001,59.9352065480001,0
                59.2749785950001,59.709779272,0
                59.3173590980001,59.604155393,0
                59.4090518190001,59.498584195,0
                59.416186732,59.414056493,0
                59.4726865440001,59.2802692550001,0
                59.515029418,59.209868387,0
                59.6490198560001,59.0761639360001,0
                59.7195787690001,58.9705701600001,0
                59.8042344130001,58.857946833,0
                59.846780487,58.5973417020001,0
                59.9034082410001,58.3437962250001,0
                59.9529311850001,58.1466000400001,0
                60.0165884880001,57.9071512940001,0
                60.0329038830001,57.7585278550001,0
                60.0521576940001,57.5831372150001,0
                60.073472124,57.4140893360001,0
                60.0771058190001,57.258077201,0
                60.0808553950001,57.0970897560001,0
                60.151399256,57.005585185,0
                60.2149135670001,56.8999838830001,0
                60.271353171,56.8225534650001,0
                60.27150369,56.681661418,0
                60.2716993650001,56.4985017560001,0
                60.2718950400001,56.3153420950001,0
                60.2298532040001,56.1039588680001,0
                60.1807818180001,55.8784789110001,0
                60.0965250510001,55.617738312,0
                60.0402886470001,55.504964467,0
                59.9347174490001,55.4132717470001,0
                59.7586927020001,55.3285483700001,0
                59.6743079930001,55.1875660110001,0
                59.554655116,55.088813637,0
                59.4138684320001,54.9900386840001,0
                59.216837818,54.785534489,0
                59.1240172560001,54.7144962150001,0
                59.023269299,54.637390876,0
                58.935339711,54.517538561,0
                58.843917925,54.3695040740001,0
                58.6961092170001,54.249587789,0
                58.576501496,54.108567801,0
                58.421655711,53.981599386,0
                58.2949958620001,53.8476164740001,0
                58.154246808,53.713618511,0
                58.1543521720001,53.6149940770001,0
                58.076997013,53.488108449,0
                58.0772679470001,53.2345027640001,0
                58.0774335190001,53.079521513,0
                58.042368552,52.9315472330001,0
                57.9792004350001,52.713096826,0
                57.97935848,52.5651601770001,0
                57.923189811,52.38898491,0
                57.87405069,52.2269063740001,0
                57.8741711060001,52.1141927370001,0
                57.7525038950001,52.045076221,0
                57.6629607720001,51.994208724,0
                57.6065286830001,52.064594448,0
                57.557141207,52.1349877900001,0
                57.507753731,52.2053811330001,0
                57.423143243,52.275736845,0
                57.3067643110001,52.409460111,0
                57.4229249900001,52.480030313,0
                57.422804575,52.5927439500001,0
                57.3170377020001,52.6842108920001,0
                57.2414146790001,52.7764378150001,0
                57.1900692880001,52.839056676,0
                57.2497715490001,53.004668802,0
                57.348316959,53.0787424910001,0
                57.443302438,53.188035428,0
                57.4995727090001,53.269108563,0
                57.5347279870001,53.332547613,0
                57.5487268800001,53.4170978940001,0
                57.513409794,53.5051177930001,0
                57.446425864,53.5614031160001,0
                57.3371931340001,53.600031776,0
                57.1962860360001,53.6139704620001,0
                57.062397198,53.652572782,0
                56.9707421080001,53.722920968,0
                56.9530177120001,53.8285711890001,0
                56.9810757060001,53.94131493,0
                57.0444132380001,54.001261802,0
                57.1394772260001,54.0365862300001,0
                57.2380866080001,54.050780794,0
                57.3296513870001,54.0649678360001,0
                57.4071420130001,54.0650506220001,0
                57.4846213500001,54.075700311,0
                57.555067373,54.0757755700001,0
                57.6466287000001,54.0934850560001,0
                57.7311226570001,54.1323207080001,0
                57.7909679100001,54.1640853900001,0
                57.850790585,54.2169838780001,0
                57.8683456470001,54.269837211,0
                57.7767357120001,54.2979177830001,0
                57.67103281,54.3295056040001,0
                57.593515843,54.3540789260001,0
                57.4913540570001,54.3680590050001,0
                57.361028913,54.3679197750001,0
                57.276452292,54.4065747760001,0
                57.3115398370001,54.533415248,0
                57.3923796670001,54.6955276510001,0
                57.3992699870001,54.8399495250001,0
                57.3814891470001,54.9984342640001,0
                57.3144261940001,55.128687911,0
                57.20160343,55.23071423,0
                57.085322336,55.2728576650001,0
                57.014812341,55.332661526,0
                56.905598427,55.3536786810001,0
                56.831566131,55.4134787780001,0
                56.792726744,55.5014949150001,0
                56.7926100920001,55.6106862520001,0
                56.813646061,55.7022886600001,0
                56.8488201540001,55.748116205,0
                56.8945649140001,55.790432738,0
                56.947331698,55.8538906040001,0
                57.0106766320001,55.906792791,0
                57.2077672230001,55.9642713170001,0
                57.4260600210001,56.0279331420001,0
                57.611920045,56.0821364340001,0
                57.7501299480001,56.1224432820001,0
                57.75034829,55.918067077,0
                57.7505815060001,55.6997671410001,0
                57.7930146910001,55.5448310450001,0
                57.8671335350001,55.4040180200001,0
                57.9578986430001,55.342474646,0
                57.9579550880001,55.289640128,0
                57.9580510430001,55.1998214490001,0
                57.9581272440001,55.128494849,0
                58.000448481,55.0783472140001,0
                58.0585974950001,55.0493503180001,0
                58.1008594640001,55.0546789250001,0
                58.169536087,55.0626775650001,0
                58.2329119500001,55.0865207790001,0
                58.3041937460001,55.1288647010001,0
                58.3728531100001,55.1527135950001,0
                58.4652738610001,55.189796476,0
                58.570892412,55.2374605590001,0
                58.650110006,55.2692458080001,0
                58.724041915,55.3036673770001,0
                58.7821147290001,55.345997079,0
                58.8058197060001,55.4120656270001,0
                58.755547891,55.485980329,0
                58.6630479740001,55.522865714,0
                58.5758456200001,55.546548113,0
                58.5124103320001,55.57818109,0
                58.462178028,55.6151116290001,0
                58.419876548,55.6467671840001,0
                58.4039612810001,55.7075099470001,0
                58.4409172210001,55.7339667160001,0
                58.5174901080001,55.7683907800001,0
                58.6152424750001,55.7605700730001,0
                58.683944282,55.744793095,0
                58.7579436510001,55.715813133,0
                58.8583631020001,55.684219667,0
                58.8953472640001,55.684259179,0
                58.9402566040001,55.684307157,0
                59.0009965840001,55.7028641960001,0
                59.0220658710001,55.763646593,0
                58.9559408790001,55.8401860870001,0
                58.871346384,55.89557202,0
                58.776232963,55.9060373230001,0
                58.6916469350001,55.9534980770001,0
                58.617633454,55.9956866690001,0
                58.567378573,56.053751016,0
                58.577886209,56.1092385480001,0
                58.614822358,56.1541873030001,0
                58.688773354,56.1701166070001,0
                58.7468913230001,56.1701786960001,0
                58.828784727,56.1702663030001,0
                58.8022863680001,56.2468482690001,0
                58.725567192,56.3489131580001,0
                58.699055989,56.4369422830001,0
                58.7994075760001,56.468750422,0
                58.8485767990001,56.602650548,0
                58.799159219,56.7012222990001,0
                58.65821449,56.750383997,0
                58.4890114390001,56.8743168330001,0
                58.326985585,56.8741437360001,0
                58.1507472380001,56.989358608,0
                58.059099673,57.0526621910001,0
                58.023726142,57.193516609,0
                58.044724482,57.3203420300001,0
                57.938935031,57.432942778,0
                57.8683234360001,57.5878487700001,0
                57.8611433670001,57.7146440870001,0
                57.748361995,57.777925092,0
                57.6778256600001,57.862385062,0
                57.614266194,58.010253978,0
                57.381734109,58.06636244,0
                57.2407969060001,58.1084795350001,0
                57.0647119500001,58.0801129760001,0
                56.937969315,58.02362069,0
                56.7548849130001,57.9529789910001,0
                56.564605391,58.0232218140001,0
                56.444756839,58.107629101,0
                56.46580786,58.1851423050001,0
                56.564372086,58.2416044880001,0
                56.6981216930001,58.3333273120001,0
                56.838968585,58.3757454450001,0
                56.852922322,58.5025633390001,0
                56.7401484760001,58.5587997420001,0
                56.5922193530001,58.551597095,0
                56.4373585170001,58.4387178860001,0
                56.2472144610001,58.3821578660001,0
                56.113374542,58.3749702710001,0
                55.909163859,58.2972613920001,0
                55.8036679200001,58.135122648,0
                55.6558441600001,58.0292955680001,0
                55.536198809,57.9234985910001,0
                55.3812326090001,57.9092438150001,0
                55.2474604240001,57.8386547980001,0
                55.1278225990001,57.7258132200001,0
                55.0080944630001,57.6975068690001,0
                54.6981319590001,57.6971757270001,0
                54.437489197,57.6898526640001,0
                54.2703062260001,57.689674057,0
                54.120482092,57.6895139960001,0
                53.9373224300001,57.68931832,0
                53.6625453090001,57.7242478200001,0
                53.4300583780001,57.738088668,0
                53.1764827980001,57.7096393240001,0
                52.9798390270001,57.6871649660001,0
                52.803164028,57.666972834,0
                52.63729606,57.650845132,0
                52.4368823350001,57.631358472,0
                52.2584216830001,57.590456299,0
                52.0354378380001,57.5393496620001,0
                51.8900940820001,57.4962383060001,0
                51.7255731710001,57.4474386900001,0
                51.4931238710001,57.4260565260001,0
                51.239525712,57.4187409890001,0
                51.0141210150001,57.3973663510001,0
                50.859132237,57.4042453820001,0
                50.5773406170001,57.410988946,0
                50.40116535,57.4671576160001,0
                50.2179078510001,57.5585417720001,0
                50.083970095,57.6429340070001,0
                49.9007652780001,57.685005946,0
                49.7176206680001,57.670721067,0
                49.703681982,57.529813968,0
                49.809381122,57.5017484480001,0
                49.893999136,57.4243481330001,0
                49.9293199850001,57.332805933,0
                49.844897646,57.227046585,0
                49.718185115,57.14237589,0
                49.5844279820001,57.0576976680001,0
                49.422409653,57.050479968,0
                49.2181462890001,57.0220833060001,0
                49.0420312300001,57.0218951580001,0
                48.908251518,56.958350743,0
                48.866084615,56.8640363740001,0
                48.788673902,56.789152345,0
                48.6548339830001,56.7819647490001,0
                48.5209714860001,56.7959109620001,0
                48.3237226200001,56.795700234,0
                48.1617110760001,56.7814379710001,0
                48.013870051,56.6897000320001,0
                47.8307629510001,56.6401914030001,0
                47.682803146,56.6682128510001,0
                47.4996358380001,56.6750609010001,0
                47.351772236,56.6044564320001,0
                47.2179780870001,56.555002775,0
                47.0841312590001,56.554859783,0
                47.0806744670001,56.6258111170001,0
                47.027486303,56.8224932300001,0
                47.126021898,56.9071347610001,0
                47.3091967330001,56.8932406930001,0
                47.527547333,56.9216534810001,0
                47.682502109,56.9499962510001,0
                47.767020931,56.964176303,0
                47.9360359980001,57.013669878,0
                48.0416477150001,57.070139451,0
                48.041564931,57.147629599,0
                47.9358177460001,57.21796313,0
                47.7456119460001,57.217759927,0
                47.5695207580001,57.1964383110001,0
                47.386406132,57.1539734080001,0
                47.1891844180001,57.1255854830001,0
                47.0342388070001,57.097240432,0
                46.8792087730001,57.1393417950001,0
                46.73821809,57.2307711660001,0
                46.5902131300001,57.301059551,0
                46.5337111650001,57.4348484610001,0
                46.6322693400001,57.4983542320001,0
                46.7519564030001,57.5618825760001,0
                46.9632384080001,57.6114213050001,0
                47.202659323,57.7032570820001,0
                47.4139413280001,57.7527958100001,0
                47.526614114,57.7951831680001,0
                47.5546987060001,57.879749433,0
                47.47715064,57.9360233310001,0
                47.322143184,57.9569912250001,0
                47.1601666070001,57.9145511950001,0
                46.969998436,57.879124781,0
                46.843197624,57.8789893160001,0
                46.7163441330001,57.9281645140001,0
                46.5542831320001,57.956170897,0
                46.4063459070001,57.9630565850001,0
                46.30775763,57.9277280090001,0
                46.293778483,57.8220456110001,0
                46.1740989480001,57.7514712500001,0
                45.9909767950001,57.7160523630001,0
                45.8431056680001,57.652491619,0
                45.7305307190001,57.5185243710001,0
                45.885575805,57.462333265,0
                45.9913305150001,57.3849560090001,0
                46.1462836540001,57.406255043,0
                46.2871689740001,57.413449289,0
                46.378763916,57.3994596740001,0
                46.4256134130001,57.263636499,0
                46.456492607,57.1741134470001,0
                46.38622386,57.0120141680001,0
                46.562375257,56.9769791030001,0
                46.689213699,56.9418913580001,0
                46.7949712830001,56.8618225960001,0
                46.8796302260001,56.7448450350001,0
                46.886932125,56.505336099,0
                46.7319848760001,56.469947313,0
                46.591101194,56.4697968020001,0
                46.4924451800001,56.4978709230001,0
                46.351477075,56.568166826,0
                46.231660436,56.6173495410001,0
                46.083580216,56.7580843490001,0
                45.879079184,56.9480696000001,0
                45.667669237,57.018290248,0
                45.4493111100001,56.9969234770001,0
                45.2662190630001,56.9333251050001,0
                45.308636517,56.7924797050001,0
                45.4496196760001,56.7080940600001,0
                45.4427166520001,56.574239704,0
                45.315996989,56.4895680640001,0
                45.1469593420001,56.461210249,0
                44.9849225570001,56.475126898,0
                44.8791828990001,56.5384144120001,0
                44.7874901180001,56.6439862080001,0
                44.723979768,56.742542089,0
                44.625237955,56.859504605,0
                44.5476025950001,56.9889141300001,0
                44.4771607530001,56.9888388750001,0
                44.2869549530001,56.988635672,0
                44.1178721520001,57.0025447950001,0
                43.9276287210001,57.0375648040001,0
                43.7726062130001,57.07262244,0
                43.638706701,57.121792402,0
                43.497678389,57.248444985,0
                43.4200851680001,57.3469858190001,0
                43.30027769,57.3961708360001,0
                43.27219146,57.3045608350001,0
                43.272319403,57.184801458,0
                43.32173772,57.086230523,0
                43.413490709,56.924302047,0
                43.4206571400001,56.8115962140001,0
                43.3361834730001,56.755149223,0
                43.188259664,56.740901433,0
                42.991022899,56.726600961,0
                42.8430856730001,56.733488939,0
                42.638787839,56.7332706820001,0
                42.392275752,56.6836943160001,0
                42.237247354,56.7328417040001,0
                42.1596269030001,56.85687052,0
                41.8847865160001,56.9508484040001,0
                41.6030083520001,56.9435013470001,0
                41.29306281,56.929080464,0
                41.321087194,57.070003409,0
                41.4055458080001,57.1405401420001,0
                41.3561274910001,57.2391110780001,0
                41.22928905,57.2741988240001,0
                41.088351049,57.316315241,0
                40.926314264,57.330231891,0
                40.7502289650001,57.2948205230001,0
                40.771494955,57.1750860180001,0
                40.89842371,57.055462106,0
                40.898536597,56.949794764,0
                40.729491427,56.9284783840001,0
                40.581552566,56.9283203360001,0
                40.468806156,56.9634231370001,0
                40.3630740240001,57.0196669250001,0
                40.2644405880001,57.026607577,0
                40.1939912220001,57.033576048,0
                40.095335209,57.061650168,0
                39.926259934,57.0685132740001,0
                39.771267531,57.0753914250001,0
                39.6725588350001,57.1527785000001,0
                39.552736307,57.216050968,0
                39.418851848,57.2511311870001,0
                39.292026821,57.2650854550001,0
                39.1863339560001,57.293149767,0
                39.122853709,57.3635284520001,0
                39.010092247,57.4127209960001,0
                38.8216212020001,57.435414645,0
                38.578538866,57.4774219390001,0
                38.3882992000001,57.5089189390001,0
                38.3934674670001,57.6198787340001,0
                38.472596007,57.730915252,0
                38.5623263750001,57.8155450850001,0
                38.5728117940001,57.889525802,0
                38.614977131,57.9846738570001,0
                38.7047018530001,58.0745882030001,0
                38.6781732740001,58.180227325,0
                38.5143662310001,58.195903591,0
                38.3980903510001,58.232764128,0
                38.3136298540001,58.1639888990001,0
                38.1815986820001,58.1110141140001,0
                38.223944644,58.037089838,0
                38.224068822,57.9208534690001,0
                38.261193586,57.7940898840001,0
                38.160926998,57.683030783,0
                38.0659267620001,57.582544055,0
                37.933923813,57.5031512900001,0
                37.7437892660001,57.444829912,0
                37.606409204,57.4499653730001,0
                37.522010794,57.323074251,0
                37.4480300750001,57.333561961,0
                37.326557703,57.2858806840001,0
                37.2791429500001,57.1643090100001,0
                37.252840147,57.058613446,0
                37.2053484960001,57.0004444590001,0
                37.1367279570001,56.942252899,0
                36.98883425,56.8998279140001,0
                36.941257932,56.9209105790001,0
                36.8566958370001,56.9472359600001,0
                36.7615805840001,56.96298561,0
                36.613686876,56.9205606260001,0
                36.5080431750001,56.8940297520001,0
                36.386512232,56.909751181,0
                36.286104532,56.9307774060001,0
                36.1645587840001,56.951781048,0
                36.079940241,57.0309423900001,0
                35.9848327600001,57.0308407850001,0
                35.937186581,57.125892891,0
                35.820910703,57.162751138,0
                35.7152387790001,57.162638245,0
                35.6042892130001,57.162519714,0
                35.403535902,57.1464562690001,0
                35.223905834,57.1356976180001,0
                35.0231412370001,57.1301986170001,0
                34.9015954880001,57.1512022590001,0
                34.7852800950001,57.2250475110001,0
                34.753434365,57.367665711,0
                34.700497866,57.4574276480001,0
                34.6897810200001,57.6000707110001,0
                34.763699651,57.647701184,0
                34.8217670340001,57.6953147240001,0
                34.8375505490001,57.7587320640001,0
                34.8744234380001,57.859156693,0
                34.895426021,57.9859823780001,0
                35.0661770140001,58.0197123900001,0
                35.2944458480001,58.064804429,0
                35.487048128,58.102850926,0
                35.4501491440001,58.018275245,0
                35.3815455370001,57.944234728,0
                35.349955934,57.8385312250001,0
                35.482077415,57.8069721360001,0
                35.5719488940001,57.759516644,0
                35.6987497060001,57.7596521090001,0
                35.7780172290001,57.7491700460001,0
                35.894310041,57.6964605530001,0
                36.031680943,57.6913227920001,0
                36.137369801,57.675584438,0
                36.290648391,57.61763223,0
                36.5390401110001,57.5544948250001,0
                36.650023542,57.522913153,0
                36.7926756000001,57.523065552,0
                36.8665603650001,57.6023962290001,0
                36.8611811230001,57.6974934900001,0
                36.776607739,57.7343856050001,0
                36.7025987960001,57.7712912970001,0
                36.654982966,57.8293586780001,0
                36.5282047310001,57.8080897450001,0
                36.3644259110001,57.797348028,0
                36.227038077,57.8183347450001,0
                36.11601726,57.8763343890001,0
                35.968038887,57.9131610580001,0
                35.973207157,58.0241185610001,0
                36.0524577470001,58.029485455,0
                36.1369859770001,58.0348602780001,0
                36.2584999860001,58.0349900950001,0
                36.380011869,58.045686656,0
                36.4169016910001,58.1302623280001,0
                36.337586887,58.193578072,0
                36.2318698070001,58.2357321170001,0
                36.184220107,58.3255019920001,0
                36.1841410870001,58.399469132,0
                36.1576181510001,58.499826033,0
                36.073022188,58.557853908,0
                36.0042887590001,58.6053319820001,0
                35.9883528450001,58.6845667010001,0
                36.0358162730001,58.769153669,0
                36.093889302,58.811482696,0
                36.056804049,58.9012615660001,0
                35.951101776,58.938133399,0
                35.7715337980001,58.8692565650001,0
                35.687095879,58.7793478670001,0
                35.687270858,58.6155600480001,0
                35.771911978,58.5152652370001,0
                35.661013213,58.467595257,0
                35.539535196,58.425198492,0
                35.4550577680001,58.3722722200001,0
                35.402373143,58.2348459410001,0
                35.262833223,58.204165576,0
                35.0814848050001,58.1642928590001,0
                34.8952792650001,58.1233522150001,0
                34.831744456,58.2448030690001,0
                34.831614631,58.366323949,0
                34.810372853,58.4719710110001,0
                34.657068167,58.5457744550001,0
                34.498525349,58.5825898370001,0
                34.4351916140001,58.524403926,0
                34.350693731,58.4820466680001,0
                34.208041672,58.4818942690001,0
                34.070614327,58.539865702,0
                33.9543610260001,58.555590479,0
                33.8487116800001,58.534344118,0
                33.7693855840001,58.6082288870001,0
                33.72703398,58.6874353850001,0
                33.600178849,58.7295668470001,0
                33.542026799,58.761204961,0
                33.4628135940001,58.7294200960001,0
                33.314942467,58.665859352,0
                33.2198949460001,58.618208596,0
                33.1089757300001,58.5811053400001,0
                33.0297173700001,58.5915874120001,0
                32.9293435370001,58.5809134340001,0
                32.7973180110001,58.522654136,0
                32.6599266590001,58.538358621,0
                32.554184874,58.6122128800001,0
                32.4062290790001,58.6279060790001,0
                32.300619243,58.569675003,0
                32.1843207850001,58.6276690080001,0
                32.0944528260001,58.6804067310001,0
                32.0098251210001,58.7595680640001,0
                31.898807821,58.8228522300001,0
                31.782520655,58.870277211,0
                31.608171745,58.864808721,0
                31.497278626,58.8118542280001,0
                31.3969555910001,58.7536310900001,0
                31.312534606,58.6478711450001,0
                31.138233676,58.597492317,0
                31.0589774420001,58.597407645,0
                30.9586487660001,58.544464438,0
                30.8926416470001,58.5100525670001,0
                30.8002047260001,58.488820321,0
                30.7209548320001,58.491376771,0
                30.7366847220001,58.604988962,0
                30.69440932,58.61286714,0
                30.6124747530001,58.6497643650001,0
                30.641447419,58.726405947,0
                30.6413768630001,58.7924497540001,0
                30.5409945650001,58.789699108,0
                30.451227509,58.73941059,0
                30.3958306860001,58.6706664100001,0
                30.324533941,58.638890003,0
                30.2849199350001,58.625639822,0
                30.213584376,58.638771471,0
                30.155432326,58.6704095860001,0
                30.115761875,58.709993076,0
                30.144763459,58.76814231,0
                30.1711339940001,58.810437468,0
                30.2767487780001,58.855460689,0
                30.390306814,58.892566764,0
                30.4985808710001,58.9270237900001,0
                30.583061124,58.9773066610001,0
                30.609403436,59.0460198000001,0
                30.604060883,59.1067757480001,0
                30.4693683150001,59.0749293220001,0
                30.3874901930001,59.0589928750001,0
                30.308293227,59.003431129,0
                30.226432038,58.9716434360001,0
                30.13928192,58.9504168380001,0
                30.0627329370001,58.894857921,0
                30.0020316810001,58.834033708,0
                29.938695124,58.7784889070001,0
                29.835701531,58.7413941180001,0
                29.772266195,58.778311106,0
                29.785381968,58.860220267,0
                29.843480399,58.8787724220001,0
                29.8777603190001,58.944852928,0
                29.811685466,58.973841464,0
                29.74556828,59.042455826,0
                29.7111592310001,59.105821835,0
                29.692592269,59.1692024770001,0
                29.618603082,59.187615812,0
                29.5023638920001,59.190132743,0
                29.4654514900001,59.1266928310001,0
                29.5262818730001,59.0580728200001,0
                29.547493301,58.9894104840001,0
                29.500010117,58.923315873,0
                29.481613184,58.8361188430001,0
                29.412955955,58.8122708880001,0
                29.309953895,58.7831017230001,0
                29.2915597840001,58.693263582,0
                29.357643103,58.6563494230001,0
                29.384157574,58.5639158550001,0
                29.304921791,58.5532644580001,0
                29.2732729200001,58.503038029,0
                29.199328887,58.479184425,0
                29.0910435440001,58.455291844,0
                28.9615891030001,58.460438062,0
                28.914103793,58.4049101950001,0
                28.940584395,58.3441791210001,0
                29.0119770950001,58.286137142,0
                29.0146949360001,58.21217282,0
                28.930228797,58.1486798130001,0
                28.7981468250001,58.1432564790001,0
                28.7982766490001,58.021735597,0
                28.724369305,57.9635406800001,0
                28.576481243,57.9158311830001,0
                28.4391329210001,57.899833184,0
                28.380935714,57.973740526,0
                28.396685362,58.068858069,0
                28.5128822180001,58.1059669640001,0
                28.512712885,58.2644702690001,0
                28.412260028,58.327765722,0
                28.306509082,58.4016199700001,0
                28.31169641,58.486161774,0
                28.538891506,58.4864044930001,0
                28.729069085,58.513023386,0
                28.787119535,58.576488172,0
                28.9455043070001,58.687609362,0
                29.0774924470001,58.772286631,0
                29.1619790410001,58.825210622,0
                29.219984335,58.9309423460001,0
                29.156551124,58.9572925900001,0
                28.9451882170001,58.983482505,0
                28.8236537560001,58.9939194130001,0
                28.776020992,59.0678380410001,0
                28.644049088,58.9593861820001,0
                28.567409793,58.988363432,0
                28.5014083180001,58.9486670480001,0
                28.4750660060001,58.8799539090001,0
                28.4328414020001,58.8402829280001,0
                28.3641757090001,58.824358305,0
                28.2849053630001,58.8374814790001,0
                28.242598914,58.8744210390001,0
                28.1844299300001,58.9219104000001,0
                28.060157872,59.0248039860001,0
                28.0019832420001,59.0775778600001,0
                27.9966294010001,59.148898251,0
                27.827487578,59.209476916,0
                27.8881916550001,59.2676600190001,0
                27.983222239,59.3311643110001,0
                28.0466441610001,59.315380802,0
                28.13114417,59.3471713150001,0
                28.2103630180001,59.373673959,0
                28.3212878790001,59.4054927020001,0
                28.4375129590001,59.4161836150001,0
                28.490299183,59.4585092840001,0
                28.574833058,59.4585995940001,0
                28.7386739670001,59.411223126,0
                28.907724785,59.4272527030001,0
                29.0503711980001,59.4326896150001,0
                29.1031496530001,59.4908642500001,0
                29.187649661,59.522654763,0
                29.314467408,59.5069389820001,0
                29.409577015,59.496473844,0
                29.594482597,59.5178048770001,0
                29.6842658890001,59.544318806,0
                29.742327629,59.597214567,0
                29.8532863570001,59.597333108,0
                29.958943474,59.602730503,0
                30.0329919280001,59.5288400950001,0
                30.0119759290001,59.4231501790001,0
                30.0648919770001,59.343954968,0
                30.1493976310001,59.370460968,0
                30.23386377,59.4339539750001,0
                30.34481121,59.4446392500001,0
                30.323548981,59.5608530360001,0
                30.149137985,59.6135004400001,0
                30.175480297,59.6822135790001,0
                30.265238885,59.740427722,0
                30.3127700480001,59.761611993,0
                30.3920227630001,59.7564144340001,0
                30.4818377980001,59.7617926130001,0
                30.608627321,59.772494813,0
                30.709023732,59.762035322,0
                30.819993749,59.751587129,0
                30.8781175760001,59.7463669960001,0
                30.9097354030001,59.8256525190001,0
                30.8462344600001,59.9154031680001,0
                30.7246887100001,59.9364068100001,0
                30.61375608,59.9204370320001,0
                30.497485845,59.952013057,0
                30.423471256,59.9942032610001,0
                30.30193467,60.0152069120001,0
                30.201179478,59.9841320400001,0
                30.0610519700001,60.0051776770001,0
                29.920163847,60.026337035,0
                29.818387892,60.0416237310001,0
                29.7685539020001,60.1519131630001,0
                29.619643997,60.1687300500001,0
                29.441811962,60.1130606400001,0
                29.334991352,60.1160961570001,0
                29.166064883,60.1208955500001,0
                29.0248743860001,60.1249091060001,0
                28.854334712,60.1045325850001,0
                28.6991981460001,60.0319389370001,0
                28.563071538,60.047353861,0
                28.375906484,60.0139968180001,0
                28.292826856,59.9991906660001,0
                28.0880346380001,59.99002691,0
                27.9013834620001,59.981675099,0
                27.7280536210001,59.905701638,0
                27.481631453,59.797686427,0
                27.305847194,59.72063374,0
                27.1367979,59.7031770940001,0
                26.9737585980001,59.6863407600001,0
                26.8509924740001,59.7089832010001,0
                26.7367308980001,59.730061053,0
                26.6594506960001,59.7956987520001,0
                26.5486907150001,59.889772398,0
                26.4310191650001,59.9637078270001,0
                26.265963588,60.0674168350001,0
                26.145558367,60.0586020760001,0
                26.038346232,60.0507520290001,0
                25.95155427,59.994456036,0
                25.8734515680001,59.9438043120001,0
                25.6720001960001,59.9464890530001,0
                25.545224924,59.948176968,0
                25.3339328000001,59.950993216,0
                25.0879414880001,59.954271754,0
                24.85769113,59.949311622,0
                24.6951694840001,59.9110606,0
                24.4952922300001,59.864014824,0
                24.245976958,59.8053324380001,0
                24.0147074330001,59.750897863,0
                23.8332972970001,59.708198844,0
                23.6369742320001,59.661988369,0
                23.3984222830001,59.6058417740001,0
                23.1790517040001,59.614481373,0
                22.932595394,59.624189255,0
                22.73566492,59.6319457320001,0
                22.596012149,59.6374452680001,0
                22.6023361490001,59.7558142440001,0
                22.609270757,59.8858340940001,0
                22.7361114770001,59.9258039220001,0
                22.8423250050001,59.95927606,0
                23.023087687,60.0162359440001,0
                23.0088978160001,60.10780078,0
                22.88202927,60.171068011,0
                22.8326260050001,60.255549204,0
                22.9944671150001,60.4247923360001,0
                22.931018608,60.4740375630001,0
                22.747768513,60.5583780540001,0
                22.529267394,60.670858111,0
                22.331962898,60.7199580450001,0
                22.212147895,60.776186787,0
                21.965545494,60.8111465860001,0
                21.796455167,60.832099434,0
                21.5920971240001,60.8882401480001,0
                21.4196297290001,60.939826768,0
                21.358506751,61.0250307370001,0
                21.2075225140001,61.079512778,0
                21.070764082,61.1288652280001,0
                20.961860035,61.049439873,0
                20.884441569,60.9929798040001,0
                20.7547180340001,60.898370426,0
                20.657999891,60.8278297590001,0
                20.5119593370001,60.766087451,0
                20.323734987,60.6865132180001,0
                20.1575550110001,60.6162579740001,0
                20.0067103700001,60.5915319440001,0
                19.781431486,60.5815583190001,0
                19.6092747320001,60.5739389650001,0
                19.4158223690001,60.516516557,0
                19.28082706,60.4764463920001,0
                19.1804401480001,60.4265565530001,0
                19.048999413,60.3612312400001,0
                18.9424153640001,60.3486722980001,0
                18.838094186,60.336381487,0
                18.7705301670001,60.4385018620001,0
                18.7276350020001,60.5033339810001,0
                18.6043094660001,60.535016999,0
                18.5118153130001,60.558779836,0
                18.367749163,60.5957916450001,0
                18.170837067,60.646380917,0
                17.9903213320001,60.6927545930001,0
                17.868837978,60.723965417,0
                17.751857366,60.7686660790001,0
                17.6602033,60.803692917,0
                17.5354679760001,60.8513585520001,0
                17.4195873200001,60.895641202,0
                17.326921708,60.8397535400001,0
                17.25345765,60.7954518600001,0
                17.1541534420001,60.7355622200001,0
                17.048530192,60.6984646220001,0
                16.963107548,60.698373362,0
                16.8205288670001,60.6295360440001,0
                16.7518913960001,60.5871934400001,0
                16.6515373170001,60.5580293940001,0
                16.548513375,60.5579193310001,0
                16.4666183210001,60.5578318400001,0
                16.384757135,60.5260418550001,0
                16.281733193,60.5259317920001,0
                16.1153861060001,60.4491457390001,0
                16.033530564,60.4120735330001,0
                15.9305313260001,60.3802632570001,0
                15.8222798480001,60.324670471,0
                15.801238449,60.242755136,0
                15.862063189,60.1794173470001,0
                15.9413109560001,60.187427643,0
                16.039000115,60.2324423960001,0
                16.136695619,60.280095982,0
                16.202699915,60.3171512530001,0
                16.2871942780001,60.354226279,0
                16.377014956,60.3543222370001,0
                16.437805827,60.3226869430001,0
                16.3877064000001,60.235456044,0
                16.3296305490001,60.1957681280001,0
                16.268958211,60.1164515670001,0
                16.2293893620001,60.0609321580001,0
                16.1977524750001,60.0080646270001,0
                16.1740687390001,59.920861949,0
                16.139843136,59.8125145160001,0
                16.097617836,59.764917901,0
                16.0105100530001,59.704065477,0
                15.915445601,59.672263677,0
                15.801873453,59.648365448,0
                15.6988833780001,59.6165551810001,0
                15.5589124730001,59.576779774,0
                15.426867191,59.5370128340001,0
                15.308031514,59.4999011210001,0
                15.2340846600001,59.478688629,0
                15.0994146690001,59.4257110250001,0
                14.938331115,59.362136165,0
                14.793071281,59.3329218550001,0
                14.700637181,59.309048498,0
                14.550082076,59.2877541620001,0
                14.4364845280001,59.2876328020001,0
                14.3043799810001,59.303340645,0
                14.222456703,59.3296711360001,0
                14.12995205,59.3718392960001,0
                14.092878781,59.458977066,0
                14.0294201720001,59.5091018890001,0
                13.934268231,59.5591928540001,0
                13.8444475540001,59.559096895,0
                13.7097239390001,59.5563118520001,0
                13.588212056,59.545615291,0
                13.4138575040001,59.5454290230001,0
                13.2844235170001,59.5400062260001,0
                13.1312091410001,59.529275796,0
                12.9779982810001,59.5238298880001,0
                12.8274093090001,59.534235757,0
                12.750755903,59.5764208510001,0
                12.6529559800001,59.6265089870001,0
                12.5340553890001,59.650158859,0
                12.454838667,59.6130894710001,0
                12.502468607,59.5418142450001,0
                12.507839382,59.454642607,0
                12.4709156930001,59.401767137,0
                12.3996104820001,59.377916353,0
                12.2860220960001,59.3777950030001,0
                12.1776831280001,59.404097273,0
                12.101032543,59.443641256,0
                12.1300221440001,59.5044315920001,0
                12.203943596,59.549420954,0
                12.201251153,59.5996106960001,0
                12.1668703290001,59.6365564330001,0
                12.1218679190001,59.718403504,0
                12.1402846070001,59.7871081760001,0
                12.1798111260001,59.88225112,0
                12.1691422590001,59.979983845,0
                12.1347388560001,60.038065341,0
                12.0580995600001,60.06704259,0
                11.9709289910001,60.0563827180001,0
                11.920778764,60.0167032680001,0
                11.857427398,59.9664429700001,0
                11.7650412780001,59.897659274,0
                11.799535689,59.7629672460001,0
                11.7758773520001,59.6519899890001,0
                11.720445967,59.6070203790001,0
                11.635923382,59.596363335,0
                11.5751381530001,59.622716408,0
                11.5618833940001,59.6623281180001,0
                11.540629632,59.7706162810001,0
                11.530000278,59.8313642900001,0
                11.516695412,59.926453085,0
                11.516622034,59.9951380030001,0
                11.4663786720001,60.042635831,0
                11.299924345,60.06623261,0
                11.2154462180001,60.0053829940001,0
                11.284169993,59.975517681,0
                11.334412414,59.9288994600001,0
                11.363545946,59.8549633590001,0
                11.337212102,59.7783245970001,0
                11.3478471010001,59.7122920750001,0
                11.3215132560001,59.635653313,0
                11.26869034,59.6276735380001,0
                11.1947209090001,59.6275945150001,0
                11.131279233,59.6618680920001,0
                11.025574138,59.7013810350001,0
                10.978065552,59.6590632950001,0
                10.956967014,59.6220559970001,0
                10.921001012,59.496096225,0
                10.836467138,59.4960059140001,0
                10.751858005,59.566359736,0
                10.70950828,59.643807021,0
                10.681218851,59.7424005280001,0
                10.7092900280001,59.8481002720001,0
                10.7091545600001,59.9749033750001,0
                10.5471236650001,59.974730272,0
                10.462717732,59.854880586,0
                10.4840213520001,59.6999228710001,0
                10.4559727540001,59.5730896580001,0
                10.4068404220001,59.403966935,0
                10.3646939020001,59.291206129,0
                10.3436929550001,59.1714264710001,0
                10.2521732700001,59.1149719530001,0
                10.132446943,59.079620794,0
                9.97750133100004,59.0512757440001,0
                9.84369213000002,59.0159118300001,0
                9.70984530100003,59.015768838,0
                9.58996092800004,59.1283542510001,0
                9.47016097700003,59.17049325,0
                9.33631414900003,59.1703502570001,0
                9.32229737600005,59.0998887800001,0
                9.23077769100007,59.0434342630001,0
                9.15328983300003,59.0433514800001,0
                9.05476176300004,58.9516662240001,0
                8.93507470000003,58.8881378790001,0
                8.82235675800007,58.8880174590001,0
                8.70967644700005,58.8526738290001,0
                8.61815676300006,58.7962193110001,0
                8.49848193100007,58.7212423350001,0
                8.39990400100004,58.6762266310001,0
                8.28714724400004,58.7210165610001,0
                8.18147531900007,58.7209036680001,0
                8.11817851800004,58.619568911,0
                8.08307801300003,58.506817923,0
                7.98445962900007,58.499668833,0
                7.87874418800004,58.548866613,0
                7.78716429500003,58.548768776,0
                7.67444635400005,58.5486483560001,0
                7.66045968400005,58.4500096830001,0
                7.69581018200006,58.3373339600001,0
                7.59722190400004,58.302005384,0
                7.50559685700006,58.3441744840001,0
                7.46322455500007,58.442755237,0
                7.36455349200003,58.4849168100001,0
                7.33649147800003,58.379217075,0
                7.23796340700005,58.287531819,0
                7.17452079000003,58.3226872930001,0
                7.17433263900006,58.4988033500001,0
                7.14606136300006,58.5877102480001,0
                7.18566932800007,58.6036031850001,0
                7.20413036500003,58.632681925,0
                7.20405416500006,58.7040085240001,0
                7.21452511100006,58.7938384930001,0
                7.25410020000004,58.841431893,0
                7.30429299200006,58.841485515,0
                7.33603603600005,58.8018934930001,0
                7.35726015500006,58.7173808430001,0
                7.41015393900005,58.6619610440001,0
                7.49467787800006,58.67261826,0
                7.57391554400004,58.6859115560001,0
                7.61349345400004,58.7308632300001,0
                7.63718432000007,58.8101404060001,0
                7.70321335600005,58.8234195910001,0
                7.75608174100006,58.7917753250001,0
                7.77729457000004,58.7178295780001,0
                7.83543229600002,58.699399586,0
                7.89354744200006,58.702103402,0
                7.96750165600002,58.7153910540001,0
                7.98596833700003,58.739186342,0
                8.00968178100004,58.7973297120001,0
                8.01488338800004,58.8739454070001,0
                8.10203494200005,58.8978140740001,0
                8.11516172600005,58.9744382360001,0
                8.05699860200002,59.0166437600001,0
                7.91163312100002,59.0825316840001,0
                7.90364585500004,59.1406411880001,0
                7.85599601100006,59.2330507930001,0
                7.84535572900006,59.301724377,0
                7.84793818800006,59.3572034430001,0
                7.83468722500004,59.3968152200001,0
                7.81878889200004,59.441707627,0
                7.76063987800006,59.4707045220001,0
                7.75002217400004,59.5182442990001,0
                7.71299567800003,59.557830677,0
                7.69180542700008,59.6106426160001,0
                7.69170947000003,59.7004612960001,0
                7.77889489200004,59.6926292520001,0
                7.82905099400006,59.727025311,0
                7.82633306800005,59.7983490880001,0
                7.93992445800006,59.8011121700001,0
                7.98755737000005,59.7245529190001,0
                8.00615105100007,59.6294705430001,0
                8.07486696900003,59.600484937,0
                8.16470822700006,59.579447085,0
                8.25451844000003,59.5874682190001,0
                8.31791421700007,59.5928194040001,0
                8.38129870500006,59.608737493,0
                8.37596445300005,59.6562829150001,0
                8.36797154100003,59.7196758690001,0
                8.43398646600002,59.7461636840001,0
                8.53701377500005,59.746273751,0
                8.61627119600007,59.741074966,0
                8.67440045500007,59.730570152,0
                8.74829822400005,59.7966923220001,0
                8.79314829700007,59.852216544,0
                8.76403851200007,59.8997365650001,0
                8.72436746800003,59.941961845,0
                8.64769815100004,59.9973562440001,0
                8.67138619500003,60.079275146,0
                8.76119358500006,60.0899380060001,0
                8.82988974800003,60.0794444810001,0
                8.88530672400003,60.1349799910001,0
                8.87469748700005,60.17459459,0
                8.81385030300004,60.256423182,0
                8.77413128100005,60.3435578030001,0
                8.86920519000006,60.370076661,0
                8.94318198200006,60.3622305060001,0
                8.98812236600003,60.3332195,0
                9.09384784600007,60.2804978710001,0
                9.13882774200005,60.2145027020001,0
                9.23393551900006,60.209320851,0
                9.32368364300004,60.275459954,0
                9.43468128600006,60.233310874,0
                9.43727785600004,60.2755813100001,0
                9.45038770700006,60.368055827,0
                9.44238632900004,60.4393739590001,0
                9.34990899000007,60.4551255370001,0
                9.23101439100003,60.4708488910001,0
                9.12796168100004,60.4945143570001,0
                9.03283132800004,60.520830016,0
                8.96144828400003,60.573588333,0
                8.89798477300008,60.6316385690001,0
                8.83450150800007,60.708180886,0
                8.85819801800005,60.7821746110001,0
                8.95066406900003,60.7769899370001,0
                9.02728540800007,60.7665048790001,0
                9.08808743700007,60.7269439020001,0
                9.14095864300003,60.69265791,0
                9.19645464300004,60.674225096,0
                9.27569230800003,60.6875183920001,0
                9.30734504100008,60.732461599,0
                9.31255793600008,60.798510391,0
                9.26759779700006,60.8460134790001,0
                9.19889599000004,60.8617904550001,0
                9.11698555400005,60.877553322,0
                9.02184673300007,60.9117941580001,0
                9.02178746600003,60.9672704010001,0
                9.00323329600008,61.025368615,0
                8.96622937800004,61.0438211850001,0
                8.90542170400005,61.088665613,0
                8.80494863200005,61.1704518710001,0
                8.76525783200003,61.2311692330001,0
                8.81803872700004,61.2814184690001,0
                8.91841020000004,61.2947343440001,0
                9.04523279800003,61.27637773,0
                9.13242386300004,61.2632622340001,0
                9.19326822500005,61.184075369,0
                9.25675431400003,61.1048913270001,0
                9.36242617100004,61.1023624900001,0
                9.40465427400005,61.139391808,0
                9.48390040700002,61.1447599270001,0
                9.55259656800007,61.134266401,0
                9.64770152200003,61.1317262750001,0
                9.75865965400004,61.1265613580001,0
                9.82731630500007,61.1530519950001,0
                9.89592215600004,61.227093697,0
                9.89321834000003,61.2852088450001,0
                9.91957633200008,61.3407133110001,0
                10.0146699970001,61.348740089,0
                10.054256374,61.3857665850001,0
                10.072683544,61.446546035,0
                10.0462154850001,61.49406888,0
                9.98542192300005,61.5257046790001,0
                9.91406710200005,61.5520457380001,0
                9.81366740700003,61.5651471210001,0
                9.70798426000005,61.5782428620001,0
                9.62573543800005,61.5916561780001,0
                9.53095758100005,61.607112757,0
                9.45170016000003,61.612311542,0
                9.44899070100007,61.6757101410001,0
                9.44893990100007,61.7232612070001,0
                9.38816609400004,61.7364049240001,0
                9.33267573900002,61.7495542870001,0
                9.26923198400004,61.789112442,0
                9.22164140800004,61.8260458030001,0
                9.15027247500007,61.8655954910001,0
                9.04459779500007,61.8707660540001,0
                8.91511936000006,61.902328476,0
                8.96257164700006,61.994839681,0
                8.91229136700002,62.076679561,0
                8.82769122700006,62.137348945,0
                8.86986853000008,62.221929329,0
                8.96235433500004,62.1982525750001,0
                9.05220970400006,62.1640060940001,0
                9.15789849500004,62.145626903,0
                9.21604186500002,62.1219134580001,0
                9.31653187200004,62.0242768460001,0
                9.43021357400005,61.942504699,0
                9.52275582500005,61.865993427,0
                9.55190229900006,61.784130969,0
                9.63907925300003,61.7842241020001,0
                9.71043407400003,61.757883044,0
                9.76860566600004,61.7077523410001,0
                9.84522418400007,61.6999090080001,0
                9.93234751500006,61.750194934,0
                10.0037446700001,61.684227988,0
                10.117361461,61.663215537,0
                10.1808165040001,61.6130904780001,0
                10.270708563,61.5445015610001,0
                10.315713859,61.4547308590001,0
                10.405588983,61.401992298,0
                10.484936716,61.312258285,0
                10.5801771380001,61.182915317,0
                10.683255247,61.135474318,0
                10.8232638970001,61.1382656220001,0
                10.9130910430001,61.1304364000001,0
                11.0056276490001,61.0592085800001,0
                11.113992034,61.009131499,0
                11.174709395,61.0488222990001,0
                11.142921195,61.130681935,0
                11.1164220920001,61.2072637630001,0
                11.1454161660001,61.268054503,0
                11.126859172,61.328794443,0
                11.0554648410001,61.3921196630001,0
                10.973500782,61.4580753220001,0
                10.907404012,61.5081975570001,0
                10.8730164200001,61.550428482,0
                10.8359645240001,61.6137903920001,0
                10.7566478360001,61.674465421,0
                10.674647088,61.7747635150001,0
                10.632314563,61.8354780550001,0
                10.671915051,61.8592959210001,0
                10.7326380580001,61.8937032690001,0
                10.758970649,61.9729832680001,0
                10.7536194640001,62.036379045,0
                10.6822477100001,62.078570459,0
                10.579149844,62.144503539,0
                10.5130587190001,62.1893423220001,0
                10.512988163,62.2553854700001,0
                10.539300999,62.35315755,0
                10.5788535090001,62.421884757,0
                10.658085531,62.440461505,0
                10.7162458330001,62.400897705,0
                10.798091358,62.445894535,0
                10.8931314010001,62.5041141040001,0
                10.96970194,62.5411801120001,0
                11.025090694,62.6231328810001,0
                11.117573678,62.602097852,0
                11.199467181,62.602185342,0
                11.265482105,62.628673157,0
                11.3895980660001,62.6710734160001,0
                11.4847227760001,62.6500412090001,0
                11.540252642,62.5999076840001,0
                11.519209146,62.5153498780001,0
                11.4188574300001,62.483541922,0
                11.336980861,62.467604077,0
                11.26037081,62.4675222330001,0
                11.1758779150001,62.4278060340001,0
                11.125735924,62.380201345,0
                11.049120228,62.3854029510001,0
                10.95141306,62.350956092,0
                11.012333622,62.2004426280001,0
                11.0361966450001,62.1185745270001,0
                11.0917236880001,62.071082727,0
                11.173724436,61.9707846330001,0
                11.202887843,61.8730718200001,0
                11.2690128350001,61.796532325,0
                11.298136732,61.7358036740001,0
                11.3431025150001,61.6830171340001,0
                11.343198472,61.593198455,0
                11.43044316,61.529890166,0
                11.4833002560001,61.5088128040001,0
                11.559791772,61.6198471370001,0
                11.604602334,61.7123555200001,0
                11.525243312,61.812656437,0
                11.5251699350001,61.88134131,0
                11.49867083,61.9579231380001,0
                11.456383461,61.976370064,0
                11.403506609,62.015939507,0
                11.4272031200001,62.0899332320001,0
                11.4747287860001,62.1137595650001,0
                11.495800504,62.1719001120001,0
                11.566176913,62.237137944,0
                11.6295106000001,62.300607099,0
                11.7281801890001,62.2584448480001,0
                11.770349965,62.3500698350001,0
                11.7702220240001,62.4698280750001,0
                11.6987731290001,62.584226663,0
                11.7436598900001,62.605408448,0
                11.8123419410001,62.6081235520001,0
                11.8440708740001,62.58174016,0
                11.875825208,62.531581235,0
                11.947228007,62.4603308360001,0
                12.055558524,62.4419544670001,0
                12.1744361880001,62.442081467,0
                12.3144335490001,62.455439675,0
                12.3434106890001,62.5320807700001,0
                12.4173395020001,62.5691439560001,0
                12.4860102640001,62.582425963,0
                12.5758289450001,62.582521919,0
                12.6498113810001,62.569392312,0
                12.731733105,62.5430625430001,0
                12.8215433190001,62.5510836760001,0
                12.8214840520001,62.6065599190001,0
                12.8504809470001,62.664708934,0
                12.9481711820001,62.715006148,0
                12.9058245460001,62.7889293170001,0
                12.829166517,62.833756813,0
                12.752508489,62.878584308,0
                12.7947337690001,62.9182553520001,0
                12.871315598,62.9447544550001,0
                12.982228574,62.981857152,0
                13.0456271730001,62.984566611,0
                13.143362563,62.9925962120001,0
                13.235825791,62.990053264,0
                13.4048793150001,63.006084242,0
                13.4920957800001,62.969193213,0
                13.6004291200001,62.9481751170001,0
                13.698161688,62.9588464440001,0
                13.7641342800001,63.0249601470001,0
                13.742059689,63.0812934480001,0
                13.643416442,63.0987995900001,0
                13.558858635,63.1198430860001,0
                13.5658355050001,63.183252032,0
                13.417902617,63.179571686,0
                13.319315814,63.1442433110001,0
                13.252395855,63.140649513,0
                13.146726819,63.140536624,0
                13.062232984,63.1017009990001,0
                12.9002108920001,63.0980056010001,0
                12.907187762,63.161414549,0
                12.8930308230001,63.224800918,0
                12.8155063300001,63.2564188430001,0
                12.7309711020001,63.2563285320001,0
                12.660566471,63.217507959,0
                12.614738926,63.2526820520001,0
                12.5266813960001,63.2525879780001,0
                12.4456684690001,63.2525014290001,0
                12.371692619,63.259467009,0
                12.325872599,63.2875964990001,0
                12.241337371,63.2875061880001,0
                12.1885781130001,63.21700372,0
                12.1111025390001,63.2028317290001,0
                12.022999853,63.245005269,0
                12.0229321200001,63.3084066900001,0
                12.065143289,63.361286363,0
                12.1073281180001,63.4388221460001,0
                12.026307665,63.4457801990001,0
                11.945290975,63.449215952,0
                11.8960239140001,63.4068956560001,0
                11.8467418010001,63.3786645650001,0
                11.7763033040001,63.3715447020001,0
                11.681197409,63.374965403,0
                11.6212994740001,63.392512939,0
                11.5437749810001,63.4241308640001,0
                11.4486540350001,63.4416407690001,0
                11.3253810190001,63.434464463,0
                11.2126749080001,63.4272994450001,0
                11.089435759,63.3884224280001,0
                11.1352745930001,63.3426814310001,0
                11.205792113,63.2758329690001,0
                11.2692424530001,63.2301107870001,0
                11.336233909,63.1667808620001,0
                11.4419292850001,63.142237643,0
                11.537016366,63.156428448,0
                11.639185678,63.1354037670001,0
                11.678025065,63.0473876300001,0
                11.6675597610001,62.95227421,0
                11.600643565,62.9451581110001,0
                11.512567221,62.9626755420001,0
                11.449143222,62.983741616,0
                11.3610518250001,63.0153482520001,0
                11.279993743,63.057529318,0
                11.216569744,63.0785953910001,0
                11.160280658,63.0151337630001,0
                11.2378427800001,62.9482928250001,0
                11.294274859,62.8779070090001,0
                11.2978498420001,62.828598556,0
                11.230944934,62.810915553,0
                11.1780821950001,62.8372763680001,0
                11.067101485,62.8635750920001,0
                10.9930767160001,62.9163305880001,0
                10.887351236,62.9690522160001,0
                10.7605540370001,62.9636332970001,0
                10.6548906470001,62.9582369560001,0
                10.5492554780001,62.9264233550001,0
                10.4700375680001,62.894637978,0
                10.390825303,62.857569149,0
                10.3221347850001,62.8627792230001,0
                10.279771216,62.952552747,0
                10.200502506,62.9683184350001,0
                10.0790113370001,62.9417713540001,0
                10.0050655910001,62.9205585240001,0
                9.96287135400007,62.8518284950001,0
                9.89433888200006,62.7091019200001,0
                9.81515483900006,62.645615831,0
                9.73593692900005,62.613830453,0
                9.66187264800004,62.70357011,0
                9.77799569800004,62.8093633240001,0
                9.72512166900003,62.8462910420001,0
                9.63529170000004,62.8567619890001,0
                9.57717937500007,62.8514164490001,0
                9.52432792400003,62.8672103600001,0
                9.49251432400007,62.9728455280001,0
                9.46072894600007,63.0520634380001,0
                9.37613162900004,63.1100910960001,0
                9.25989004600007,63.1152503700001,0
                9.23352358700004,63.0676710810001,0
                9.12259367800004,63.04641874,0
                8.99050738300002,63.046277628,0
                8.89541654000004,63.0356091240001,0
                8.82152159400005,62.9668452280001,0
                8.74749682400005,63.019600724,0
                8.64707737300006,63.05119419,0
                8.58890296000004,63.1039666180001,0
                8.60994645500006,63.1885244250001,0
                8.75255449700006,63.230944439,0
                8.92688582700004,63.252264514,0
                9.12759490500002,63.310596973,0
                9.21739100800005,63.331826736,0
                9.32966132400003,63.3730372910001,0
                9.43392786300006,63.4113099350001,0
                9.52896226200005,63.474812957,0
                9.61869063100005,63.559444141,0
                9.63802189400008,63.598210151,0
                9.61507801700003,63.6439756070001,0
                9.57984183600007,63.656266031,0
                9.44421818800004,63.670210362,0
                9.46000645400005,63.728345264,0
                9.48102737200003,63.8340368770001,0
                9.54435541500004,63.902789484,0
                9.66054055300003,63.950464728,0
                9.75034794500004,63.9611275880001,0
                9.86655001700007,63.9929524770001,0
                9.91928293400002,64.088111053,0
                9.97732188100002,64.1621414680001,0
                10.088184056,64.246795229,0
                10.225463491,64.3314772140001,0
                10.3310591480001,64.400274977,0
                10.4049089390001,64.5113064860001,0
                10.542239174,64.5484374050001,0
                10.721837023,64.5856134790001,0
                10.7798985480001,64.6385100860001,0
                10.8643829760001,64.686151463,0
                10.9805624700001,64.7391101590001,0
                11.1231705120001,64.7815301740001,0
                11.2552398730001,64.7975216410001,0
                11.408414819,64.8399529450001,0
                11.487604506,64.8981555810001,0
                11.54567732,64.9404852850001,0
                11.656612873,64.956454174,0
                11.8520610780001,64.9936471820001,0
                11.989425179,64.9990773900001,0
                12.084532956,64.9938955380001,0
                12.190207636,64.9887249760001,0
                12.338175329,64.959824036,0
                12.303940138,64.859401764,0
                12.211584155,64.761559128,0
                12.261824925,64.71670341,0
                12.3463714420001,64.7062268180001,0
                12.441439707,64.738029129,0
                12.570833475,64.7857184850001,0
                12.6817238730001,64.8439549880001,0
                12.729193094,64.920615839,0
                12.792526782,64.9840849930001,0
                12.818924285,65.0026052970001,0
                12.8875837580001,65.0264542080001,0
                12.950942846,65.0661478310001,0
                13.0460111100001,65.0979501410001,0
                13.1674655900001,65.1588396600001,0
                13.2546679440001,65.13515726,0
                13.2415383370001,65.061174824,0
                13.135928569,65.0055856920001,0
                13.0382524450001,64.942079848,0
                12.951120646,64.899719099,0
                12.8851960330001,64.788696056,0
                12.982965291,64.765024946,0
                13.05426649,64.78887668,0
                13.1308342070001,64.828584413,0
                13.265522716,64.865712509,0
                13.3474331520001,64.8499496420001,0
                13.437285698,64.8183448880001,0
                13.564136519,64.7735710150001,0
                13.712047768,64.797504594,0
                13.801824115,64.8372264380001,0
                13.8889559140001,64.879587185,0
                13.986637682,64.937809578,0
                14.039376244,65.027684703,0
                14.1239368720001,65.0039994810001,0
                14.2190644040001,64.9803255480001,0
                14.3115417440001,64.964573971,0
                14.419866616,64.9514810540001,0
                14.525589273,64.9014011510001,0
                14.668287627,64.859285938,0
                14.8136023060001,64.840949079,0
                14.8848978610001,64.8700842640001,0
                15.0036908590001,64.949463042,0
                14.9745980070001,64.9811327080001,0
                14.900584527,65.023321299,0
                14.8371492380001,65.054954277,0
                14.7869338690001,65.0760344610001,0
                14.7076538700001,65.1023670530001,0
                14.6257377900001,65.1234133710001,0
                14.5147373240001,65.1682041770001,0
                14.5463731240001,65.228997738,0
                14.593893145,65.2581075240001,0
                14.675800759,65.2449863840001,0
                14.784131276,65.2266100140001,0
                14.879250341,65.2108612590001,0
                14.9453414660001,65.166022475,0
                15.035225058,65.105358736,0
                15.088099087,65.0684310180001,0
                15.185865522,65.047401633,0
                15.2756531580001,65.0765565740001,0
                15.360168631,65.0951389670001,0
                15.4155968960001,65.1401075740001,0
                15.4895398200001,65.1639621300001,0
                15.505316798,65.2326639350001,0
                15.5026101610001,65.2934208090001,0
                15.5607055520001,65.314616705,0
                15.695419461,65.3279692680001,0
                15.8671288210001,65.33079444,0
                15.848569007,65.394176105,0
                15.848481517,65.4760696070001,0
                15.7401538230001,65.4918042510001,0
                15.6265624320001,65.4890411700001,0
                15.5235294780001,65.4942145540001,0
                15.4310803610001,65.483548872,0
                15.338611488,65.491375272,0
                15.288410229,65.499246827,0
                15.2434924230001,65.507124027,0
                15.1483394900001,65.554573492,0
                15.082259655,65.5888453730001,0
                15.050510966,65.6337208460001,0
                15.127030705,65.7183379190001,0
                15.1851768970001,65.691982749,0
                15.2459930370001,65.6392131430001,0
                15.356976569,65.6102726930001,0
                15.396540368,65.668432995,0
                15.47844516,65.6579535810001,0
                15.565639047,65.6421963600001,0
                15.6475777050001,65.6000162350001,0
                15.75059937,65.6054097530001,0
                15.7108182590001,65.750662343,0
                15.811206665,65.748127862,0
                15.9142424410001,65.7403127520001,0
                16.014639313,65.729853093,0
                16.099123741,65.7774944710001,0
                16.096400171,65.8541017000001,0
                16.1624658960001,65.8330384480001,0
                16.244393265,65.801425227,0
                16.347445975,65.7777597610001,0
                16.447806158,65.8016425390001,0
                16.4847366990001,65.851874842,0
                16.4793460010001,65.9522547810001,0
                16.5506359120001,65.9866734180001,0
                16.656344458,65.949802145,0
                16.7910978780001,65.926170546,0
                16.910015054,65.889313384,0
                17.0606301190001,65.855131815,0
                17.1848166360001,65.8314889270001,0
                17.282529449,65.8606523350001,0
                17.2930229740001,65.929348496,0
                17.1767559910001,65.958283302,0
                17.100112074,65.9899021690001,0
                17.0577710810001,66.0585418860001,0
                17.036546963,66.1430545360001,0
                16.9994499110001,66.2486840610001,0
                16.9307198820001,66.2908782970001,0
                16.9200796000001,66.3595518810001,0
                17.020428494,66.394001562,0
                17.0520106720001,66.5049879160001,0
                17.1101709750001,66.4654241170001,0
                17.157741796,66.4469828360001,0
                17.244907461,66.457642874,0
                17.2659791790001,66.515783421,0
                17.3558317260001,66.484178666,0
                17.4298113400001,66.473690784,0
                17.524919116,66.4685089340001,0
                17.6253103440001,66.4633327270001,0
                17.693966995,66.4898233640001,0
                17.7837630970001,66.5110531270001,0
                17.894882119,66.505888381,0
                17.9739560730001,66.521823231,0
                18.0690469150001,66.5324917350001,0
                18.238111727,66.53795581,0
                18.375481473,66.5381025660001,0
                18.5339680920001,66.554122255,0
                18.655504417,66.538401723,0
                18.7435111460001,66.586046863,0
                18.709994722,66.637084482,0
                18.650061038,66.6880938790001,0
                18.572536545,66.719711804,0
                18.524953494,66.7496005630001,0
                18.482668947,66.765405763,0
                18.3928314520001,66.782921313,0
                18.2871567720001,66.7880918750001,0
                18.1638762310001,66.7879601710001,0
                18.0529237440001,66.787841637,0
                17.936687804,66.787717458,0
                17.850363203,66.814042525,0
                17.7517067850001,66.8438767220001,0
                17.695295403,66.894889881,0
                17.6705828500001,66.9476980580001,0
                17.6159138040001,67.0163246050001,0
                17.582414312,67.051511868,0
                17.584096441,67.125482074,0
                17.6668611110001,67.134376257,0
                17.75315749,67.13446845,0
                17.8588491040001,67.1134475330001,0
                17.8712505350001,67.04477583,0
                17.9663658380001,67.0325493760001,0
                18.0825904880001,67.0432404580001,0
                18.149497277,67.05916231,0
                18.170576521,67.1102582550001,0
                18.1247320420001,67.161282704,0
                18.1017768770001,67.217615063,0
                18.1316825700001,67.249347759,0
                18.2391146370001,67.247701379,0
                18.3060383600001,67.2477728750001,0
                18.3958570400001,67.2478688310001,0
                18.448723543,67.217985717,0
                18.522746431,67.166991372,0
                18.589711546,67.1283175560001,0
                18.624998528,67.0684760650001,0
                18.7025512440001,67.0104408810001,0
                18.8381767720001,66.9947354000001,0
                19.024843683,67.0090240430001,0
                19.2027123660001,67.0162586760001,0
                19.2924971800001,67.048055343,0
                19.2871365870001,67.1202568720001,0
                19.2219627260001,67.1307541610001,0
                19.151507296,67.1394846540001,0
                19.0599180570001,67.1481925690001,0
                19.00705908,67.1710310830001,0
                18.9823333570001,67.2361673130001,0
                18.9365114560001,67.2660579550001,0
                18.904786286,67.288919046,0
                18.8695275260001,67.3223432770001,0
                18.8606784990001,67.3628403340001,0
                18.9134640980001,67.408686693,0
                18.97862667,67.4087563090001,0
                19.0138816670001,67.3788543790001,0
                19.0720335030001,67.3472157570001,0
                19.131925794,67.334951673,0
                19.190058815,67.3209245580001,0
                19.256991945,67.312190301,0
                19.3432883240001,67.312282494,0
                19.415501142,67.307076184,0
                19.589858813,67.3037401500001,0
                19.6550006900001,67.3231824210001,0
                19.661951217,67.4112474770001,0
                19.681241088,67.488758799,0
                19.751681467,67.4941175100001,0
                19.822153832,67.4695366620001,0
                19.9067417420001,67.420314757,0
                19.996601814,67.3816654,0
                20.095265759,67.3447866010001,0
                20.1938920740001,67.3431308140001,0
                20.2995648720001,67.3397214020001,0
                20.398178016,67.350393669,0
                20.359312287,67.4630659140001,0
                20.230727598,67.482301222,0
                20.2007278310001,67.5386260560001,0
                20.2376273260001,67.617917343,0
                20.235802204,67.677794582,0
                20.28505045,67.7377263830001,0
                20.3166533240001,67.8293400810001,0
                20.3130661110001,67.8900960130001,0
                20.2892595340001,67.919129598,0
                20.246935475,67.97191896,0
                20.244228837,68.032675833,0
                20.281159378,68.0829081360001,0
                20.355065613,68.141105128,0
                20.402594101,68.1622897350001,0
                20.500343603,68.1571107060001,0
                20.5769592980001,68.1519090990001,0
                20.6958454300001,68.144110922,0
                20.8332236430001,68.1363325010001,0
                20.8991821230001,68.215654833,0
                20.9968808240001,68.2580268710001,0
                21.0311696380001,68.3082563510001,0
                20.9703534980001,68.361025957,0
                20.8672584560001,68.424317311,0
                20.970195453,68.5089626070001,0
                21.044217401,68.4588488380001,0
                21.1736704360001,68.4510619490001,0
                21.2264654430001,68.4881025560001,0
                21.213169323,68.5699819480001,0
                21.5037704600001,68.5597254900001,0
                21.524850644,68.6099408600001,0
                21.474581652,68.681213836,0
                21.3345617140001,68.6889894350001,0
                21.2129802330001,68.7469775820001,0
                21.160094916,68.7944722030001,0
                21.041172095,68.8366128170001,0
                20.9777170520001,68.8867378750001,0
                21.043652954,68.9871940140001,0
                21.151997581,68.955609016,0
                21.289409662,68.9161298830001,0
                21.4294098440001,68.9268463660001,0
                21.5918961240001,68.929895876,0
                21.7279192250001,68.93244873,0
                21.741062943,68.9932225360001,0
                21.700082669,69.055942251,0
                21.5923288860001,69.0621602750001,0
                21.449509735,69.070401776,0
                21.270751068,69.071971955,0
                21.2178855060001,69.1009744950001,0
                21.248599337,69.2005124300001,0
                21.3013698840001,69.260447995,0
                21.42109802,69.288754345,0
                21.5338003690001,69.299441664,0
                21.6042652080001,69.2819054180001,0
                21.685323291,69.2397243520001,0
                21.7910224300001,69.2116588320001,0
                21.8615060830001,69.1765110800001,0
                21.9636565810001,69.1730979050001,0
                22.0763476400001,69.1943521270001,0
                22.153838267,69.1944349130001,0
                22.245455727,69.159309738,0
                22.294794285,69.134706312,0
                22.3300511630001,69.1030432310001,0
                22.3617932660001,69.064331785,0
                22.411158164,69.015072251,0
                22.474570875,69.0045730800001,0
                22.5450319500001,68.9905591350001,0
                22.6260486400001,68.987123383,0
                22.7034451920001,69.0752636970001,0
                22.735100747,69.1175651780001,0
                22.798457012,69.1599005260001,0
                22.861832093,69.1846243680001,0
                22.925218462,69.198781307,0
                22.9991642090001,69.2199941360001,0
                23.083676859,69.241218254,0
                23.1540739650001,69.2870834300001,0
                23.1962813700001,69.3434854050001,0
                23.231406545,69.435102865,0
                23.27713249,69.495030904,0
                23.382763895,69.530366805,0
                23.446090057,69.600880562,0
                23.505931547,69.636167544,0
                23.601048731,69.6221799400001,0
                23.6328209390001,69.555290084,0
                23.6927565030001,69.5025195380001,0
                23.823077884,69.506181069,0
                23.886415334,69.5661279220001,0
                23.865194979,69.6471182720001,0
                23.8193222780001,69.724559979,0
                23.8509402030001,69.802084472,0
                23.9424635890001,69.855016827,0
                24.0904002390001,69.8551748730001,0
                24.210162241,69.8517805120001,0
                24.280668473,69.795498953,0
                24.277236483,69.7109599620001,0
                24.2526481090001,69.6475321990001,0
                24.1998587460001,69.605208141,0
                24.231634716,69.5347959840001,0
                24.326748137,69.524330681,0
                24.432405884,69.535010474,0
                24.6436875100001,69.5880707700001,0
                24.812678944,69.6622197180001,0
                24.939391475,69.7468904130001,0
                25.119040124,69.7365154220001,0
                25.214063233,69.810585347,0
                25.3725893640001,69.789620874,0
                25.552215436,69.8003796890001,0
                25.7002085300001,69.747703217,0
                25.8798458900001,69.747895129,0
                25.9961044070001,69.7268855,0
                26.161641273,69.7376292640001,0
                26.2321475050001,69.6813477050001,0
                26.3061195920001,69.6779044260001,0
                26.376527986,69.713202697,0
                26.4892152830001,69.737979221,0
                26.623055202,69.745166817,0
                26.7498505190001,69.7523468860001,0
                26.883679149,69.7701013860001,0
                27.09501722,69.770327164,0
                27.204155874,69.819756032,0
                27.235751221,69.918414333,0
                27.270887685,69.9994648890001,0
                27.365963476,70.024222599,0
                27.4716212220001,70.0349023910001,0
                27.609013546,70.01391534,0
                27.594961971,69.978677276,0
                27.5950598090001,69.887097446,0
                27.595146357,69.8060845190001,0
                27.704367797,69.778022762,0
                27.764201761,69.820354347,0
                27.809931469,69.8767600850001,0
                27.8380571970001,69.9261024050001,0
                27.8379744110001,70.00359303,0
                27.9401324350001,69.993135253,0
                28.0422415400001,70.028467391,0
                28.158447375,70.0567699790001,0
                28.1620750390001,69.9581493090001,0
              </coordinates>
            </LinearRing>
          </outerBoundaryIs>
        </Polygon>
      </Placemark>
    </Document>
  </Document>
</kml>
